dyad_id,filename,shape,moyenne,écart-type,minimum,maximum,peak_to_peak,max_absolute,95_percentile,99_percentile,99_9_percentile,n_above_threshold,n_nan,n_inf,relative_amplitude_score,is_outlier_relative
J1,J1_E000_C1_YF_S6_5A15.npy,"(2, 32, 5120)",-3.479620145070521e-07,1.9936233937965865e-05,-0.00014631271187681705,0.00022468836687039584,0.0003710010787472129,0.00022468836687039584,3.8266500996542154e-05,7.756481551041377e-05,0.0001532040152669645,0,0,0,0.2694178875824253,False
J1,J1_E001_C1_YF_S6_25A35.npy,"(2, 32, 5120)",1.0781015984035153e-07,1.4423952465407165e-05,-9.822230640565977e-05,0.00020523465354926884,0.0003034569599549286,0.00020523465354926884,2.6389286722405815e-05,5.243482901278186e-05,0.00011172293568961216,0,0,0,0.08090887579958209,False
J1,J1_E002_C2_YO_S7_5A15.npy,"(2, 32, 5120)",-4.702236740477875e-07,2.8436867645396688e-05,-0.00034709504689089954,0.000546187860891223,0.0008932829077821225,0.000546187860891223,4.9599059457250386e-05,0.00010612633705022763,0.000268153810000512,0,0,0,2.118380636589083,False
J1,J1_E003_C2_YO_S7_25A35.npy,"(2, 32, 5120)",1.601446993529335e-07,1.4457889627270882e-05,-0.00011139678827021271,0.00020619646238628775,0.00031759325065650046,0.00020619646238628775,2.5310259479738297e-05,5.400119956902927e-05,0.0001180820853842305,0,0,0,0.09064118855177485,False
J1,J1_E004_C3_YF_S11_5A15.npy,"(2, 32, 5120)",-5.101636824754273e-07,2.8243121949160724e-05,-0.0004786821373272687,0.000346066226484254,0.0008247483638115227,0.0004786821373272687,3.4778309964167395e-05,8.479891017486824e-05,0.00033160319621674693,0,0,0,1.8437653524162159,False
J1,J1_E005_C3_YO_S11_25A35.npy,"(2, 32, 5120)",-3.2656402283557146e-09,2.726463271601454e-05,-0.0004024779482278973,0.0003305107820779085,0.0007329887303058058,0.0004024779482278973,3.577421066438546e-05,0.00011423657379054979,0.0003034236585081089,0,0,0,1.4828262795430278,False
J1,J1_E006_C3_YF_S11_5A15.npy,"(2, 32, 5120)",3.037649966354248e-07,2.4669851695829253e-05,-0.00039184471825137734,0.00028612191090360284,0.0006779666291549802,0.00039184471825137734,3.061623556277481e-05,8.083215907390699e-05,0.00028846948151476596,0,0,0,1.4270925852142318,False
J1,J1_E007_C3_YO_S11_25A35.npy,"(2, 32, 5120)",-6.922556477294635e-07,2.847266501433139e-05,-0.0004158805531915277,0.0003391681530047208,0.0007550487061962485,0.0004158805531915277,3.678521934489253e-05,0.00011915076371224158,0.00032397383390343727,0,0,0,1.5510143008706816,False
J1,J1_E008_C3_YF_S11_5A15.npy,"(2, 32, 5120)",-4.04298151607733e-07,2.2587396321947986e-05,-0.0003075325512327254,0.00026185926981270313,0.0005693918210454285,0.0003075325512327254,3.232646085962187e-05,7.541204729932426e-05,0.00023848457550047867,0,0,0,0.9227569893952887,False
J1,J1_E009_C3_YO_S11_25A35.npy,"(2, 32, 5120)",7.112378956263953e-08,2.716586409689978e-05,-0.00034343727747909725,0.0003700744127854705,0.0007135116902645677,0.0003700744127854705,3.618559367168927e-05,0.00012133168478612896,0.0002841538843931626,0,0,0,1.3081061343024714,False
J1,J1_E010_C3_YF_S11_5A15.npy,"(2, 32, 5120)",5.6455408361766305e-08,1.8510149545190905e-05,-0.00024385502911172807,0.00021172448759898543,0.0004555795167107135,0.00024385502911172807,3.061396200791932e-05,5.93702731566737e-05,0.00017942194649367584,0,0,0,0.4398151945408349,False
J1,J1_E011_C3_YO_S11_25A35.npy,"(2, 32, 5120)",-3.2680314088217666e-07,2.379926157726482e-05,-0.00031447771470993757,0.00042902593850158155,0.0007435036532115191,0.00042902593850158155,3.5153527096554155e-05,8.775889109529331e-05,0.00025427757654688317,0,0,0,1.6157916774718033,False
J1,J1_E012_C3_YF_S11_5A15.npy,"(2, 32, 5120)",-5.876728491722408e-08,2.779318674740562e-05,-0.0004265222523827106,0.0003975780273322016,0.0008241002797149122,0.0004265222523827106,3.1425434644916085e-05,9.553908952511865e-05,0.00035149171986267815,0,0,0,1.6036085081465565,False
J1,J1_E013_C3_YO_S11_25A35.npy,"(2, 32, 5120)",4.75445808147342e-07,3.029581462461183e-05,-0.00042666468652896583,0.0005058106617070735,0.0009324753482360393,0.0005058106617070735,3.529277928464578e-05,0.00011453466024249806,0.00036965031211729865,0,0,0,1.958513906948896,False
J1,J1_E014_C4_YF_S12_5A15.npy,"(2, 32, 5120)",2.574106537028481e-08,2.7790594545373454e-05,-0.0003954044368583709,0.0006029732758179307,0.0009983777126763016,0.0006029732758179307,2.8405671127984526e-05,7.10160200105755e-05,0.00037283664845745064,0,0,0,2.3242697446498823,False
J1,J1_E015_C4_YO_S12_25A35.npy,"(2, 32, 5120)",-1.0440457059462436e-06,2.0971302133436247e-05,-0.00048613225226290524,0.00023038491781335324,0.0007165171700762585,0.00048613225226290524,2.8767792809958336e-05,6.862136899144408e-05,0.0002515180827176659,0,0,0,1.8759131680509213,False
J1,J1_E016_C4_YF_S12_5A15.npy,"(2, 32, 5120)",-1.7829104345269513e-07,2.5665881065485438e-05,-0.0003215592005290091,0.0004993655602447689,0.000820924760773778,0.0004993655602447689,2.9595609885291172e-05,8.186291415768299e-05,0.0003264621994458095,0,0,0,1.9318196928047195,False
J1,J1_E017_C4_YO_S12_25A35.npy,"(2, 32, 5120)",-2.3208765644066285e-08,1.819853655700405e-05,-0.0002698144526220858,0.0002490632759872824,0.0005188777286093682,0.0002698144526220858,2.7434915955382168e-05,7.217732985736843e-05,0.000179581428761594,0,0,0,0.6503893446396506,False
J1,J1_E018_C4_YF_S12_5A15.npy,"(2, 32, 5120)",-1.254788993870955e-07,1.552952867685527e-05,-0.0001514255563961342,0.00017129976185970008,0.0003227253182558343,0.00017129976185970008,2.953504535980754e-05,5.1951180357718965e-05,0.00010184722929989204,0,0,0,-0.2953141929905893,False
J1,J1_E019_C4_YO_S12_25A35.npy,"(2, 32, 5120)",-3.006786600422567e-07,1.795410666593237e-05,-0.0001360692549496889,0.00022172887111082673,0.00035779812606051564,0.00022172887111082673,3.3177342447743276e-05,6.57024414249464e-05,0.00014184626958740375,0,0,0,0.2418180348591237,False
J1,J1_E020_C4_YF_S12_5A15.npy,"(2, 32, 5120)",-2.1991730342017645e-07,1.6986842585841905e-05,-0.00020990542543586344,0.00021458948322106153,0.00042449490865692496,0.00021458948322106153,3.173489840264665e-05,5.283253922243611e-05,0.00013409822668472742,0,0,0,0.17369093589565762,False
J1,J1_E021_C4_YO_S12_25A35.npy,"(2, 32, 5120)",-2.307259996361711e-07,1.9121891260550268e-05,-0.0002254481369163841,0.00020206796762067825,0.00042751610453706235,0.0002254481369163841,3.2887662382563545e-05,7.555855248938315e-05,0.0001582229195191754,0,0,0,0.2764447586128278,False
J1,J1_E022_C4_YF_S12_5A15.npy,"(2, 32, 5120)",1.4290100909628194e-06,4.023752652623186e-05,-0.0007683805888518691,0.0005369874997995794,0.0013053680886514485,0.0007683805888518691,4.955264339514541e-05,0.00017418500021449326,0.0004682586602284566,0,0,0,2.828870943481307,False
J1,J1_E023_C4_YO_S12_25A35.npy,"(2, 32, 5120)",-7.9629278486821e-08,1.897963876227212e-05,-0.00016126871923916042,0.00019048024842049927,0.0003517489676596597,0.00019048024842049927,3.56534446837031e-05,7.232272109831693e-05,0.0001415379929821934,0,0,0,-0.0743885686413099,False
J1,J1_E024_C4_YF_S12_5A15.npy,"(2, 32, 5120)",4.050277978784202e-07,1.5708808409933436e-05,-0.00011286087101325393,0.00013008120004087687,0.0002429420710541308,0.00013008120004087687,3.106596614088629e-05,5.053877062891867e-05,8.719269881839863e-05,0,0,0,-0.8682825817732585,False
J1,J1_E025_C4_YO_S12_25A35.npy,"(2, 32, 5120)",-5.5361864487292714e-08,1.8857790722344548e-05,-0.00018329844169784337,0.00020346367091406137,0.00038676211261190474,0.00020346367091406137,3.487322119326563e-05,7.441905159794263e-05,0.00014556349496706357,0,0,0,0.06286882317327414,False
J1,J1_E026_C5_YF_S1_5A15.npy,"(2, 32, 5120)",-1.1823155735061756e-06,1.4608235650908863e-05,-0.00013706821482628584,0.0001535561605123803,0.00029062437533866614,0.0001535561605123803,2.837827742041554e-05,4.4194020847499024e-05,8.808040498115588e-05,0,0,0,-0.5229324326310231,False
J1,J1_E027_C5_YO_S1_25A35.npy,"(2, 32, 5120)",-7.432694896920153e-08,1.673285231805305e-05,-0.00012694955512415618,0.00017691057291813195,0.0003038601280422881,0.00017691057291813195,3.217596076865448e-05,6.16672148316866e-05,0.00011502151538297743,0,0,0,-0.22822613592531235,False
J1,J1_E028_C5_YF_S1_5A15.npy,"(2, 32, 5120)",3.956508544418484e-07,1.4451288403435966e-05,-0.00015253122546710074,0.00010700088023440912,0.00025953210570150986,0.00015253122546710074,2.8609424407477478e-05,4.534010258794305e-05,7.708369637839468e-05,0,0,0,-0.5368728626318022,False
J1,J1_E029_C5_YO_S1_25A35.npy,"(2, 32, 5120)",-2.2037776345465328e-07,1.4934625997452583e-05,-8.28616539365612e-05,0.00018156653095502406,0.00026442818489158526,0.00018156653095502406,2.835181257978547e-05,5.2397375329746944e-05,0.00011780314325005738,0,0,0,-0.17415123979046412,False
J1,J1_E030_C5_YF_S1_5A15.npy,"(2, 32, 5120)",1.801309473638924e-07,1.4499082664062281e-05,-0.00015564303612336516,0.00018341538088861853,0.0003390584170119837,0.00018341538088861853,2.806893808156018e-05,4.483915992750555e-05,8.660520435660141e-05,0,0,0,-0.15306215799616738,False
J1,J1_E031_C5_YO_S1_25A35.npy,"(2, 32, 5120)",1.6252013157708897e-07,1.4205743379559185e-05,-7.917988114058971e-05,0.0001685535826254636,0.0002477334637660533,0.0001685535826254636,2.5939690476661778e-05,4.7607716187485585e-05,0.00011611260985227999,0,0,0,-0.3289553109243255,False
J1,J1_E032_C5_YF_S2_5A15.npy,"(2, 32, 5120)",-1.5059923919629764e-07,1.5672098639933886e-05,-0.00018153883866034448,0.00012090989184798673,0.0003024487305083312,0.00018153883866034448,3.146182425552978e-05,4.9694628978613864e-05,8.084854764456393e-05,0,0,0,-0.17446874430889175,False
J1,J1_E033_C5_YO_S2_25A35.npy,"(2, 32, 5120)",2.462375365749222e-07,1.508752995126363e-05,-0.0001006332240649499,0.00019854203856084496,0.00029917526262579486,0.00019854203856084496,2.798558525682891e-05,4.7538338731101515e-05,0.0001181870552682075,0,0,0,0.011897925405075864,False
J1,J1_E034_C5_YF_S2_5A15.npy,"(2, 32, 5120)",-5.030187273027761e-07,1.4243094666449717e-05,-0.00014271112740971148,0.00014318260946311057,0.00028589373687282205,0.00014318260946311057,2.832449508787248e-05,4.550413676042821e-05,7.165956994140282e-05,0,0,0,-0.668529894191003,False
J1,J1_E035_C5_YO_S2_25A35.npy,"(2, 32, 5120)",-1.711520338423433e-07,1.8967535013759068e-05,-0.0003071375540457666,0.0003291914763394743,0.0006363290303852409,0.0003291914763394743,2.978828088089358e-05,5.636690082610594e-05,0.00024749467521905874,0,0,0,1.064426661457736,False
J1,J1_E036_C5_YF_S2_5A15.npy,"(2, 32, 5120)",-2.075705882943096e-07,1.702071007800178e-05,-0.00037830029032193124,0.00046608728007413447,0.0008443875703960657,0.00046608728007413447,2.968422686535632e-05,4.8740541315055515e-05,0.00015596267383079964,0,0,0,1.7882623101109487,False
J1,J1_E037_C5_YO_S2_25A35.npy,"(2, 32, 5120)",5.546936633951804e-07,1.5380323432504325e-05,-0.00010547306737862527,0.0001840291079133749,0.0002895021752920002,0.0001840291079133749,2.763174979918403e-05,5.3039732265460845e-05,0.00012939749829820343,0,0,0,-0.14610859250166294,False
J1,J1_E038_C2_YO_S7_5A15.npy,"(2, 32, 5120)",3.3411886367097094e-07,2.3135062239045963e-05,-0.0006946694920770824,0.0002709651307668537,0.0009656346228439361,0.0006946694920770824,3.2782660309749165e-05,8.43550372519532e-05,0.0002621984519355438,0,0,0,2.6189454503104144,False
J1,J1_E039_C2_YO_S7_25A35.npy,"(2, 32, 5120)",1.5199089130721335e-07,1.4181214542172222e-05,-0.00012237751798238605,0.00021351120085455477,0.0003358887188369408,0.00021351120085455477,2.4489212682965436e-05,4.734504418593143e-05,0.00012922366763814277,0,0,0,0.1632049049278228,False
J1,J1_E040_C1_YF_S6_5A15.npy,"(2, 32, 5120)",-3.431168482739357e-07,3.0508028481187576e-05,-0.000916238990612328,0.0007166052237153053,0.0016328442143276334,0.000916238990612328,5.136556392244528e-05,0.00011156648244650617,0.0002838269209896675,0,0,0,3.1952129642051523,True
J1,J1_E041_C1_YF_S6_25A35.npy,"(2, 32, 5120)",4.2480977807638356e-08,1.601272342166473e-05,-7.778446888551116e-05,0.00018477502453606576,0.0002625594934215769,0.00018477502453606576,3.070025868510128e-05,4.9682159879012166e-05,0.0001041522699233606,0,0,0,-0.13768846369377616,False
J10,J10_E000_C1_YF_S6_5A15.npy,"(2, 32, 5120)",2.4811144420412807e-07,1.4847060958929546e-05,-8.498559327563271e-05,0.00022858423471916467,0.0003135698279947974,0.00022858423471916467,2.6635603626345978e-05,5.060717357992016e-05,0.0001464517406566295,0,0,0,0.30520107961474513,False
J10,J10_E001_C1_YF_S6_25A35.npy,"(2, 32, 5120)",2.247822085908164e-07,1.206844530727126e-05,-9.030697401612997e-05,0.00017588707851246,0.00026619405252858996,0.00017588707851246,2.3016827435640144e-05,4.0744511570665205e-05,9.267996087146388e-05,0,0,0,-0.24030384717573317,False
J10,J10_E002_C2_YO_S7_5A15.npy,"(2, 32, 5120)",-2.6149166150747934e-07,1.3280612455411544e-05,-0.00011436313798185438,0.00020648949430324137,0.00032085263228509575,0.00020648949430324137,2.3755747133691325e-05,4.357302546850408e-05,0.00012188218720984857,0,0,0,0.0935972873500796,False
J10,J10_E003_C2_YO_S7_25A35.npy,"(2, 32, 5120)",-9.803884286500557e-08,1.0761024868760613e-05,-0.00011793529847636819,0.0001492845476604998,0.000267219846136868,0.0001492845476604998,2.081042039208114e-05,3.303251502075001e-05,6.457601439615191e-05,0,0,0,-0.5816583854477511,False
J10,J10_E004_C4_YF_S12_5A15.npy,"(2, 32, 5120)",-5.4174546082125795e-08,1.2361731621648307e-05,-8.877322397893295e-05,6.555928848683834e-05,0.0001543325124657713,8.877322397893295e-05,2.5221494161087312e-05,3.8169496983755425e-05,5.4860109725268435e-05,0,0,0,-1.6636007371072412,False
J10,J10_E005_C4_YO_S12_25A35.npy,"(2, 32, 5120)",-2.3915629132736635e-08,1.023243042372921e-05,-6.823735020589083e-05,0.0002269762771902606,0.0002952136273961514,0.0002269762771902606,1.8686858857108744e-05,2.9566203247668514e-05,7.389363681431835e-05,0,0,0,0.29050660912661197,False
J10,J10_E006_C4_YF_S12_5A15.npy,"(2, 32, 5120)",9.709475759519723e-07,1.3699571142082097e-05,-9.213882003678009e-05,0.0001043445008690469,0.00019648332090582699,0.0001043445008690469,2.8030466637574123e-05,4.2122647610085933e-05,6.525190275715405e-05,0,0,0,-1.3271902253092953,False
J10,J10_E007_C4_YO_S12_25A35.npy,"(2, 32, 5120)",-2.5670066239049826e-07,1.0650621428114589e-05,-7.580750389024615e-05,0.00021460163407027721,0.00029040913796052337,0.00021460163407027721,1.972038853637059e-05,3.2101915639941645e-05,7.387089434632776e-05,0,0,0,0.17380879945248662,False
J10,J10_E008_C4_YF_S12_5A15.npy,"(2, 32, 5120)",-1.641288141013513e-07,1.3027333901516273e-05,-0.0001007995379040949,8.36487888591364e-05,0.0001844483267632313,0.0001007995379040949,2.646174671099288e-05,3.986003979662201e-05,5.927285083816967e-05,0,0,0,-1.399138381886075,False
J10,J10_E009_C4_YO_S12_25A35.npy,"(2, 32, 5120)",3.2798713207855197e-07,1.1408973729772586e-05,-8.886119758244604e-05,0.00023829091514926404,0.0003271521127317101,0.00023829091514926404,2.0066416891495457e-05,3.508643960230997e-05,9.956196138955406e-05,0,0,0,0.3917688428902404,False
J10,J10_E010_C4_YF_S12_5A15.npy,"(2, 32, 5120)",9.714250979047955e-08,1.9781125654726952e-05,-0.00021838473912794143,0.0001454181910958141,0.00036380293022375554,0.00021838473912794143,3.818755067186428e-05,6.964881205931314e-05,0.00015379399461380657,0,0,0,0.21018429020034943,False
J10,J10_E011_C4_YO_S12_25A35.npy,"(2, 32, 5120)",-8.542929809796917e-08,1.002674074396499e-05,-7.788919901940972e-05,0.00013350602239370346,0.00021139522141311318,0.00013350602239370346,1.9116687690257093e-05,3.068959420488686e-05,6.0588030599319285e-05,0,0,0,-0.814187002832148,False
J10,J10_E012_C4_YF_S12_5A15.npy,"(2, 32, 5120)",-6.110477022745228e-08,1.4430180219632617e-05,-0.0001391484693158418,0.0001715822290861979,0.0003107306984020397,0.0001715822290861979,2.987161233249935e-05,4.578479230985983e-05,6.83522631952652e-05,0,0,0,-0.29188456413317104,False
J10,J10_E013_C4_YO_S12_25A35.npy,"(2, 32, 5120)",-7.12329520812029e-08,1.1989506065274945e-05,-9.996419976232573e-05,0.00021272683807183057,0.0003126910378341563,0.00021272683807183057,2.1304269739630393e-05,3.9039406801748615e-05,0.00010251960644382036,0,0,0,0.15554384428572368,False
J10,J10_E014_C4_YF_S12_5A15.npy,"(2, 32, 5120)",-1.962794304667231e-07,1.3469158459229571e-05,-8.032731420826167e-05,7.938460475997999e-05,0.00015971191896824166,8.032731420826167e-05,2.736256992648123e-05,4.125280225707696e-05,5.944849436127696e-05,0,0,0,-1.8717076979278122,False
J10,J10_E015_C4_YO_S12_25A35.npy,"(2, 32, 5120)",-1.0872225833588358e-08,1.1000356864448775e-05,-8.287579839816317e-05,0.00021280415239743888,0.00029567995079560205,0.00021280415239743888,2.0252881950000297e-05,3.5633201769087646e-05,7.506251115410107e-05,0,0,0,0.15630024585077365,False
J10,J10_E016_C3_YF_S11_5A15.npy,"(2, 32, 5120)",-1.9808077642731392e-08,1.2626127692813055e-05,-9.868717461358756e-05,8.131781942211092e-05,0.00018000499403569847,9.868717461358756e-05,2.58430841313384e-05,3.930862538254595e-05,5.652184561768081e-05,0,0,0,-1.4432237536263517,False
J10,J10_E017_C3_YO_S11_25A35.npy,"(2, 32, 5120)",9.368882939578202e-08,1.615657502826025e-05,-8.750945562496781e-05,0.00018118000298272818,0.000268689458607696,0.00018118000298272818,2.9234892099339033e-05,5.9849073004443334e-05,0.00014344229856214915,0,0,0,-0.1785873411188889,False
J10,J10_E018_C3_YF_S11_5A15.npy,"(2, 32, 5120)",1.524395853121076e-07,1.2799661456952104e-05,-8.604253525845706e-05,6.842531729489565e-05,0.00015446785255335271,8.604253525845706e-05,2.6083306966029334e-05,3.904996327037225e-05,5.597858609326066e-05,0,0,0,-1.7286362512232472,False
J10,J10_E019_C3_YO_S11_25A35.npy,"(2, 32, 5120)",-4.4592132186291623e-07,1.4872256716468417e-05,-8.707839879207313e-05,0.00021343094704207033,0.00030050934583414346,0.00021343094704207033,2.6904550304607254e-05,4.968146262399417e-05,0.00012676735693821666,0,0,0,0.16242234017416904,False
J10,J10_E020_C3_YF_S11_5A15.npy,"(2, 32, 5120)",2.683711146703698e-07,1.3151100586740883e-05,-9.101653995458037e-05,7.421644841087982e-05,0.0001652329883654602,9.101653995458037e-05,2.695798184504383e-05,4.1319905467389695e-05,5.8691977315902405e-05,0,0,0,-1.6116523984998368,False
J10,J10_E021_C3_YO_S11_25A35.npy,"(2, 32, 5120)",1.7010965575325086e-07,1.4854030639881744e-05,-8.973542571766302e-05,0.00020951197075191885,0.00029924739646958187,0.00020951197075191885,2.772217285382794e-05,5.097685687360403e-05,0.00012491197530471005,0,0,0,0.12384547396102882,False
J10,J10_E022_C3_YF_S11_5A15.npy,"(2, 32, 5120)",-1.0783475800312495e-07,1.4379573041294675e-05,-0.000142145567224361,9.118003072217107e-05,0.00023332559794653207,0.000142145567224361,2.981148991239022e-05,4.663957552111245e-05,7.361804303945965e-05,0,0,0,-0.6836612322073995,False
J10,J10_E023_C3_YO_S11_25A35.npy,"(2, 32, 5120)",7.043354188773953e-08,1.2803225032057886e-05,-8.934264042181894e-05,0.0001949827274074778,0.00028432536782929674,0.0001949827274074778,2.3574664919578922e-05,4.163811525359055e-05,0.00010126268657040614,0,0,0,-0.025757656694767178,False
J10,J10_E024_C3_YF_S11_5A15.npy,"(2, 32, 5120)",6.748630854077669e-08,1.4282842238182561e-05,-9.110382961807773e-05,8.76405174494721e-05,0.00017874434706754982,9.110382961807773e-05,2.9878953955631005e-05,4.5962627191329476e-05,6.694862573203854e-05,0,0,0,-1.6096570076983407,False
J10,J10_E025_C3_YO_S11_25A35.npy,"(2, 32, 5120)",1.748938338425264e-07,1.1290337920116494e-05,-6.503261829493567e-05,0.00018579237803351134,0.000250824996328447,0.00018579237803351134,2.0690390374511478e-05,3.511071176035338e-05,9.423662231711148e-05,0,0,0,-0.12625890673145027,False
J10,J10_E026_C3_YF_S11_5A15.npy,"(2, 32, 5120)",1.205035822581655e-07,1.3557715266830005e-05,-9.290139860240743e-05,7.96579261077568e-05,0.00017255932471016422,9.290139860240743e-05,2.8431265945982883e-05,4.597214239765896e-05,6.400369251059599e-05,0,0,0,-1.5689852580497716,False
J10,J10_E027_C3_YO_S11_25A35.npy,"(2, 32, 5120)",-1.646412102573011e-07,1.1637682815352873e-05,-0.0001148493611253798,0.00017198991554323584,0.00028683927666861564,0.00017198991554323584,2.1094958538014903e-05,3.686242576804969e-05,8.808783991844371e-05,0,0,0,-0.2869445046409886,False
J10,J10_E028_C5_YF_S1_5A15.npy,"(2, 32, 5120)",1.9074237464167347e-07,1.2136273644969698e-05,-9.253026655642316e-05,6.747178849764168e-05,0.00016000205505406484,9.253026655642316e-05,2.488283780621714e-05,3.748007715330464e-05,5.430128414809586e-05,0,0,0,-1.577317632406792,False
J10,J10_E029_C5_YO_S1_25A35.npy,"(2, 32, 5120)",-8.014698848257679e-08,1.3754457838495346e-05,-9.007314656628296e-05,0.00019626488210633397,0.00028633802867261693,0.00019626488210633397,2.5333702342322792e-05,4.913347267574877e-05,0.0001114875399434822,0,0,0,-0.012114529685453007,False
J10,J10_E030_C5_YF_S1_5A15.npy,"(2, 32, 5120)",1.5672135906487928e-07,1.3957851700269237e-05,-9.444876195630059e-05,8.807277481537312e-05,0.0001825215367716737,9.444876195630059e-05,2.9142870698706246e-05,4.532685918093194e-05,6.453236752713558e-05,0,0,0,-1.5346000426498907,False
J10,J10_E031_C5_YO_S1_25A35.npy,"(2, 32, 5120)",-3.1629541229603296e-07,1.229490970718265e-05,-9.99279145617038e-05,0.00017658475553616881,0.0002765126700978726,0.00017658475553616881,2.3273937040357846e-05,4.117492848308759e-05,9.18964514785329e-05,0,0,0,-0.23206333499106793,False
J10,J10_E032_C5_YF_S1_5A15.npy,"(2, 32, 5120)",3.7905620011983564e-08,1.3989999952794611e-05,-0.00010403667693026364,7.885640661697835e-05,0.00018289308354724199,0.00010403667693026364,2.9377625378401706e-05,4.620416770194429e-05,6.444069765711899e-05,0,0,0,-1.3333401224864403,False
J10,J10_E033_C5_YO_S1_25A35.npy,"(2, 32, 5120)",-3.342692190260597e-07,2.138047875639577e-05,-0.00023542990675196052,0.0002576192782726139,0.0004930491850245744,0.0002576192782726139,3.8484922151837955e-05,8.29896271898182e-05,0.0001709772321773915,0,0,0,0.5541126525141105,False
J10,J10_E034_C5_YF_S2_5A15.npy,"(2, 32, 5120)",1.366132123278058e-07,1.3431578732765665e-05,-0.0001184883585665375,9.96949165710248e-05,0.0002181832751375623,0.0001184883585665375,2.7544652311917158e-05,4.4120303173258645e-05,6.961282298289004e-05,0,0,0,-1.0625861476325418,False
J10,J10_E035_C5_YO_S2_25A35.npy,"(2, 32, 5120)",-1.1179467591777641e-07,1.3505225080298485e-05,-8.447349682683125e-05,0.00020816321193706244,0.0002926367087638937,0.00020816321193706244,2.3970860183908364e-05,4.667157099902398e-05,0.00012179993726022057,0,0,0,0.11040171334651878,False
J10,J10_E036_C5_YF_S2_5A15.npy,"(2, 32, 5120)",4.8560004448675715e-08,1.3096098932432138e-05,-9.586902888258919e-05,8.51170188980177e-05,0.0001809860477806069,9.586902888258919e-05,2.730828882704372e-05,4.20807307818905e-05,6.071696301296468e-05,0,0,0,-1.5035313996807746,False
J10,J10_E037_C5_YO_S2_25A35.npy,"(2, 32, 5120)",1.2946491197747859e-07,1.4561867501010425e-05,-7.210965850390494e-05,0.0002100931160384789,0.00028220277454238385,0.0002100931160384789,2.497284422133816e-05,5.188307779462779e-05,0.00014191735403437547,0,0,0,0.12961138436011713,False
J10,J10_E038_C5_YF_S2_5A15.npy,"(2, 32, 5120)",1.2018705116780158e-07,1.2317569683802203e-05,-8.618176070740446e-05,7.65223303460516e-05,0.00016270409105345607,8.618176070740446e-05,2.522783406675444e-05,3.8512214778166043e-05,5.734569449123228e-05,0,0,0,-1.7252707640494225,False
J10,J10_E039_C5_YO_S2_25A35.npy,"(2, 32, 5120)",-5.374461389080947e-09,1.2874730462093708e-05,-8.099449769360945e-05,0.0001822920166887343,0.00026328651438234374,0.0001822920166887343,2.2497796726383962e-05,4.262650913005947e-05,0.0001216510255544542,0,0,0,-0.16585042915010947,False
J10,J10_E040_C2_YO_S7_5A15.npy,"(2, 32, 5120)",-1.5312206352084927e-07,1.298019139410994e-05,-9.682328527560458e-05,0.00019106535182800144,0.000287888637103606,0.00019106535182800144,2.3505140688939715e-05,4.4507234233606326e-05,0.0001117097185706367,0,0,0,-0.06800431468740407,False
J10,J10_E041_C2_YO_S7_25A35.npy,"(2, 32, 5120)",-7.706690244570249e-08,1.2327547064714073e-05,-0.00010147065040655434,0.00015062146121636033,0.00025209211162291467,0.00015062146121636033,2.3628047620150026e-05,3.935966647986793e-05,8.903596513118824e-05,0,0,0,-0.5630998084707194,False
J10,J10_E042_C1_YF_S6_5A15.npy,"(2, 32, 5120)",-5.656949541260374e-08,1.3184771623121304e-05,-0.00011297932360321283,0.00018903397722169757,0.0003020133008249104,0.00018903397722169757,2.5690435450087527e-05,4.328147246269518e-05,8.788151579210512e-05,0,0,0,-0.09025383678944626,False
J10,J10_E043_C1_YF_S6_25A35.npy,"(2, 32, 5120)",1.7571389792575802e-07,1.5650327288573834e-05,-0.0001036816174746491,0.00017427482816856354,0.00027795644564321265,0.00017427482816856354,3.205525208613833e-05,5.2659836146631316e-05,9.31393539503913e-05,0,0,0,-0.2594724423297143,False
J15,J15_E000_C1_YF_S6_5A15.npy,"(2, 32, 5120)",-1.6970789554405298e-07,1.7690474096812544e-05,-7.653095235582441e-05,0.0003223418025299907,0.0003988727548858151,0.0003223418025299907,2.3929646704345935e-05,6.908088136697193e-05,0.0001883071754709817,0,0,0,1.020657026531865,False
J15,J15_E001_C1_YF_S6_25A35.npy,"(2, 32, 5120)",-2.3756741791800483e-07,1.8164266097123713e-05,-0.00018099439330399036,0.0002612680837046355,0.00044226247700862586,0.0002612680837046355,2.9206906037870785e-05,8.005984898773032e-05,0.00016109884697652823,0,0,0,0.5833884279689697,False
J15,J15_E002_C2_YO_S7_5A15.npy,"(2, 32, 5120)",-5.8983922865472625e-08,1.605984952987646e-05,-0.00011598395940382034,0.0002638729347381741,0.0003798568941419944,0.0002638729347381741,2.4676221346453528e-05,6.300127482973059e-05,0.00016238138606422488,0,0,0,0.6040390980284908,False
J15,J15_E003_C2_YO_S7_25A35.npy,"(2, 32, 5120)",-4.3161938624228736e-07,1.2588925064195396e-05,-5.400995723903179e-05,0.00022096776228863746,0.00027497771952766925,0.00022096776228863746,1.9689908458531133e-05,3.711799694428919e-05,0.00014043768598639763,0,0,0,0.23466048139301365,False
J15,J15_E004_C5_YF_S1_5A15.npy,"(2, 32, 5120)",4.932963713723581e-08,1.2475700923771301e-05,-0.00013655403745360672,9.848629269981757e-05,0.0002350403301534243,0.00013655403745360672,2.4773758650553645e-05,3.677500506455552e-05,5.909208807133829e-05,0,0,0,-0.767197718904783,False
J15,J15_E005_C5_YO_S1_25A35.npy,"(2, 32, 5120)",1.361059882146466e-07,1.757480326805874e-05,-9.566616063239053e-05,0.0003544433566275984,0.00045010951725998893,0.0003544433566275984,2.4250405385828337e-05,5.4902549563849015e-05,0.000205619907661457,0,0,0,1.2182742905408306,False
J15,J15_E006_C5_YF_S1_5A15.npy,"(2, 32, 5120)",-8.609644347097561e-07,2.260916929912706e-05,-0.00024484979803673923,0.0001963972026715055,0.00044124700070824474,0.00024484979803673923,3.916130717698252e-05,9.336957380583055e-05,0.00020317352851270676,0,0,0,0.44828941615776335,False
J15,J15_E007_C5_YO_S1_25A35.npy,"(2, 32, 5120)",-2.271473172918142e-07,2.192748847654255e-05,-8.745442755753174e-05,0.0003790118498727679,0.00046646627743029967,0.0003790118498727679,3.089291039941597e-05,8.11946536850883e-05,0.00023947966717241675,0,0,0,1.357779708479033,False
J15,J15_E008_C5_YF_S1_5A15.npy,"(2, 32, 5120)",4.5583498888263556e-07,1.3106067894795046e-05,-0.00010201799886999652,9.154828876489773e-05,0.00019356628763489425,0.00010201799886999652,2.6364644054410746e-05,3.959716923418471e-05,5.910015475092217e-05,0,0,0,-1.3741271560199102,False
J15,J15_E009_C5_YO_S1_25A35.npy,"(2, 32, 5120)",-2.658705856183401e-07,1.7925027515925196e-05,-0.0001494577300036326,0.0003530255635268986,0.0005024832935305312,0.0003530255635268986,2.7194688391318765e-05,5.614389403490419e-05,0.0001968667936307607,0,0,0,1.2099311470931668,False
J15,J15_E010_C5_YF_S2_5A15.npy,"(2, 32, 5120)",9.469302442398497e-08,1.2534398784291747e-05,-7.169399032136425e-05,7.574872870463878e-05,0.00014744271902600303,7.574872870463878e-05,2.5301291043433593e-05,3.8098496261227594e-05,5.57711618566825e-05,0,0,0,-1.9938717269307478,False
J15,J15_E011_C5_YO_S2_25A35.npy,"(2, 32, 5120)",-3.0559986761828697e-07,1.8661011280543824e-05,-0.0001402914203936234,0.00036691376590169966,0.0005072051862953231,0.00036691376590169966,2.8407925492501762e-05,6.946931178390538e-05,0.00019948653473693374,0,0,0,1.2902518784092138,False
J15,J15_E012_C5_YF_S2_5A15.npy,"(2, 32, 5120)",5.025114590023733e-07,1.2527336937010045e-05,-8.227933722082525e-05,7.44913486414589e-05,0.00015677068586228415,8.227933722082525e-05,2.530586698412662e-05,3.740617237781409e-05,5.332283712778001e-05,0,0,0,-1.8217282877695449,False
J15,J15_E013_C5_YO_S2_25A35.npy,"(2, 32, 5120)",-2.3324390765334976e-07,2.664560452835494e-05,-0.00012793748464901,0.0003554016293492168,0.0004833391139982268,0.0003554016293492168,4.65000137410243e-05,0.00010314752173144382,0.0002737934302713232,0,0,0,1.2238944612430536,False
J15,J15_E014_C5_YF_S2_5A15.npy,"(2, 32, 5120)",-1.7033182340381344e-07,1.297357497559754e-05,-0.00010406423098174855,8.48949421197176e-05,0.00018895917310146615,0.00010406423098174855,2.6369454280938934e-05,4.078460857272152e-05,6.115014227543715e-05,0,0,0,-1.3327888895876023,False
J15,J15_E015_C5_YO_S2_25A35.npy,"(2, 32, 5120)",-5.3981673934197764e-08,1.8943900798467415e-05,-0.00011480322427814826,0.0003044632321689278,0.00041926645644707605,0.0003044632321689278,3.323153032397384e-05,6.869042539619854e-05,0.00017590126564027685,0,0,0,0.9018774514133446,False
J15,J15_E016_C4_YF_S12_5A15.npy,"(2, 32, 5120)",1.444061508635868e-07,1.3106690873504113e-05,-8.96809360710904e-05,7.999710942385718e-05,0.00016967804549494758,8.96809360710904e-05,2.6848143261304347e-05,4.267644457286228e-05,6.284631625749169e-05,0,0,0,-1.6424244982853062,False
J15,J15_E017_C4_YO_S12_25A35.npy,"(2, 32, 5120)",-2.3589196644149235e-07,1.5803121683775765e-05,-0.00018815691873896867,0.00035829085391014814,0.0005464477726491168,0.00035829085391014814,2.1999384352966433e-05,5.983695053146241e-05,0.00017202239157631985,0,0,0,1.240748197140128,False
J15,J15_E018_C4_YF_S12_5A15.npy,"(2, 32, 5120)",-1.4403534611828913e-08,1.8771429066704997e-05,-0.000362171558663249,0.00010835898865479976,0.0004705305473180488,0.000362171558663249,3.004349291586548e-05,5.765554262325198e-05,0.00020458838327612998,0,0,0,1.2631729213668021,False
J15,J15_E019_C4_YO_S12_25A35.npy,"(2, 32, 5120)",2.1395931780567058e-07,1.4672003408565808e-05,-0.0001936539338203147,0.0003242867533117533,0.000517940687132068,0.0003242867533117533,2.200613280365359e-05,5.033875349909105e-05,0.00016130731602606815,0,0,0,1.0331791701947548,False
J15,J15_E020_C4_YF_S12_5A15.npy,"(2, 32, 5120)",2.8945511400356263e-08,1.868713448055283e-05,-0.0002553263620939106,0.00016695090744178742,0.000422277269535698,0.0002553263620939106,3.2221416950051195e-05,6.60785852232949e-05,0.00018424031601170932,0,0,0,0.5355027814329069,False
J15,J15_E021_C4_YO_S12_25A35.npy,"(2, 32, 5120)",1.662758873599633e-07,1.6860482985830822e-05,-0.00021255467436276376,0.000344162224791944,0.0005567168991547078,0.000344162224791944,2.6011573208961632e-05,6.222406023880493e-05,0.00017985230854537587,0,0,0,1.157002034767716,False
J15,J15_E022_C4_YF_S12_5A15.npy,"(2, 32, 5120)",6.27858239134935e-08,1.345124285276395e-05,-0.00010901135101448745,0.00010209660104010254,0.00021110795205459,0.00010901135101448745,2.6845030424738068e-05,4.315589081670637e-05,7.393020487506868e-05,0,0,0,-1.2361124926960976,False
J15,J15_E023_C4_YO_S12_25A35.npy,"(2, 32, 5120)",-7.473379857126419e-08,1.583089491110647e-05,-0.00012013458035653457,0.0003183520457241684,0.000438486626080703,0.0003183520457241684,2.3216183217300566e-05,5.8232729570591014e-05,0.0001732596776564603,0,0,0,0.9947316471567381,False
J15,J15_E024_C4_YF_S12_5A15.npy,"(2, 32, 5120)",-7.514689502849474e-08,1.3222178435964844e-05,-0.00013454938016366214,0.00011880876263603568,0.0002533581427996978,0.00013454938016366214,2.637447951201465e-05,4.1750714335648845e-05,6.832396546087676e-05,0,0,0,-0.7979825444634693,False
J15,J15_E025_C4_YO_S12_25A35.npy,"(2, 32, 5120)",1.544857578135147e-07,1.2991330484147012e-05,-0.00024124933406710625,0.00030808860901743174,0.000549337943084538,0.00030808860901743174,1.9313214670546584e-05,4.4265812684898676e-05,0.0001424616400036027,0,0,0,0.9265173555959002,False
J15,J15_E026_C4_YF_S12_5A15.npy,"(2, 32, 5120)",-1.2980955365757718e-07,1.84978165306879e-05,-0.00037171272560954094,0.00011782214278355241,0.0004895348683930933,0.00037171272560954094,3.2398089570051514e-05,5.779129161965113e-05,0.00017652576805266955,0,0,0,1.3173009255591566,False
J15,J15_E027_C4_YO_S12_25A35.npy,"(2, 32, 5120)",9.647091219264818e-08,1.4656644375581002e-05,-0.0001147752336692065,0.0003186432586517185,0.000433418492320925,0.0003186432586517185,2.235004858448519e-05,5.328938699676657e-05,0.0001530786727089432,0,0,0,0.9966349070057777,False
J15,J15_E028_C3_YF_S11_5A15.npy,"(2, 32, 5120)",-2.9154310687163393e-08,1.3841537720353499e-05,-8.861829701345414e-05,0.00010651227785274386,0.000195130574866198,0.00010651227785274386,2.7547632726054855e-05,4.322519318520805e-05,6.933699102228241e-05,0,0,0,-1.284388037209649,False
J15,J15_E029_C3_YO_S11_25A35.npy,"(2, 32, 5120)",-2.9149663197575627e-07,1.524434939410528e-05,-0.00019643481937237084,0.0003178810002282262,0.000514315819600597,0.0003178810002282262,2.7242839496466332e-05,4.764746012369875e-05,0.00012622957435087177,0,0,0,0.9916493795045227,False
J15,J15_E030_C3_YF_S11_5A15.npy,"(2, 32, 5120)",-1.7487041900072042e-07,1.4503378176300105e-05,-0.0001134813719545491,0.00010575001215329394,0.00021923138410784304,0.0001134813719545491,2.919604930866626e-05,4.5183127258496835e-05,7.082192917005159e-05,0,0,0,-1.1524605897528488,False
J15,J15_E031_C3_YO_S11_25A35.npy,"(2, 32, 5120)",1.0168554584869956e-07,1.475871212845056e-05,-8.967735629994422e-05,0.0003430248470976949,0.0004327022033976391,0.0003430248470976949,2.370178626733832e-05,4.163024714216598e-05,0.0001548174022027517,0,0,0,1.1501114868192186,False
J15,J15_E032_C3_YF_S11_5A15.npy,"(2, 32, 5120)",-6.084707450684426e-08,1.3930698800633702e-05,-0.00010785442282212898,8.895698556443676e-05,0.00019681140838656574,0.00010785442282212898,2.8000537167827132e-05,4.4643619585258586e-05,6.379431822278991e-05,0,0,0,-1.2583222158070098,False
J15,J15_E033_C3_YO_S11_25A35.npy,"(2, 32, 5120)",8.75457516550622e-08,1.6296139088392284e-05,-0.0003531276306603104,0.0003090224927291274,0.0006621501233894378,0.0003531276306603104,2.5885069499054203e-05,5.0081089066225875e-05,0.0001726549247396177,0,0,0,1.2105328895141403,False
J15,J15_E034_C3_YF_S11_5A15.npy,"(2, 32, 5120)",2.4737296614360716e-08,1.3809349377995375e-05,-9.333190246252343e-05,9.811371273826808e-05,0.0001914456152007915,9.811371273826808e-05,2.7684720134857343e-05,4.0880606757127704e-05,6.0703882692905305e-05,0,0,0,-1.4553549145479028,False
J15,J15_E035_C3_YO_S11_25A35.npy,"(2, 32, 5120)",1.2049744579064405e-07,2.0241496735769317e-05,-0.00022090303536970168,0.00032097395160235465,0.0005418769869720563,0.00032097395160235465,3.081043469137512e-05,7.72653603780783e-05,0.00022145693592028588,0,0,0,1.0118050781441974,False
J15,J15_E036_C3_YF_S11_5A15.npy,"(2, 32, 5120)",-1.0432627703597263e-07,1.3461739418138321e-05,-0.0002712623681873083,0.0001342040195595473,0.0004054663877468556,0.0002712623681873083,2.6680338214646328e-05,4.086884098796876e-05,6.319794007868034e-05,0,0,0,0.6615299548711371,False
J15,J15_E037_C3_YO_S11_25A35.npy,"(2, 32, 5120)",8.42850261045893e-08,1.76419491787046e-05,-0.00017598533304408193,0.00031637397478334606,0.000492359307827428,0.00031637397478334606,2.810357873386237e-05,5.756335198384488e-05,0.00018227467744145494,0,0,0,0.9817574467317918,False
J15,J15_E038_C3_YF_S11_5A15.npy,"(2, 32, 5120)",8.958039884998806e-08,1.4279418516766309e-05,-8.768260158831254e-05,9.175265586236492e-05,0.00017943525745067745,9.175265586236492e-05,2.868943411158397e-05,4.526187505689459e-05,6.738491124997362e-05,0,0,0,-1.5948848648446865,False
J15,J15_E039_C3_YO_S11_25A35.npy,"(2, 32, 5120)",-1.1372813082540739e-08,1.8034447479750076e-05,-0.00017122202552855015,0.0003005254257004708,0.00047174745122902095,0.0003005254257004708,2.795746295305434e-05,6.617543447646328e-05,0.00018210448995523593,0,0,0,0.8747794722348294,False
J15,J15_E040_C2_YO_S7_5A15.npy,"(2, 32, 5120)",1.886515576894821e-08,1.5841709008384416e-05,-5.941413473919965e-05,0.0002939821861218661,0.00035339632086106576,0.0002939821861218661,2.261446816191891e-05,5.6017283895926166e-05,0.00018154991764458817,0,0,0,0.8289572047748806,False
J15,J15_E041_C2_YO_S7_25A35.npy,"(2, 32, 5120)",-1.348951656989917e-07,1.1212969034095154e-05,-7.472552533727139e-05,0.00029670505318790674,0.00037143057852517813,0.00029670505318790674,1.9263254580437204e-05,2.9653709370904843e-05,9.446619429945646e-05,0,0,0,0.8481481145025656,False
J15,J15_E042_C1_YF_S6_5A15.npy,"(2, 32, 5120)",3.62550287497334e-08,1.4289696806678475e-05,-0.00014242000179365277,0.00022424885537475348,0.00036666885716840625,0.00022424885537475348,2.206173194281291e-05,5.190969317482101e-05,0.00017007857844873758,0,0,0,0.2653421294980464,False
J15,J15_E043_C1_YF_S6_25A35.npy,"(2, 32, 5120)",1.8603007032315595e-07,1.5998917820628593e-05,-7.880255725467578e-05,0.00026181290741078556,0.00034061546466546133,0.00026181290741078556,2.587682593002681e-05,5.464827045216233e-05,0.00015632067185651952,0,0,0,0.5877246434089892,False
J2,J2_E000_C1_YF_S6_5A15.npy,"(2, 32, 5120)",9.467435888215245e-08,1.2818977093238011e-05,-9.720432717585936e-05,0.0002379974612267688,0.00033520178840262815,0.0002379974612267688,2.196702735091094e-05,4.04259829156218e-05,0.00012786213612707764,0,0,0,0.389203805930368,False
J2,J2_E001_C1_YF_S6_25A35.npy,"(2, 32, 5120)",8.289814113373557e-08,1.3290311308504894e-05,-6.796955858590081e-05,0.0001957038330147043,0.0002636733916006051,0.0001957038330147043,2.2988855016592416e-05,4.4712865055771564e-05,0.00013030609702400283,0,0,0,-0.0180735297631697,False
J2,J2_E002_C2_YO_S7_5A15.npy,"(2, 32, 5120)",2.321595724256962e-07,1.8455048593629367e-05,-0.00010585723794065416,0.000299143954180181,0.0004050011921208352,0.000299143954180181,2.9761225414404145e-05,6.728475047566471e-05,0.00021250136748130843,0,0,0,0.8651886803511247,False
J2,J2_E003_C2_YO_S7_25A35.npy,"(2, 32, 5120)",-3.5380565300081397e-07,1.87074028192476e-05,-0.00016304777818731964,0.0002846981515176594,0.00044774592970497906,0.0002846981515176594,3.079072812397498e-05,7.34537429525519e-05,0.00019305290088232136,0,0,0,0.762159902032579,False
J2,J2_E004_C3_YF_S11_5A15.npy,"(2, 32, 5120)",-9.238836738926585e-08,1.3950792880184311e-05,-0.00014137996186036617,0.00014047427976038307,0.00028185424162074924,0.00014137996186036617,2.7884180508408452e-05,4.5216755934234366e-05,7.589274744532286e-05,0,0,0,-0.6949030745351551,False
J2,J2_E005_C3_YO_S11_25A35.npy,"(2, 32, 5120)",-2.7939653381397807e-07,1.9485011019339593e-05,-0.00011323747457936406,0.0002816916676238179,0.000394929142203182,0.0002816916676238179,3.4659348784771275e-05,7.029927270195921e-05,0.000195574686964391,0,0,0,0.7400609764945845,False
J2,J2_E006_C3_YF_S11_5A15.npy,"(2, 32, 5120)",-3.3725553294877355e-07,1.3948465811744833e-05,-0.0001548716245451942,0.00012889760546386242,0.00028376923000905663,0.0001548716245451942,2.7711297025234662e-05,4.529754813120244e-05,8.079912659013618e-05,0,0,0,-0.5051761621180375,False
J2,J2_E007_C3_YO_S11_25A35.npy,"(2, 32, 5120)",2.730869276451198e-07,1.77644335877053e-05,-0.0001461684296373278,0.0002584659378044307,0.0004046343674417585,0.0002584659378044307,3.075191962125245e-05,6.289142933383135e-05,0.00017985084280371582,0,0,0,0.560942506351231,False
J2,J2_E008_C3_YF_S11_5A15.npy,"(2, 32, 5120)",-6.379829919712718e-08,1.3168181513587597e-05,-0.00011551208444871008,0.00013261655112728477,0.00024812863557599485,0.00013261655112728477,2.6430776688357583e-05,4.036213700601371e-05,6.430003500281589e-05,0,0,0,-0.8281017545628775,False
J2,J2_E009_C3_YO_S11_25A35.npy,"(2, 32, 5120)",-2.2533221229593484e-09,1.6826978487181333e-05,-0.00010306174954166636,0.00025329936761409044,0.0003563611171557568,0.00025329936761409044,3.0030923608137513e-05,5.7216784662159665e-05,0.00015372736423159924,0,0,0,0.5189114906297984,False
J2,J2_E010_C3_YF_S11_5A15.npy,"(2, 32, 5120)",1.057344195266669e-07,1.2037526654645828e-05,-8.913609781302512e-05,0.00011094443470938131,0.00020008053252240643,0.00011094443470938131,2.4413691880909012e-05,3.663428411528006e-05,5.847806081874294e-05,0,0,0,-1.1995235309999088,False
J2,J2_E011_C3_YO_S11_25A35.npy,"(2, 32, 5120)",3.817513267292866e-08,1.7314683080559344e-05,-7.69162506912835e-05,0.00024405636941082776,0.00032097262010211125,0.00024405636941082776,2.8201850545883615e-05,6.577260952326482e-05,0.00018349499574105675,0,0,0,0.4415331559586655,False
J2,J2_E012_C3_YF_S11_5A15.npy,"(2, 32, 5120)",-2.2687462931059547e-07,1.1029779542031145e-05,-8.081716805463657e-05,7.455279410351068e-05,0.00015536996215814725,8.081716805463657e-05,2.1872292199986985e-05,3.362519397342114e-05,5.243179387980489e-05,0,0,0,-1.859052292666716,False
J2,J2_E013_C3_YO_S11_25A35.npy,"(2, 32, 5120)",-1.452934550392571e-07,1.801555716333241e-05,-9.618214971851557e-05,0.00023227774363476783,0.0003284598933532834,0.00023227774363476783,3.0888657784089445e-05,6.599927088245753e-05,0.00017959841281117362,0,0,0,0.33856685382809665,False
J2,J2_E014_C3_YF_S11_5A15.npy,"(2, 32, 5120)",-7.923235268158947e-07,1.1709671173430445e-05,-8.434346091235057e-05,8.031567995203659e-05,0.00016465914086438715,8.434346091235057e-05,2.3793696345819617e-05,3.450554344453849e-05,5.076302909947115e-05,0,0,0,-1.7701523481329826,False
J2,J2_E015_C3_YO_S11_25A35.npy,"(2, 32, 5120)",3.6396728932466027e-07,1.6206669596303647e-05,-8.151994552463293e-05,0.0002461870899423957,0.0003277070354670286,0.0002461870899423957,2.7037660493078872e-05,5.537211924092845e-05,0.00017193637190212019,0,0,0,0.45962742541348983,False
J2,J2_E016_C4_YF_S12_5A15.npy,"(2, 32, 5120)",7.598809692516384e-08,1.0245859358858408e-05,-8.137748955050483e-05,5.561269063036889e-05,0.00013699018018087372,8.137748955050483e-05,2.0486012363107872e-05,2.9091269534546968e-05,4.172661437405615e-05,0,0,0,-1.8446700668783758,False
J2,J2_E017_C4_YO_S12_25A35.npy,"(2, 32, 5120)",-3.1940673036803536e-07,1.2274902967198134e-05,-9.253430471289903e-05,0.00027451777714304626,0.0003670520818559453,0.00027451777714304626,1.8883361462940212e-05,3.367204160895219e-05,0.00013644710322841994,0,0,0,0.6863622355235959,False
J2,J2_E018_C4_YF_S12_5A15.npy,"(2, 32, 5120)",1.5533666140666388e-07,1.0750552388954787e-05,-8.680159226059914e-05,8.608079224359244e-05,0.00017288238450419158,8.680159226059914e-05,2.1588100935332474e-05,3.30448195381905e-05,4.869836998841484e-05,0,0,0,-1.7103533046415271,False
J2,J2_E019_C4_YO_S12_25A35.npy,"(2, 32, 5120)",4.313793453330631e-07,1.4923209190245105e-05,-8.268727833637968e-05,0.0002682770136743784,0.00035096429201075807,0.0002682770136743784,2.3206298828881698e-05,4.827910386666215e-05,0.0001631674700474828,0,0,0,0.6384942858639964,False
J2,J2_E020_C4_YF_S12_5A15.npy,"(2, 32, 5120)",-9.039107077308718e-08,1.0631128610422268e-05,-9.26279099076055e-05,7.260272832354531e-05,0.0001652306382311508,9.26279099076055e-05,2.115998022418353e-05,3.1832943495828804e-05,4.962710482141094e-05,0,0,0,-1.5751221828767794,False
J2,J2_E021_C4_YO_S12_25A35.npy,"(2, 32, 5120)",1.2475898196770348e-07,1.3325930818370763e-05,-9.564583888277411e-05,0.00025566513068042696,0.00035131096956320107,0.00025566513068042696,2.1893035227549256e-05,4.1605163823987835e-05,0.0001343209653714435,0,0,0,0.5382628073621137,False
J2,J2_E022_C4_YF_S12_5A15.npy,"(2, 32, 5120)",-1.5555301334556695e-08,1.3827693385168437e-05,-7.822161569492891e-05,8.830800652503967e-05,0.0001665296222199686,8.830800652503967e-05,2.920052265835693e-05,4.826010779652282e-05,6.294598502427101e-05,0,0,0,-1.6745379862297376,False
J2,J2_E023_C4_YO_S12_25A35.npy,"(2, 32, 5120)",-1.3978676075868673e-07,1.441242796129221e-05,-8.291257108794525e-05,0.00025916157756000757,0.0003420741486479528,0.00025916157756000757,2.1641619423462543e-05,4.8441789949720294e-05,0.00016074959092657066,0,0,0,0.5665373884311677,False
J2,J2_E024_C4_YF_S12_5A15.npy,"(2, 32, 5120)",-1.0610422276478e-07,1.0132049203279315e-05,-6.468973151640967e-05,7.920795178506523e-05,0.0001438976833014749,7.920795178506523e-05,2.0332312305981756e-05,2.954041083285124e-05,4.349044702757952e-05,0,0,0,-1.9009185877055246,False
J2,J2_E025_C4_YO_S12_25A35.npy,"(2, 32, 5120)",-3.315006830869879e-08,1.5068433144987915e-05,-8.569464989705011e-05,0.00027108858921565115,0.00035678323911270127,0.00027108858921565115,2.165229134334368e-05,5.241757284238728e-05,0.00017659822417772123,0,0,0,0.6601960020713404,False
J2,J2_E026_C4_YF_S12_5A15.npy,"(2, 32, 5120)",-4.557116103952001e-08,1.0774618024599698e-05,-8.326346869580448e-05,8.54802638059482e-05,0.00016874373250175267,8.54802638059482e-05,2.132411500497255e-05,3.140719942166474e-05,5.3285368230717364e-05,0,0,0,-1.7422836339419947,False
J2,J2_E027_C4_YO_S12_25A35.npy,"(2, 32, 5120)",-5.960831375248944e-08,1.4877506014014952e-05,-0.00011796045873779804,0.0002628163783811033,0.0003807768371189013,0.0002628163783811033,2.285382497575482e-05,5.125867144670341e-05,0.00016618909091630404,0,0,0,0.5956876385181679,False
J2,J2_E028_C5_YF_S1_5A15.npy,"(2, 32, 5120)",-1.8780081685904705e-07,1.158723904531972e-05,-0.00011306977830827236,9.336786024505273e-05,0.0002064376385533251,0.00011306977830827236,2.3351379240921233e-05,3.5286557249492055e-05,5.8209244329191195e-05,0,0,0,-1.1600241540736083,False
J2,J2_E029_C5_YO_S1_25A35.npy,"(2, 32, 5120)",1.8914789363610552e-07,1.9670915094793723e-05,-8.279296162072569e-05,0.0002869201416615397,0.00036971310328226537,0.0002869201416615397,3.100841440755175e-05,7.562698177935105e-05,0.00022167380493192456,0,0,0,0.7783430063290769,False
J2,J2_E030_C5_YF_S1_5A15.npy,"(2, 32, 5120)",2.4350237901190725e-07,1.1596861466732453e-05,-0.0001032136642606929,0.0001046999532263726,0.0002079136174870655,0.0001046999532263726,2.3022186360321934e-05,3.448277115239762e-05,5.553068728113422e-05,0,0,0,-1.3201113085865146,False
J2,J2_E031_C5_YO_S1_25A35.npy,"(2, 32, 5120)",-3.0137460987917535e-07,1.6872107464685405e-05,-6.960882456041873e-05,0.0002558372507337481,0.0003254460752941668,0.0002558372507337481,2.659779984242049e-05,6.093157753639426e-05,0.00019032727823650868,0,0,0,0.5396637084243,False
J2,J2_E032_C5_YF_S1_5A15.npy,"(2, 32, 5120)",-2.038298373568158e-07,1.1609222941888739e-05,-6.118514284025878e-05,6.825425225542858e-05,0.00012943939509568736,6.825425225542858e-05,2.3769791732775046e-05,3.5344830612302766e-05,4.773621441563591e-05,0,0,0,-2.2107350055590165,False
J2,J2_E033_C5_YO_S1_25A35.npy,"(2, 32, 5120)",2.263506567910337e-07,1.7292486336688135e-05,-7.400619506370276e-05,0.0002453741617500782,0.00031938035681378096,0.0002453741617500782,2.724444093473721e-05,6.785041608964094e-05,0.00018805942703329476,0,0,0,0.4527425105249026,False
J2,J2_E034_C5_YF_S2_5A15.npy,"(2, 32, 5120)",-1.1837902502108897e-07,9.852338809686375e-06,-6.509185186587274e-05,6.334023055387661e-05,0.00012843208241974935,6.509185186587274e-05,1.9709318439709017e-05,2.9255612043925795e-05,4.235546291965874e-05,0,0,0,-2.309486027827097,False
J2,J2_E035_C5_YO_S2_25A35.npy,"(2, 32, 5120)",2.2314333765311273e-07,1.610683104605629e-05,-9.214127203449607e-05,0.00024716678308323026,0.0003393080551177263,0.00024716678308323026,2.4889787255233383e-05,5.736575418268351e-05,0.00018605310660495863,0,0,0,0.4678945737953487,False
J2,J2_E036_C5_YF_S2_5A15.npy,"(2, 32, 5120)",-2.4589850268092536e-07,9.995842835482013e-06,-7.050882413750514e-05,7.66262601246126e-05,0.00014713508426211774,7.66262601246126e-05,1.994736685446696e-05,2.9709199206990984e-05,4.497733678363142e-05,0,0,0,-1.969895688494609,False
J2,J2_E037_C5_YO_S2_25A35.npy,"(2, 32, 5120)",1.054787844856698e-07,1.9659964494526203e-05,-0.00012538506416603923,0.0002500768459867686,0.00037546191015280783,0.0002500768459867686,3.506715602270559e-05,7.694942898524464e-05,0.0001886577112891245,0,0,0,0.4922593116950003,False
J2,J2_E038_C5_YF_S2_5A15.npy,"(2, 32, 5120)",-1.7931160476356418e-07,1.1691519929559803e-05,-0.00013426014629658312,0.0001287474442506209,0.000263007590547204,0.00013426014629658312,2.340371829632204e-05,3.498187517834607e-05,5.186883936039517e-05,0,0,0,-0.8024620315836037,False
J2,J2_E039_C5_YO_S2_25A35.npy,"(2, 32, 5120)",1.689523720718413e-07,2.0364373767647058e-05,-9.011734073283151e-05,0.0002630592498462647,0.00035317659057909623,0.0002630592498462647,3.321196945762494e-05,8.136575430398916e-05,0.00020901316030358312,0,0,0,0.5976103632651372,False
J2,J2_E040_C2_YO_S7_5A15.npy,"(2, 32, 5120)",-6.550518451214396e-08,1.675626858962107e-05,-9.582431812305003e-05,0.000283822970231995,0.000379647288355045,0.000283822970231995,2.6249149959767235e-05,6.179786112625225e-05,0.0001888525522663255,0,0,0,0.7557511215306885,False
J2,J2_E041_C2_YO_S7_25A35.npy,"(2, 32, 5120)",2.9068758040566073e-07,2.217090581845639e-05,-0.0001545595732750371,0.00028315462986938655,0.00043771420314442366,0.00028315462986938655,3.261754209233913e-05,0.00010026618714619038,0.00023095323360757894,0,0,0,0.7508436744394099,False
J2,J2_E042_C1_YF_S6_5A15.npy,"(2, 32, 5120)",7.464272494050501e-08,1.9012838042163043e-05,-0.00012049621727783233,0.00027933079400099814,0.00039982701127883047,0.00027933079400099814,3.340294697409256e-05,7.832251758372923e-05,0.00018156174726027455,0,0,0,0.7225415982002665,False
J2,J2_E043_C1_YF_S6_25A35.npy,"(2, 32, 5120)",1.6677266220442259e-07,1.648870661286644e-05,-0.00010439839388709515,0.00025522647774778306,0.0003596248716348782,0.00025522647774778306,2.7148538720211942e-05,6.37752081092915e-05,0.0001760816709866048,0,0,0,0.5346883015227819,False
J4,J4_E000_C1_YF_S6_5A15.npy,"(2, 32, 5120)",2.062199718258937e-07,1.859583510760404e-05,-9.56300791585818e-05,0.00022152643941808492,0.0003171565185766667,0.00022152643941808492,3.5315072273078835e-05,7.06670925865183e-05,0.00014360810448124422,0,0,0,0.23991674546468655,False
J4,J4_E001_C1_YF_S6_25A35.npy,"(2, 32, 5120)",7.92430981280468e-07,1.902326573666024e-05,-0.00012315675849094987,0.0002650443057063967,0.00038820106419734657,0.0002650443057063967,3.444025096541736e-05,7.47951030643891e-05,0.00017886956800066344,0,0,0,0.6132591013807225,False
J4,J4_E002_C2_YO_S7_5A15.npy,"(2, 32, 5120)",2.7209143785766424e-07,1.7311486977247512e-05,-9.978214802686125e-05,0.00022370043734554201,0.00032348258537240326,0.00022370043734554201,3.254348830523665e-05,5.9181183205510036e-05,0.00014538398906006276,0,0,0,0.2602452223524005,False
J4,J4_E003_C2_YO_S7_25A35.npy,"(2, 32, 5120)",-4.831615002358502e-07,1.5474077813451383e-05,-0.00010415321594337001,0.000257003033766523,0.000361156249709893,0.000257003033766523,2.7595385017775683e-05,5.144665512489161e-05,0.00011930712397588636,0,0,0,0.5491273870112082,False
J4,J4_E004_C5_YF_S1_5A15.npy,"(2, 32, 5120)",1.2105230492936882e-07,9.98051814449725e-06,-5.2240979130147025e-05,5.815181430079974e-05,0.00011039279343094677,5.815181430079974e-05,1.9872672510246048e-05,2.829713828759865e-05,3.976451213384272e-05,0,0,0,-2.544168431588268,False
J4,J4_E005_C5_YO_S1_25A35.npy,"(2, 32, 5120)",-4.3429392881795125e-07,1.2877059184798505e-05,-5.8668629208114e-05,0.0002054584474535659,0.0002641270766616799,0.0002054584474535659,2.1951931466901424e-05,4.1198030485247994e-05,0.00011639728454610969,0,0,0,0.08317745802391016,False
J4,J4_E006_C5_YF_S1_5A15.npy,"(2, 32, 5120)",3.6567046118173564e-08,1.2071704314107904e-05,-7.353448745561764e-05,6.370250775944442e-05,0.00013723699521506205,7.353448745561764e-05,2.4483231936756035e-05,3.46517752041109e-05,4.84010929758368e-05,0,0,0,-2.0556263452608143,False
J4,J4_E007_C5_YO_S1_25A35.npy,"(2, 32, 5120)",3.631191025772724e-08,1.1933464873409404e-05,-8.369770512217656e-05,0.00020703869813587517,0.0002907364032580517,0.00020703869813587517,1.998219904635334e-05,3.401460427994616e-05,0.00011797411528095781,0,0,0,0.09912636039932875,False
J4,J4_E008_C5_YF_S1_5A15.npy,"(2, 32, 5120)",-6.31167241551391e-08,1.1898173229412074e-05,-9.144184878095984e-05,7.772245589876547e-05,0.00016916430467972532,9.144184878095984e-05,2.3605940441484563e-05,3.466610138275438e-05,5.1701191372558105e-05,0,0,0,-1.6019480813112181,False
J4,J4_E009_C5_YO_S1_25A35.npy,"(2, 32, 5120)",1.2347917088328696e-07,1.1680394594253045e-05,-7.131021266104653e-05,0.00019851559773087502,0.00026982581039192155,0.00019851559773087502,1.9246900410507806e-05,3.3219887991435844e-05,0.0001153162226401034,0,0,0,0.011620692250065684,False
J4,J4_E010_C5_YF_S2_5A15.npy,"(2, 32, 5120)",1.57324246620573e-08,1.3607142110215001e-05,-0.0002559413551352918,0.0002483886491972953,0.0005043300043325871,0.0002559413551352918,2.5867040676530447e-05,4.2544359639578065e-05,8.689217704522872e-05,0,0,0,0.5405105664490834,False
J4,J4_E011_C5_YO_S2_25A35.npy,"(2, 32, 5120)",-4.0006702902759737e-07,1.3614654156151472e-05,-5.68593641219195e-05,0.00021506575285457075,0.00027192511697649024,0.00021506575285457075,2.4576464511483202e-05,4.2101255894522296e-05,0.00012913997746363711,0,0,0,0.17830577535631986,False
J4,J4_E012_C5_YF_S2_5A15.npy,"(2, 32, 5120)",-1.7613479157012524e-07,1.2046281930881286e-05,-8.301311027025804e-05,7.830577669665217e-05,0.0001613188869669102,8.301311027025804e-05,2.3810665152268477e-05,3.6566476483130826e-05,5.650878699452732e-05,0,0,0,-1.803246872080294,False
J4,J4_E013_C5_YO_S2_25A35.npy,"(2, 32, 5120)",-4.298312964070672e-08,1.4213469040160543e-05,-9.326674626208842e-05,0.00020422437228262424,0.00029749111854471266,0.00020422437228262424,2.366813596381689e-05,5.001840374461633e-05,0.0001373989103303751,0,0,0,0.07063684367874493,False
J4,J4_E014_C5_YF_S2_5A15.npy,"(2, 32, 5120)",5.055317683962125e-08,1.345914767922433e-05,-8.03110669949092e-05,7.130206358851865e-05,0.00015161313058342785,8.03110669949092e-05,2.7558274450711892e-05,4.210482293274255e-05,5.553203805175141e-05,0,0,0,-1.8721287668631814,False
J4,J4_E015_C5_YO_S2_25A35.npy,"(2, 32, 5120)",4.835091175531248e-08,1.0276679627880132e-05,-5.66648377571255e-05,0.00016665973816998303,0.00022332457592710853,0.00016665973816998303,1.7833182391768782e-05,2.81625686693588e-05,9.175481432612265e-05,0,0,0,-0.35247606794177083,False
J4,J4_E016_C4_YF_S12_5A15.npy,"(2, 32, 5120)",-9.096221480230879e-07,1.090574943282562e-05,-6.959320307942107e-05,7.83948416938074e-05,0.00014798804477322847,7.83948416938074e-05,2.176900925405789e-05,3.357209036039442e-05,5.4441361928184e-05,0,0,0,-1.9223975318968909,False
J4,J4_E017_C4_YO_S12_25A35.npy,"(2, 32, 5120)",-3.379208051793512e-07,1.1557130803362455e-05,-0.00017176051915157586,0.00019474205328151584,0.0003665025724330917,0.00019474205328151584,1.994690974242985e-05,3.593172441469508e-05,0.00010496258211060165,0,0,0,-0.028328615236383876,False
J4,J4_E018_C4_YF_S12_5A15.npy,"(2, 32, 5120)",-1.2699436194036412e-08,1.1410368335897492e-05,-7.860239566070959e-05,7.162467954913154e-05,0.00015022707520984113,7.860239566070959e-05,2.2695064490108046e-05,3.4583069937070896e-05,5.207302628332382e-05,0,0,0,-1.9168937284324317,False
J4,J4_E019_C4_YO_S12_25A35.npy,"(2, 32, 5120)",5.411323639090553e-07,1.3749847740481027e-05,-5.336778485798277e-05,0.00021117301366757601,0.0002645407985255588,0.00021117301366757601,2.274418793604127e-05,4.830153087823469e-05,0.00013885857675631938,0,0,0,0.14028350270306217,False
J4,J4_E020_C4_YF_S12_5A15.npy,"(2, 32, 5120)",-1.1471984334229374e-07,1.2066775677385547e-05,-8.636582788312808e-05,8.501084084855393e-05,0.000171376668731682,8.636582788312808e-05,2.4179254160117123e-05,3.728367351868656e-05,5.6196974757767736e-05,0,0,0,-1.7208296568592656,False
J4,J4_E021_C4_YO_S12_25A35.npy,"(2, 32, 5120)",-2.9536200619753803e-08,1.2943706080388821e-05,-7.19232702977024e-05,0.0002297435567015782,0.0003016668269992806,0.0002297435567015782,2.1352807380026203e-05,4.191075884591572e-05,0.0001298550534556851,0,0,0,0.31573166323536317,False
J4,J4_E022_C4_YF_S12_5A15.npy,"(2, 32, 5120)",-1.7397362660534026e-07,1.1721734048599831e-05,-7.48283346183598e-05,7.541957893408835e-05,0.00015024791355244815,7.541957893408835e-05,2.3737009814794874e-05,3.646699868113518e-05,5.521735865113437e-05,0,0,0,-2.0029365040050005,False
J4,J4_E023_C4_YO_S12_25A35.npy,"(2, 32, 5120)",-1.3014886243111794e-07,1.1628457318965457e-05,-5.48474163224455e-05,0.00021091720554977655,0.00026576462187222205,0.00021091720554977655,1.8522379832575094e-05,3.364399261045061e-05,0.00012051236382831107,0,0,0,0.13776041281549728,False
J4,J4_E024_C4_YF_S12_5A15.npy,"(2, 32, 5120)",-5.790366231455488e-07,1.4118987360773791e-05,-0.000238128486671485,0.00022165408881846815,0.00045978257548995316,0.000238128486671485,2.761070345513872e-05,4.662821869715128e-05,8.092373308318175e-05,0,0,0,0.3903494703861981,False
J4,J4_E025_C4_YO_S12_25A35.npy,"(2, 32, 5120)",2.127517034346883e-07,1.4249160461275015e-05,-8.349587005795911e-05,0.00020514900097623467,0.0002886448710341938,0.00020514900097623467,2.479930308254552e-05,4.8919604305410945e-05,0.00012964388959517233,0,0,0,0.08003996738738177,False
J4,J4_E026_C4_YF_S12_5A15.npy,"(2, 32, 5120)",-1.0962323842527427e-07,1.3153311153587228e-05,-0.00011661779717542231,8.166988118318841e-05,0.00019828767835861072,0.00011661779717542231,2.6462426467332987e-05,4.1594024660298606e-05,6.365566614113031e-05,0,0,0,-1.0957099943449526,False
J4,J4_E027_C4_YO_S12_25A35.npy,"(2, 32, 5120)",-1.218778775912759e-07,1.3980252417032746e-05,-0.00018308429571334273,0.0001931364240590483,0.000376220719772391,0.0001931364240590483,2.4570039022364648e-05,4.8823272918525896e-05,0.00013438915557344427,0,0,0,-0.045562202934611655,False
J4,J4_E028_C3_YF_S11_5A15.npy,"(2, 32, 5120)",-4.6279623286364944e-07,1.1964512354734728e-05,-0.00011211648234166205,0.00013042590580880642,0.00024254238815046847,0.00013042590580880642,2.3469482584914655e-05,3.706547548063105e-05,6.794012118189105e-05,0,0,0,-0.8627738342768257,False
J4,J4_E029_C3_YO_S11_25A35.npy,"(2, 32, 5120)",-7.731170483214876e-08,1.3039695459652081e-05,-4.158068622928113e-05,0.00021130559616722167,0.0002528862823965028,0.00021130559616722167,1.984700948014506e-05,4.400388974318069e-05,0.0001428114686714249,0,0,0,0.14158998980863122,False
J4,J4_E030_C3_YF_S11_5A15.npy,"(2, 32, 5120)",2.458670812099374e-07,1.807976266787747e-05,-0.0002638052683323622,0.00022506465029437095,0.0004888699186267331,0.0002638052683323622,3.1719099933980036e-05,5.907827620831086e-05,0.00016447786157368637,0,0,0,0.6035052377698019,False
J4,J4_E031_C3_YO_S11_25A35.npy,"(2, 32, 5120)",-4.904905208450849e-08,1.2030878895189093e-05,-6.728062726324424e-05,0.00019146877457387745,0.0002587494018371217,0.00019146877457387745,2.0447104543563902e-05,3.598983326810425e-05,0.00011388804233865689,0,0,0,-0.06361381457027057,False
J4,J4_E032_C3_YF_S11_5A15.npy,"(2, 32, 5120)",-2.2002742506536223e-08,1.24862142801536e-05,-9.619050979381427e-05,0.00010229895997326821,0.00019848946976708248,0.00010229895997326821,2.482129366399021e-05,3.8290412885544406e-05,6.744655167130971e-05,0,0,0,-1.3684022851671103,False
J4,J4_E033_C3_YO_S11_25A35.npy,"(2, 32, 5120)",-6.825065126840093e-07,1.2213383203645109e-05,-6.476314592873678e-05,0.00019655861251521856,0.00026132175844395533,0.00019655861251521856,2.0471738480409837e-05,3.764040313399188e-05,0.0001174585444168769,0,0,0,-0.009001557988208193,False
J4,J4_E034_C3_YF_S11_5A15.npy,"(2, 32, 5120)",6.585562765011866e-08,1.5045160047377506e-05,-0.0002800494257826358,0.00022649869788438082,0.0005065481236670166,0.0002800494257826358,2.881935752157005e-05,4.8484559374628735e-05,9.454681161150745e-05,0,0,0,0.7278899897009505,False
J4,J4_E035_C3_YO_S11_25A35.npy,"(2, 32, 5120)",-4.1865523084359105e-07,1.135381336460819e-05,-5.011160465073772e-05,0.00016676157247275114,0.00021687317712348886,0.00016676157247275114,1.962849737537908e-05,3.281279630755308e-05,0.0001026807382077094,0,0,0,-0.35120454444604987,False
J4,J4_E036_C3_YF_S11_5A15.npy,"(2, 32, 5120)",5.839564723736459e-07,1.2466049266903452e-05,-7.679007103433833e-05,7.477596955141053e-05,0.00015156604058574885,7.679007103433833e-05,2.4820973885653073e-05,3.7507077831833174e-05,5.638933877708032e-05,0,0,0,-1.9654504503663264,False
J4,J4_E037_C3_YO_S11_25A35.npy,"(2, 32, 5120)",-2.6962895328477203e-07,1.4966851366595087e-05,-0.00014875890337862074,0.00019116340263281018,0.0003399223060114309,0.00019116340263281018,2.651965814948197e-05,5.0974727091670546e-05,0.00013182112113281608,0,0,0,-0.066936363376237,False
J4,J4_E038_C3_YF_S11_5A15.npy,"(2, 32, 5120)",4.0003182959246326e-08,1.3787730257215116e-05,-7.544211257481948e-05,9.628075349610299e-05,0.00017172286607092246,9.628075349610299e-05,2.7487465013109612e-05,4.2579476175888054e-05,6.634340946038718e-05,0,0,0,-1.4946108578411579,False
J4,J4_E039_C3_YO_S11_25A35.npy,"(2, 32, 5120)",-4.4469286953788093e-07,1.6753559009732137e-05,-0.00033102426095865667,0.000249815231654793,0.0005808394926134497,0.00033102426095865667,2.9315979281818718e-05,6.411377115000518e-05,0.0001537583009630907,0,0,0,1.0759837997807733,False
J4,J4_E040_C2_YO_S7_5A15.npy,"(2, 32, 5120)",-2.879308991332067e-07,1.7096503841913354e-05,-0.00013479845074471086,0.0002661236794665456,0.00040092213021125644,0.0002661236794665456,3.130923614662606e-05,6.720648067130257e-05,0.00014453808972029775,0,0,0,0.6217189813057762,False
J4,J4_E041_C2_YO_S7_25A35.npy,"(2, 32, 5120)",-9.758167769862068e-08,1.2800624322161543e-05,-8.195456757675856e-05,0.00022800012084189802,0.0003099546884186566,0.00022800012084189802,2.405906498097465e-05,4.085878652404066e-05,0.00010386515185382357,0,0,0,0.2998750893200852,False
J4,J4_E042_C1_YF_S6_5A15.npy,"(2, 32, 5120)",8.327600452444962e-08,1.98221450514391e-05,-0.0001723874593153596,0.00026117576635442674,0.00043356322566978633,0.00026117576635442674,3.8453264096460764e-05,7.543301493569745e-05,0.0001594763924076685,0,0,0,0.5826527845571654,False
J4,J4_E043_C1_YF_S6_25A35.npy,"(2, 32, 5120)",-4.1255400275543804e-08,1.0920627473587985e-05,-5.747409159084782e-05,0.0002078546822303906,0.00026532877382123843,0.0002078546822303906,1.8543978603702273e-05,2.995785605889981e-05,0.00010685051822656406,0,0,0,0.10731420108633635,False
J5,J5_E000_C1_YF_S6_5A15.npy,"(2, 32, 5120)",-6.833992684591641e-08,1.0749226653739747e-05,-8.914879435906187e-05,0.0001582193945068866,0.00024736818886594847,0.0001582193945068866,1.8017868751485362e-05,3.840314337139722e-05,9.911842378642155e-05,0,0,0,-0.4606592341807322,False
J5,J5_E001_C1_YF_S6_25A35.npy,"(2, 32, 5120)",2.0210043924498935e-07,1.0659972724219317e-05,-5.145233080838807e-05,0.0001418400788679719,0.00019329240967635997,0.0001418400788679719,1.7720083633321334e-05,4.020559394120939e-05,0.00010621511261706461,0,0,0,-0.6881396239073209,False
J5,J5_E002_C2_YO_S7_5A15.npy,"(2, 32, 5120)",-8.125904120158831e-08,1.1430615091923986e-05,-7.611200271639973e-05,0.00018346788419876248,0.0002595798869151622,0.00018346788419876248,1.9291299850010543e-05,3.6688368963951045e-05,0.00010597852299542857,0,0,0,-0.15246638279529906,False
J5,J5_E003_C2_YO_S7_25A35.npy,"(2, 32, 5120)",1.4305671602617293e-07,1.1958399671941862e-05,-7.007123349467292e-05,0.00019994856847915798,0.0002700198019738309,0.00019994856847915798,1.9204334148525945e-05,4.014575319160944e-05,0.00011221003251557686,0,0,0,0.026592476568008856,False
J5,J5_E004_C4_YF_S12_5A15.npy,"(2, 32, 5120)",-2.2686908355190647e-08,1.0088393825327729e-05,-9.436098480364308e-05,9.386717283632606e-05,0.00018822815763996914,9.436098480364308e-05,2.026272313742083e-05,3.144482281641104e-05,5.166176833881758e-05,0,0,0,-1.536535487259337,False
J5,J5_E005_C4_YO_S12_25A35.npy,"(2, 32, 5120)",5.418036534475759e-08,1.1875915205908263e-05,-0.00012720635277219117,0.00016593303007539362,0.0002931393828475848,0.00016593303007539362,2.277545545439351e-05,4.0321119849977635e-05,7.901608582324095e-05,0,0,0,-0.3615725092809419,False
J5,J5_E006_C4_YF_S12_5A15.npy,"(2, 32, 5120)",4.0849357440843216e-08,1.7616817875049104e-05,-0.00018954943516291678,0.00016825782950036228,0.00035780726466327906,0.00018954943516291678,3.463018274487694e-05,6.49512808013248e-05,0.0001104699112329398,0,0,0,-0.08458550115347703,False
J5,J5_E007_C4_YO_S12_25A35.npy,"(2, 32, 5120)",-1.7335207841345327e-07,1.099901670884827e-05,-0.00011388030543457717,0.00014592651859857142,0.0002598068240331486,0.00014592651859857142,2.0739585670526137e-05,3.4230966957693484e-05,7.204544424894252e-05,0,0,0,-0.6290164762140521,False
J5,J5_E008_C4_YF_S12_5A15.npy,"(2, 32, 5120)",4.217701972390758e-08,1.190226385867566e-05,-9.485204645898193e-05,0.0001407621311955154,0.00023561417765449733,0.0001407621311955154,2.4037838829826797e-05,3.516863249387826e-05,5.228520070158974e-05,0,0,0,-0.7040195277279554,False
J5,J5_E009_C4_YO_S12_25A35.npy,"(2, 32, 5120)",-9.088166984628996e-08,1.0426705622181143e-05,-5.4444477427750826e-05,0.00016103938105516136,0.00021548385848291218,0.00016103938105516136,1.8526129133533685e-05,3.050995797821096e-05,8.544830892788001e-05,0,0,0,-0.4238853821504198,False
J5,J5_E010_C4_YF_S12_5A15.npy,"(2, 32, 5120)",1.168793241334127e-07,1.0687340960119897e-05,-8.569882629672065e-05,6.52846138109453e-05,0.00015098344010766596,8.569882629672065e-05,2.192365000155405e-05,3.2406329155492136e-05,4.749263688790948e-05,0,0,0,-1.73696807681425,False
J5,J5_E011_C4_YO_S12_25A35.npy,"(2, 32, 5120)",-1.5707692803897273e-08,9.61849179769026e-06,-7.211596675915644e-05,0.0001660204870859161,0.00023813645384507254,0.0001660204870859161,1.793214996723691e-05,2.821485530148495e-05,6.471634593617636e-05,0,0,0,-0.36047567503975547,False
J5,J5_E012_C4_YF_S12_5A15.npy,"(2, 32, 5120)",4.714136124204919e-09,1.2230570867131026e-05,-0.00011804409587057307,0.00018388194439467043,0.0003019260402652435,0.00018388194439467043,2.4272665541502647e-05,3.5243625316070484e-05,5.5282111294218074e-05,0,0,0,-0.1477738484291336,False
J5,J5_E013_C4_YO_S12_25A35.npy,"(2, 32, 5120)",1.031945579989659e-07,9.5571403851159e-06,-0.00016307357873301953,0.0001474708114983514,0.0003105443902313709,0.00016307357873301953,1.6934813356783706e-05,2.9618705957545914e-05,7.882843510014913e-05,0,0,0,-0.39775618317246,False
J5,J5_E014_C4_YF_S12_5A15.npy,"(2, 32, 5120)",2.1054056830549416e-07,1.2677434269149492e-05,-0.00010316428233636543,8.735414303373545e-05,0.00019051842537010089,0.00010316428233636543,2.543753344070865e-05,3.646683209808547e-05,5.5817375079641274e-05,0,0,0,-1.3508687295855755,False
J5,J5_E015_C4_YO_S12_25A35.npy,"(2, 32, 5120)",-9.912190504793516e-09,8.854747777782448e-06,-8.41350993141532e-05,0.0001552219910081476,0.0002393570903223008,0.0001552219910081476,1.6141449486894997e-05,2.4610070995549944e-05,6.59911591428681e-05,0,0,0,-0.5004723114573834,False
J5,J5_E016_C3_YF_S11_5A15.npy,"(2, 32, 5120)",8.018170968183955e-08,1.0378648593689683e-05,-7.144414848880842e-05,0.00013482900976669043,0.00020627315825549886,0.00013482900976669043,2.078418774544843e-05,3.087016157223848e-05,4.6919165597500816e-05,0,0,0,-0.7936609482574426,False
J5,J5_E017_C3_YO_S11_25A35.npy,"(2, 32, 5120)",-3.655231076729612e-07,1.0374480503523603e-05,-7.457570609403774e-05,0.00017243179900106043,0.00024700750509509817,0.00017243179900106043,1.9649054320325362e-05,3.015066080479304e-05,6.650025828275821e-05,0,0,0,-0.2816032769243206,False
J5,J5_E018_C3_YF_S11_5A15.npy,"(2, 32, 5120)",7.004368177609953e-08,1.1533888929568026e-05,-0.00017968083557207137,0.00012725878332275897,0.00030693961889483035,0.00017968083557207137,2.3242976021720092e-05,3.465699570369909e-05,5.475055686474635e-05,0,0,0,-0.19588297620228134,False
J5,J5_E019_C3_YO_S11_25A35.npy,"(2, 32, 5120)",-9.86102415366959e-08,9.437805077608879e-06,-6.014749305904843e-05,0.00012600597983691841,0.00018615347289596684,0.00012600597983691841,1.8019454910245258e-05,2.7103591492050358e-05,5.5512186241685295e-05,0,0,0,-0.9345383270071418,False
J5,J5_E020_C3_YF_S11_5A15.npy,"(2, 32, 5120)",-1.238807447141525e-07,1.1963660252739713e-05,-9.815620433073491e-05,0.00011351823195582256,0.00021167443628655747,0.00011351823195582256,2.367750366829568e-05,3.407091237022551e-05,5.297666441401809e-05,0,0,0,-1.1517845785602356,False
J5,J5_E021_C3_YO_S11_25A35.npy,"(2, 32, 5120)",-3.966700681223551e-07,1.0970479300083831e-05,-0.00020084783318452537,0.00013217299419920892,0.0003330208273837343,0.00020084783318452537,2.113640202878741e-05,3.243189665226975e-05,6.831493602658131e-05,0,0,0,0.03593336316660743,False
J5,J5_E022_C3_YF_S11_5A15.npy,"(2, 32, 5120)",2.418372679749351e-07,1.1993123859896162e-05,-7.9500547144562e-05,8.198370051104575e-05,0.00016148424765560776,8.198370051104575e-05,2.424595777483773e-05,3.4334556657995584e-05,4.899453795587754e-05,0,0,0,-1.8292210614584525,False
J5,J5_E023_C3_YO_S11_25A35.npy,"(2, 32, 5120)",2.0545123556610418e-07,9.320683338120532e-06,-6.855106767034158e-05,0.00014463614206761122,0.0002131872097379528,0.00014463614206761122,1.7712608041620115e-05,2.6075316618516822e-05,5.635445574444012e-05,0,0,0,-0.6475050386092693,False
J5,J5_E024_C3_YF_S11_5A15.npy,"(2, 32, 5120)",5.7095646679405144e-08,1.2029473095835109e-05,-0.0002093171642627567,9.436673281015828e-05,0.000303683897072915,0.0002093171642627567,2.3205626621347617e-05,3.417390271351925e-05,6.900977575423883e-05,0,0,0,0.1219090956829821,False
J5,J5_E025_C3_YO_S11_25A35.npy,"(2, 32, 5120)",-5.605386029988649e-08,9.489342455292958e-06,-8.927515591494739e-05,0.00012340923422016203,0.00021268439013510942,0.00012340923422016203,1.8146240199712336e-05,2.806247592161529e-05,5.657087688086885e-05,0,0,0,-0.9778840044307409,False
J5,J5_E026_C3_YF_S11_5A15.npy,"(2, 32, 5120)",1.5185212046582697e-07,9.365291812754464e-06,-5.914065695833415e-05,6.653780292253941e-05,0.00012567845988087356,6.653780292253941e-05,1.9172031898051494e-05,2.8134166186646383e-05,4.093811752682073e-05,0,0,0,-2.263751841521841,False
J5,J5_E027_C3_YO_S11_25A35.npy,"(2, 32, 5120)",2.5871401785866765e-08,9.007728983358933e-06,-9.540597966406494e-05,0.00013565186236519367,0.0002310578420292586,0.00013565186236519367,1.6718751703592714e-05,2.5727021165948835e-05,6.18730232090455e-05,0,0,0,-0.780995794607696,False
J5,J5_E028_C5_YF_S1_5A15.npy,"(2, 32, 5120)",1.6879370557889012e-07,1.0125481375541855e-05,-7.152446050895378e-05,7.543306128354743e-05,0.0001469575217925012,7.543306128354743e-05,2.0454444438655628e-05,2.9969027873448796e-05,4.61033573046732e-05,0,0,0,-2.002564424026367,False
J5,J5_E029_C5_YO_S1_25A35.npy,"(2, 32, 5120)",-4.0093267449807347e-07,1.2590748102381256e-05,-0.00014025255222804844,0.00013682623102795333,0.00027707878325600177,0.00014025255222804844,2.460019459249451e-05,4.173311208433007e-05,8.10548492008817e-05,0,0,0,-0.7115688261580281,False
J5,J5_E030_C5_YF_S1_5A15.npy,"(2, 32, 5120)",1.9838488481164692e-07,1.0727146765825468e-05,-0.0001274340320378542,0.00010248878243146464,0.00022992281446931884,0.0001274340320378542,2.1507577639567898e-05,3.2149270737136255e-05,5.315350619639494e-05,0,0,0,-0.9110799946442774,False
J5,J5_E031_C5_YO_S1_25A35.npy,"(2, 32, 5120)",1.572179890158259e-07,9.465093819296441e-06,-8.499422256136313e-05,0.0001293090172111988,0.00021430323977256194,0.0001293090172111988,1.7808450684242414e-05,2.8191743367642647e-05,5.876213864757985e-05,0,0,0,-0.8806760103033792,False
J5,J5_E032_C5_YF_S1_5A15.npy,"(2, 32, 5120)",6.808726811111599e-08,1.0813663443069294e-05,-0.00011120866111014038,9.368732571601868e-05,0.00020489598682615906,0.00011120866111014038,2.1677534459740854e-05,3.220453902031298e-05,4.962822066590888e-05,0,0,0,-1.194571906760781,False
J5,J5_E033_C5_YO_S1_25A35.npy,"(2, 32, 5120)",-4.6331674347392704e-07,9.110424036663137e-06,-5.885459904675372e-05,0.00010059290798380971,0.00015944750703056343,0.00010059290798380971,1.775380997059983e-05,2.5956828976632124e-05,4.666795260709469e-05,0,0,0,-1.4034098170676617,False
J5,J5_E034_C5_YF_S2_5A15.npy,"(2, 32, 5120)",-2.318102649107168e-08,1.0114975034942766e-05,-0.0001482373190810904,0.00012729800073429942,0.0002755353198153898,0.0001482373190810904,1.9817221891571533e-05,3.0739240210095926e-05,5.6062259234749924e-05,0,0,0,-0.5963121100524915,False
J5,J5_E035_C5_YO_S2_25A35.npy,"(2, 32, 5120)",-1.130871674461873e-07,1.0004943941298686e-05,-9.30488677113317e-05,0.00015291193267330527,0.00024596080038463697,0.00015291193267330527,1.8788087982102297e-05,3.0492778696498144e-05,7.175376408122212e-05,0,0,0,-0.531683852041098,False
J5,J5_E036_C5_YF_S2_5A15.npy,"(2, 32, 5120)",2.1673927347493167e-07,9.90075939809233e-06,-0.0001268359337700531,0.00014745189400855452,0.0002742878277786076,0.00014745189400855452,1.9625024106062482e-05,2.9069793054077417e-05,4.603765775027553e-05,0,0,0,-0.6073705518614815,False
J5,J5_E037_C5_YO_S2_25A35.npy,"(2, 32, 5120)",6.611398301546981e-08,1.1406615183222223e-05,-0.00010990061127813533,0.0001801850157789886,0.00029008562705712393,0.0001801850157789886,2.1562717392953346e-05,3.549417935573737e-05,7.520991364435753e-05,0,0,0,-0.1900502837782972,False
J5,J5_E038_C5_YF_S2_5A15.npy,"(2, 32, 5120)",-1.2744565959447348e-08,1.0340120985558466e-05,-0.00011493979400256649,0.00012186603271402419,0.00023680582671659067,0.00012186603271402419,2.0940799004165456e-05,3.1419130427821096e-05,4.934194007728361e-05,0,0,0,-1.0040777888239525,False
J5,J5_E039_C5_YO_S2_25A35.npy,"(2, 32, 5120)",-1.286233756793409e-07,9.017862660145363e-06,-8.57201885082759e-05,0.00011800566426245496,0.00020372585277073085,0.00011800566426245496,1.6981253884296164e-05,2.6370044797659048e-05,5.9073334527055107e-05,0,0,0,-1.0710833555394574,False
J5,J5_E040_C2_YO_S7_5A15.npy,"(2, 32, 5120)",8.300503188722579e-07,4.347382195351817e-05,-0.00010843988275155425,0.0005777097539976239,0.0006861496367491782,0.0005777097539976239,5.007321433367906e-05,0.00017739591829013296,0.0005331172651494845,0,0,0,2.235175325433186,False
J5,J5_E041_C2_YO_S7_25A35.npy,"(2, 32, 5120)",-9.310917441767741e-08,1.1802908511452558e-05,-5.452592085930519e-05,0.00016286966274492443,0.00021739558360422961,0.00016286966274492443,2.392841288383351e-05,4.075461351021661e-05,8.277523948345151e-05,0,0,0,-0.40036073492170293,False
J5,J5_E042_C1_YF_S6_5A15.npy,"(2, 32, 5120)",8.327613055517387e-08,1.1934003760267948e-05,-6.185637175804004e-05,0.0001610122708370909,0.00022286864259513095,0.0001610122708370909,2.081348957290174e-05,4.171587246673893e-05,0.00011910631338105255,0,0,0,-0.42423583622777494,False
J5,J5_E043_C1_YF_S6_25A35.npy,"(2, 32, 5120)",3.624311843927705e-07,1.5475556138513523e-05,-0.0001235280797118321,0.00021263898815959692,0.000336167067871429,0.00021263898815959692,2.604989394967559e-05,6.384695800079502e-05,0.00015427675041428213,0,0,0,0.15468403451017163,False
J7,J7_E000_C1_YF_S6_5A15.npy,"(2, 32, 5120)",5.794532211572483e-07,1.825290045813116e-05,-8.279820758616552e-05,0.00023981145932339132,0.00032260966690955684,0.00023981145932339132,2.889004827011375e-05,7.623473313287926e-05,0.00018887455889489478,0,0,0,0.4050093080080253,False
J7,J7_E001_C1_YF_S6_25A35.npy,"(2, 32, 5120)",-2.8293179566508684e-07,1.4523719456972964e-05,-5.7291665143566206e-05,0.00020518583187367767,0.0002624774970172439,0.00020518583187367767,2.3167141443991567e-05,4.736753922770751e-05,0.00014972901473811362,0,0,0,0.0804136454076189,False
J7,J7_E002_C2_YO_S7_5A15.npy,"(2, 32, 5120)",-5.182810164737255e-06,2.7649220033397592e-05,-0.00014382127847056836,0.0002633468830026686,0.000407168161473237,0.0002633468830026686,7.235706034407477e-05,0.00010302911759936252,0.00016677283184253602,0,0,0,0.5998851552336568,False
J7,J7_E003_C2_YO_S7_25A35.npy,"(2, 32, 5120)",1.3911070061859428e-07,1.4439667233911352e-05,-9.504516492597759e-05,0.00026933132903650403,0.0003643764939624816,0.00026933132903650403,2.3408099514199395e-05,4.7938065690686934e-05,0.00014039592626795565,0,0,0,0.6466587695952486,False
J7,J7_E004_C3_YF_S11_5A15.npy,"(2, 32, 5120)",-4.3795013334447076e-07,1.0233623183946677e-05,-7.097162597347051e-05,6.470162043115124e-05,0.00013567324640462175,7.097162597347051e-05,2.076708024105755e-05,3.42679335153662e-05,5.379919673214316e-05,0,0,0,-2.129469134093028,False
J7,J7_E005_C3_YO_S11_25A35.npy,"(2, 32, 5120)",-1.132386738676277e-07,1.4355097087540358e-05,-0.00012316305947024375,0.0002145787002518773,0.00033774175972212106,0.0002145787002518773,2.4771694734226908e-05,5.392530732933697e-05,0.00011926211968966512,0,0,0,0.17358633522176606,False
J7,J7_E006_C3_YF_S11_5A15.npy,"(2, 32, 5120)",4.521166721525633e-07,9.541033613163738e-06,-5.8812998759094626e-05,4.97683031426277e-05,0.00010858130190172233,5.8812998759094626e-05,1.9253791197115772e-05,2.724815607507485e-05,3.824283982248738e-05,0,0,0,-2.5206344359981885,False
J7,J7_E007_C3_YO_S11_25A35.npy,"(2, 32, 5120)",2.2538600883356693e-07,1.5296778838331597e-05,-8.377799531444907e-05,0.00021380989346653223,0.0002975878887809813,0.00021380989346653223,2.787756930047179e-05,5.231955812632819e-05,0.0001318493800208664,0,0,0,0.1661149107355014,False
J7,J7_E008_C3_YF_S11_5A15.npy,"(2, 32, 5120)",-3.90000076945847e-07,9.297363406127415e-06,-6.253471656236798e-05,7.080769864842296e-05,0.00013334241521079093,7.080769864842296e-05,1.8293458924745203e-05,2.6098971757164723e-05,4.588536655865006e-05,0,0,0,-2.1342826485298794,False
J7,J7_E009_C3_YO_S11_25A35.npy,"(2, 32, 5120)",1.7331746899134613e-07,1.213622487025438e-05,-6.74494804115966e-05,0.00016411941032856703,0.00023156889074016362,0.00016411941032856703,2.2378023732017014e-05,3.8547299409401605e-05,9.054479374026394e-05,0,0,0,-0.38444909960643725,False
J7,J7_E010_C3_YF_S11_5A15.npy,"(2, 32, 5120)",-7.869267196086819e-08,1.0015701580057997e-05,-7.139821536839008e-05,5.8409084886079654e-05,0.00012980730025446974,7.139821536839008e-05,1.9624501601356304e-05,3.0146552599035303e-05,5.190413637319573e-05,0,0,0,-2.116994810966921,False
J7,J7_E011_C3_YO_S11_25A35.npy,"(2, 32, 5120)",-1.4800140121055183e-06,1.5961494768604588e-05,-0.00010410178947495297,0.00016218211385421455,0.0002662839033291675,0.00016218211385421455,2.8563344858412166e-05,7.131875427148777e-05,9.375480996095567e-05,0,0,0,-0.40916666688329745,False
J7,J7_E012_C3_YF_S11_5A15.npy,"(2, 32, 5120)",2.316549417287432e-07,9.051352266268266e-06,-8.911991608329117e-05,5.646008503390476e-05,0.00014558000111719593,8.911991608329117e-05,1.779053409336484e-05,2.4569919260102346e-05,4.4894292172102695e-05,0,0,0,-1.6554872241130634,False
J7,J7_E013_C3_YO_S11_25A35.npy,"(2, 32, 5120)",-9.674541902631196e-08,1.2957819164766013e-05,-6.829798076068982e-05,0.00020826492982450873,0.00027656291058519855,0.00020826492982450873,2.4132831549650283e-05,4.3284705752739704e-05,0.00010226325170515266,0,0,0,0.111418619571195,False
J7,J7_E014_C3_YF_S11_5A15.npy,"(2, 32, 5120)",-4.26019662962639e-08,1.0035858578960394e-05,-6.273682811297476e-05,8.070012700045481e-05,0.00014343695511342958,8.070012700045481e-05,1.9648653233161894e-05,3.047847472771537e-05,5.262484446575386e-05,0,0,0,-1.8620690675542773,False
J7,J7_E015_C3_YO_S11_25A35.npy,"(2, 32, 5120)",3.38167927390531e-07,1.3006671951112982e-05,-7.610215106979012e-05,0.0001747925125528127,0.0002508946636226028,0.0001747925125528127,2.418277190372464e-05,4.1553225455572926e-05,9.58232203993247e-05,0,0,0,-0.25329825500199227,False
J7,J7_E016_C5_YF_S1_5A15.npy,"(2, 32, 5120)",-3.349879866203605e-07,1.0963995886259246e-05,-0.00011218548024771735,9.754975326359272e-05,0.00020973523351131007,0.00011218548024771735,2.156710861527244e-05,3.392371319932874e-05,6.040405116073056e-05,0,0,0,-1.17636782470479,False
J7,J7_E017_C5_YO_S1_25A35.npy,"(2, 32, 5120)",4.737982273163143e-08,1.3311828391021368e-05,-8.004129631444812e-05,0.00026963077834807336,0.0003496720746625215,0.00026963077834807336,2.4712723188713426e-05,4.0402751401416095e-05,0.00010417808294005206,0,0,0,0.6489718395499681,False
J7,J7_E018_C5_YF_S1_5A15.npy,"(2, 32, 5120)",1.5935462934507118e-07,1.1167624784317344e-05,-8.832027378957719e-05,0.00014637841377407312,0.0002346986875636503,0.00014637841377407312,2.1500289949472063e-05,3.2716185451135984e-05,7.241854134190352e-05,0,0,0,-0.6225803353116695,False
J7,J7_E019_C5_YO_S1_25A35.npy,"(2, 32, 5120)",3.4481646497718557e-07,1.5667258662496113e-05,-9.56173607846722e-05,0.0002489997714292258,0.000344617132213898,0.0002489997714292258,2.8333579120953796e-05,5.3930738249619165e-05,0.0001313586234900864,0,0,0,0.4832746267100441,False
J7,J7_E020_C5_YF_S1_5A15.npy,"(2, 32, 5120)",2.57797587161938e-08,9.539331420653858e-06,-7.694716623518616e-05,8.697742305230349e-05,0.00016392458928748965,8.697742305230349e-05,1.8529057797422862e-05,2.8385220502968935e-05,5.2398170282685876e-05,0,0,0,-1.7061409843710085,False
J7,J7_E021_C5_YO_S1_25A35.npy,"(2, 32, 5120)",-5.007824383946049e-07,1.6952697039248237e-05,-0.0001321028103120625,0.0002776595065370202,0.0004097623168490827,0.0002776595065370202,2.8388235386955773e-05,6.20515357877595e-05,0.0001550323108531297,0,0,0,0.7100496992392443,False
J7,J7_E022_C5_YF_S2_5A15.npy,"(2, 32, 5120)",-1.620851642306711e-07,1.6017498996914917e-05,-0.00020009858417324722,0.00013691069034393877,0.000337009274517186,0.00020009858417324722,3.133208083454519e-05,5.6931623294076726e-05,0.00011616474696347676,0,0,0,0.028153642870965355,False
J7,J7_E023_C5_YO_S2_25A35.npy,"(2, 32, 5120)",-6.404682502694486e-08,1.4764580150370733e-05,-7.19918025424704e-05,0.0001693316298769787,0.0002413234324194491,0.0001693316298769787,2.7795347796200074e-05,5.1135284484189946e-05,0.00011637460379279161,0,0,0,-0.3193687863170401,False
J7,J7_E024_C5_YF_S2_5A15.npy,"(2, 32, 5120)",1.0001719055553219e-07,8.982075408395933e-06,-4.8620222514728084e-05,8.036431245272979e-05,0.00012898453496745788,8.036431245272979e-05,1.767140847732662e-05,2.545774870668539e-05,4.165922403262809e-05,0,0,0,-1.870749155116454,False
J7,J7_E025_C5_YO_S2_25A35.npy,"(2, 32, 5120)",1.4221659156606066e-07,1.2746983785962162e-05,-7.362183532677591e-05,0.00019978953059762716,0.00027341136592440307,0.00019978953059762716,2.341959980185493e-05,4.155226270086133e-05,9.166629512037607e-05,0,0,0,0.02493613958746027,False
J7,J7_E026_C5_YF_S2_5A15.npy,"(2, 32, 5120)",-2.1573012990146178e-07,9.2475599597605e-06,-5.222850450081751e-05,5.10584213770926e-05,0.00010328692587791011,5.222850450081751e-05,1.852860577855608e-05,2.6655831716198017e-05,3.725962352109489e-05,0,0,0,-2.767790076970606,False
J7,J7_E027_C5_YO_S2_25A35.npy,"(2, 32, 5120)",3.610372589937588e-07,1.1859637695871778e-05,-5.342785152606666e-05,0.00017513654893264174,0.0002285644004587084,0.00017513654893264174,2.0168434093648096e-05,3.625237859523623e-05,0.00011162386710202528,0,0,0,-0.24920519479196976,False
J7,J7_E028_C4_YF_S12_5A15.npy,"(2, 32, 5120)",-3.525745914182578e-07,9.680474817322815e-06,-5.68764990021009e-05,7.008468674030155e-05,0.00012696118574240245,7.008468674030155e-05,1.9481900562823284e-05,2.9559717568190576e-05,4.7506545648502634e-05,0,0,0,-2.155646786634378,False
J7,J7_E029_C4_YO_S12_25A35.npy,"(2, 32, 5120)",1.0794410932114497e-07,1.1932614900621933e-05,-6.42948507447727e-05,0.0002580460859462619,0.0003223409366910346,0.0002580460859462619,1.9712204812094568e-05,3.382241851795701e-05,0.00011141333818522953,0,0,0,0.5575584360566986,False
J7,J7_E030_C4_YF_S12_5A15.npy,"(2, 32, 5120)",-2.934660239098361e-07,1.0406204840988711e-05,-0.0001533482427475974,9.69655520748347e-05,0.0002503137948224321,0.0001533482427475974,2.0684192077169424e-05,3.167286900861662e-05,5.196096113650121e-05,0,0,0,-0.5257528422091923,False
J7,J7_E031_C4_YO_S12_25A35.npy,"(2, 32, 5120)",2.811962275624749e-07,1.3649968546743981e-05,-0.0001552746252855286,0.0002561392611823976,0.0004114138864679262,0.0002561392611823976,2.3192598746390996e-05,4.9169591147802085e-05,0.00012306201807223247,0,0,0,0.542119523255991,False
J7,J7_E032_C4_YF_S12_5A15.npy,"(2, 32, 5120)",-3.6190946302174953e-07,1.151873163811342e-05,-7.279068813659251e-05,7.513912714784965e-05,0.00014792981528444216,7.513912714784965e-05,2.3428069653164123e-05,3.6232042439223774e-05,5.605931344325651e-05,0,0,0,-2.010691408885785,False
J7,J7_E033_C4_YO_S12_25A35.npy,"(2, 32, 5120)",-1.0572632532725787e-07,8.782649949770551e-06,-4.1278810385847464e-05,0.0001982659741770476,0.00023954478456289507,0.0001982659741770476,1.6419636358477872e-05,2.271679079058233e-05,5.4112886940856276e-05,0,0,0,0.009001557988210321,False
J7,J7_E034_C4_YF_S12_5A15.npy,"(2, 32, 5120)",-3.498334862938135e-07,1.0646100740947056e-05,-9.286570275435224e-05,9.288365254178643e-05,0.00018574935529613867,9.288365254178643e-05,2.0495203989412394e-05,3.396796379092849e-05,6.794438449287546e-05,0,0,0,-1.5693829207269305,False
J7,J7_E035_C4_YO_S12_25A35.npy,"(2, 32, 5120)",2.7583903740011466e-08,1.1911131621909943e-05,-6.319711974356323e-05,0.00020754341676365584,0.0002707405365072191,0.00020754341676365584,2.1259625737002348e-05,3.498366269923282e-05,0.00010615028016763957,0,0,0,0.10419466399710368,False
J7,J7_E036_C4_YF_S12_5A15.npy,"(2, 32, 5120)",1.3765439872250405e-07,1.1276204843756051e-05,-0.00011174537212355062,0.0001156742000603117,0.00022741957218386233,0.0001156742000603117,2.1148133509996114e-05,3.8053669195505836e-05,7.850817775033634e-05,0,0,0,-1.1126213483761067,False
J7,J7_E037_C4_YO_S12_25A35.npy,"(2, 32, 5120)",-9.775614685222476e-08,1.2639966285266248e-05,-7.942890078993514e-05,0.00022996698680799454,0.0003093958875979297,0.00022996698680799454,2.265667408209992e-05,3.721303863130764e-05,0.00011445147993072162,0,0,0,0.31775505928772396,False
J7,J7_E038_C4_YF_S12_5A15.npy,"(2, 32, 5120)",2.1727722178799038e-07,1.1043315358994751e-05,-6.0848829889437184e-05,0.00016427638183813542,0.0002251252117275726,0.00016427638183813542,2.2367178280546797e-05,3.252381509810224e-05,4.942872241372231e-05,0,0,0,-0.3824591278139233,False
J7,J7_E039_C4_YO_S12_25A35.npy,"(2, 32, 5120)",-1.3665781729637998e-07,1.1679024842413853e-05,-5.8090656239073724e-05,0.00023427166161127388,0.0002923623178503476,0.00023427166161127388,1.9785641597991344e-05,3.4459519229130886e-05,0.00010959146637469516,0,0,0,0.35635931099946,False
J7,J7_E040_C2_YO_S7_5A15.npy,"(2, 32, 5120)",9.942754458065797e-08,2.120363564877648e-05,-0.0001466160756535828,0.00027489999774843454,0.00042151607340201735,0.00027489999774843454,3.8052764466556234e-05,8.757972049352298e-05,0.00019456559502577874,0,0,0,0.6892584791870038,False
J7,J7_E041_C2_YO_S7_25A35.npy,"(2, 32, 5120)",-4.6228486261239846e-07,1.7911954334049714e-05,-0.0002805012627504766,0.0007586852880194783,0.001039186550769955,0.0007586852880194783,2.0138935633440268e-05,4.893004705081709e-05,0.00019803965979372113,0,0,0,2.802438763171513,False
J7,J7_E042_C1_YF_S6_5A15.npy,"(2, 32, 5120)",-1.9518810374173827e-07,1.3685601245587712e-05,-6.961587496334687e-05,0.00021926935005467385,0.0002888852250180207,0.00021926935005467385,2.3864275499363425e-05,4.668429206503793e-05,0.00013517899982980381,0,0,0,0.2185991238807022,False
J7,J7_E043_C1_YF_S6_25A35.npy,"(2, 32, 5120)",-3.3783631043174404e-07,1.5447654561684903e-05,-0.0003956528380513191,0.00018447221373207867,0.0005801250517833978,0.0003956528380513191,2.731433150984229e-05,5.922398551774695e-05,0.00013903256056073523,0,0,0,1.4472246541636284,False
J8,J8_E000_C1_YF_S6_5A15.npy,"(2, 32, 5120)",5.207679868637785e-07,1.5935186399111385e-05,-6.979423778830096e-05,0.0003049583174288273,0.00037475255521712825,0.0003049583174288273,2.146371789422119e-05,5.122892376675755e-05,0.00020229133997053786,0,0,0,0.9052595473370604,False
J8,J8_E001_C1_YF_S6_25A35.npy,"(2, 32, 5120)",-5.193859024125853e-07,1.3444730703117686e-05,-0.00017749532707966864,0.0002111468493239954,0.00038864217640366405,0.0002111468493239954,2.2430007902585196e-05,4.601624590577569e-05,0.0001611034154630033,0,0,0,0.1400255785743172,False
J8,J8_E002_C2_YO_S7_5A15.npy,"(2, 32, 5120)",1.1042432205945295e-07,3.941758711587947e-05,-0.0004418835451360792,0.0007388229132629931,0.0011807064583990723,0.0007388229132629931,6.886850678711194e-05,0.0001318609082954942,0.000417863881099037,0,0,0,2.7472168984225465,False
J8,J8_E003_C2_YO_S7_25A35.npy,"(2, 32, 5120)",-3.1842074405969975e-06,0.00011295732335769728,-0.001171413343399763,0.0010395158315077424,0.0022109291749075055,0.001171413343399763,0.00023568148390040733,0.0005164058774244049,0.0009751742341904897,0,0,0,3.7066349998989123,True
J8,J8_E004_C4_YF_S12_5A15.npy,"(2, 32, 5120)",-6.229703106261664e-10,1.490425445915676e-05,-0.00011840846127597615,0.0001555598428240046,0.00027396830409998074,0.0001555598428240046,2.766481848084367e-05,5.2061626738577894e-05,0.00010631116971489961,0,0,0,-0.49594652102704223,False
J8,J8_E005_C4_YO_S12_25A35.npy,"(2, 32, 5120)",-3.4210700249096863e-07,1.3272330060618916e-05,-0.00014095379447098821,0.0002020713873207569,0.0003430251817917451,0.0002020713873207569,2.4234211923612745e-05,4.354661152319774e-05,0.00010918373776803329,0,0,0,0.048575782045795324,False
J8,J8_E006_C4_YF_S12_5A15.npy,"(2, 32, 5120)",-7.053439249300412e-07,1.1564206948896398e-05,-9.262990351999179e-05,0.00010525368998060003,0.00019788359350059181,0.00010525368998060003,2.2411498594010482e-05,3.7497770281333947e-05,6.897502458741637e-05,0,0,0,-1.3091312519857936,False
J8,J8_E007_C4_YO_S12_25A35.npy,"(2, 32, 5120)",8.466561438348701e-08,1.618088237788331e-05,-0.00020452785247471184,0.00024261417274829,0.00044714202522300184,0.00024261417274829,3.0074832284299192e-05,5.82409695198295e-05,0.00013619832984113569,0,0,0,0.4291960204704442,False
J8,J8_E008_C4_YF_S12_5A15.npy,"(2, 32, 5120)",-7.44415357328884e-07,1.8613108112325397e-05,-0.00025211175670847297,0.00029603997245430946,0.0005481517291627824,0.00029603997245430946,3.797317076532635e-05,6.625520662055353e-05,0.00011361015315924298,0,0,0,0.8434768950843083,False
J8,J8_E009_C4_YO_S12_25A35.npy,"(2, 32, 5120)",1.2471764733542127e-07,1.3358835624278909e-05,-0.00015696490299887955,0.0002263259084429592,0.00038329081144183874,0.0002263259084429592,2.3279234665096737e-05,4.228002060699533e-05,0.00011619983892887794,0,0,0,0.2845335641527383,False
J8,J8_E010_C4_YF_S12_5A15.npy,"(2, 32, 5120)",-1.093546878579465e-07,1.2768994061116796e-05,-9.364906145492569e-05,0.00012251768202986568,0.00021616674348479137,0.00012251768202986568,2.493429219612153e-05,4.400045789225273e-05,7.628993794060077e-05,0,0,0,-0.9929766803286779,False
J8,J8_E011_C4_YO_S12_25A35.npy,"(2, 32, 5120)",5.119217675794869e-08,1.6767976851069863e-05,-0.00013852346455678344,0.0002856783685274422,0.00042420183308422565,0.0002856783685274422,2.7612855501502046e-05,5.2032005660294423e-05,0.0001700119590823305,0,0,0,0.7693144905173203,False
J8,J8_E012_C4_YF_S12_5A15.npy,"(2, 32, 5120)",-6.924550606559321e-07,1.3101222596982224e-05,-0.00010080376523546875,9.744357521412894e-05,0.0001982473404495977,0.00010080376523546875,2.599473527880035e-05,4.2885173679678875e-05,7.303931903879845e-05,0,0,0,-1.399051086299873,False
J8,J8_E013_C4_YO_S12_25A35.npy,"(2, 32, 5120)",-4.5648758989428677e-07,1.4409860704613296e-05,-0.0002385117841186002,0.0002000583044718951,0.0004385700885904953,0.0002385117841186002,2.4263194609375203e-05,4.8123915039468906e-05,0.0001322689605440234,0,0,0,0.3936973429938421,False
J8,J8_E014_C5_YF_S1_5A15.npy,"(2, 32, 5120)",4.8733764708011305e-08,1.6660453123974997e-05,-0.00013454828877002,0.00013367792416829616,0.00026822621293831617,0.00013454828877002,3.414286693441681e-05,5.9676541604858634e-05,0.00010550897862412913,0,0,0,-0.7979994292323371,False
J8,J8_E015_C5_YO_S1_25A35.npy,"(2, 32, 5120)",-2.5260245592272576e-08,1.5139678591326389e-05,-0.00012794746726285666,0.0003029405197594315,0.00043088798702228814,0.0003029405197594315,2.5548218491167057e-05,4.8298930159944637e-05,0.00012941911032248674,0,0,0,0.891440709047872,False
J8,J8_E016_C5_YF_S1_5A15.npy,"(2, 32, 5120)",-5.3502302901732094e-08,1.3654127587867131e-05,-0.0001108630167436786,0.00012331556354183704,0.00023417858028551564,0.00012331556354183704,2.6617675939633045e-05,5.080263345007571e-05,8.28208758321123e-05,0,0,0,-0.9794645772917385,False
J8,J8_E017_C5_YO_S1_25A35.npy,"(2, 32, 5120)",1.0354433658979269e-08,1.5100238144743728e-05,-0.00016470722039230168,0.0002772902953438461,0.00044199751573614776,0.0002772902953438461,2.735252610364114e-05,4.78860898147106e-05,0.00012151459189772037,0,0,0,0.7072799218957705,False
J8,J8_E018_C5_YF_S2_5A15.npy,"(2, 32, 5120)",-8.692646661416803e-08,1.5487441432351785e-05,-0.000131155364215374,0.00015577739395666867,0.00028693275817204267,0.00015577739395666867,2.977635876959539e-05,5.513511961908094e-05,9.7423931547382e-05,0,0,0,-0.493037452249937,False
J8,J8_E019_C5_YO_S2_25A35.npy,"(2, 32, 5120)",-2.6726248280742783e-07,1.542401247272808e-05,-0.00016859399329405278,0.0002737393951974809,0.0004423333884915337,0.0002737393951974809,2.8222871242178335e-05,5.3407359155244226e-05,0.00013405580847756861,0,0,0,0.6804516247621876,False
J8,J8_E020_C5_YF_S2_5A15.npy,"(2, 32, 5120)",-1.2381847173941023e-07,1.193249465781794e-05,-0.00012171663547633216,0.00015034718671813607,0.00027206382219446823,0.00015034718671813607,2.382365564699284e-05,3.58390453038738e-05,5.799733419189543e-05,0,0,0,-0.5668937263693509,False
J8,J8_E021_C5_YO_S2_25A35.npy,"(2, 32, 5120)",-2.441776217932533e-08,1.2878037162556604e-05,-0.00010196726361755282,0.00024115454289130867,0.0003431218065088615,0.00024115454289130867,2.2500227078126042e-05,3.962266855523943e-05,0.00011327503385109565,0,0,0,0.41663485569962966,False
J8,J8_E022_C3_YF_S11_5A15.npy,"(2, 32, 5120)",2.3609024323482366e-07,1.4028393239319612e-05,-0.00010629223106661811,0.00015360128600150347,0.0002598935170681216,0.00015360128600150347,2.6231119318254052e-05,4.979732100764536e-05,9.280707038851656e-05,0,0,0,-0.5223208086387972,False
J8,J8_E023_C3_YO_S11_25A35.npy,"(2, 32, 5120)",-7.052463160732153e-06,5.027278309187682e-05,-0.0007051193388178945,0.000173435197211802,0.0008785545360296965,0.0007051193388178945,2.7526222220330963e-05,0.0003040618533850651,0.0005413732673623597,0,0,0,2.650025313717342,False
J8,J8_E024_C3_YF_S11_5A15.npy,"(2, 32, 5120)",-3.031526265310825e-07,1.3450312518557679e-05,-8.521737618139014e-05,0.00015222383080981672,0.00023744120699120685,0.00015222383080981672,2.5454378737777e-05,4.535634161584313e-05,9.476621804060397e-05,0,0,0,-0.541072087953353,False
J8,J8_E025_C3_YO_S11_25A35.npy,"(2, 32, 5120)",-1.1559974144394086e-07,1.4454276573822464e-05,-0.00012573796266224235,0.00027921615401282907,0.0004049541166750714,0.00027921615401282907,2.496317765690037e-05,4.4085135741624994e-05,0.0001306057011825025,0,0,0,0.7216871217619517,False
J8,J8_E026_C3_YF_S11_5A15.npy,"(2, 32, 5120)",-4.2428927243516753e-08,1.5011181034800583e-05,-0.00014710196410305798,0.0001354967535007745,0.0002825987176038325,0.00014710196410305798,2.8954496247024502e-05,5.372001145588002e-05,0.00010012110137176931,0,0,0,-0.6123163932488603,False
J8,J8_E027_C3_YO_S11_25A35.npy,"(2, 32, 5120)",2.1508736536352947e-07,1.4609162673197468e-05,-9.406661411048844e-05,0.0003116954758297652,0.00040576208994025365,0.0003116954758297652,2.3638941365788912e-05,4.353600936156003e-05,0.00014510088285896812,0,0,0,0.9507453924099218,False
J8,J8_E028_C2_YO_S7_5A15.npy,"(2, 32, 5120)",-8.197476943146692e-07,1.1665421061239072e-05,-6.250881415326148e-05,0.000220625675865449,0.0002831344900187105,0.000220625675865449,1.9836326191580153e-05,3.3366856005159244e-05,0.00010885158390010418,0,0,0,0.23143542769706885,False
J8,J8_E029_C2_YO_S7_25A35.npy,"(2, 32, 5120)",1.2801987913742696e-07,1.4034882874145234e-05,-8.213897672249004e-05,0.00026219114079140127,0.0003443301175138913,0.00026219114079140127,2.302834245710982e-05,4.708931850473183e-05,0.00013316537777427478,0,0,0,0.5907296741833921,False
J8,J8_E030_C1_YF_S6_5A15.npy,"(2, 32, 5120)",-3.4431959853775043e-07,1.2776326912919376e-05,-6.962726183701307e-05,0.0002770657301880419,0.000346692992025055,0.0002770657301880419,1.930089647430577e-05,3.5430298630672306e-05,0.00013826579753367665,0,0,0,0.7055934571838801,False
J8,J8_E031_C1_YF_S6_25A35.npy,"(2, 32, 5120)",1.475379905354301e-07,1.7909994593756635e-05,-0.00011387885024305433,0.0002303719229530543,0.00034425077319610864,0.0002303719229530543,2.6374013941676818e-05,7.818057827535096e-05,0.00018519083257706353,0,0,0,0.3214171795949405,False
