relative_path,source_shape,target_shape,target_min_microvolts,target_max_microvolts,target_mean_microvolts,target_std_microvolts,all_values_finite
J1/epochs/J1_E000_C1_YF_S6_5A15.npy,"(2, 32, 5120)","(2, 5, 32, 256)",-121.92589569091797,152.05445861816406,-0.13293983042240143,13.581737518310547,True
J1/epochs/J1_E001_C1_YF_S6_25A35.npy,"(2, 32, 5120)","(2, 5, 32, 256)",-83.06468200683594,176.0311737060547,-0.023153532296419144,11.905677795410156,True
J1/epochs/J1_E002_C2_YO_S7_5A15.npy,"(2, 32, 5120)","(2, 5, 32, 256)",-2259.410400390625,3363.10498046875,0.05323364585638046,70.09639739990234,True
J1/epochs/J1_E003_C2_YO_S7_25A35.npy,"(2, 32, 5120)","(2, 5, 32, 256)",-91.68338775634766,189.619140625,0.04741080477833748,11.886387825012207,True
J1/epochs/J1_E004_C3_YF_S11_5A15.npy,"(2, 32, 5120)","(2, 5, 32, 256)",-381.7908630371094,293.5709533691406,-0.048794109374284744,22.126577377319336,True
J1/epochs/J1_E005_C3_YO_S11_25A35.npy,"(2, 32, 5120)","(2, 5, 32, 256)",-364.3338317871094,301.8405456542969,-0.06938467919826508,23.506210327148438,True
J1/epochs/J1_E006_C3_YF_S11_5A15.npy,"(2, 32, 5120)","(2, 5, 32, 256)",-290.462890625,196.346923828125,-0.20362496376037598,17.32851791381836,True
J1/epochs/J1_E007_C3_YO_S11_25A35.npy,"(2, 32, 5120)","(2, 5, 32, 256)",-317.8564758300781,263.4284973144531,-0.06677982956171036,20.482019424438477,True
J1/epochs/J1_E008_C3_YF_S11_5A15.npy,"(2, 32, 5120)","(2, 5, 32, 256)",-179.23411560058594,162.7567596435547,0.07985086739063263,14.845160484313965,True
J1/epochs/J1_E009_C3_YO_S11_25A35.npy,"(2, 32, 5120)","(2, 5, 32, 256)",-274.62744140625,277.52667236328125,0.11254692077636719,19.881141662597656,True
J1/epochs/J1_E010_C3_YF_S11_5A15.npy,"(2, 32, 5120)","(2, 5, 32, 256)",-145.47254943847656,161.17498779296875,0.05829824134707451,14.180354118347168,True
J1/epochs/J1_E011_C3_YO_S11_25A35.npy,"(2, 32, 5120)","(2, 5, 32, 256)",-228.58145141601562,377.4120788574219,-0.13743969798088074,18.26240348815918,True
J1/epochs/J1_E012_C3_YF_S11_5A15.npy,"(2, 32, 5120)","(2, 5, 32, 256)",-293.6549987792969,305.5738220214844,0.02787010930478573,19.3781681060791,True
J1/epochs/J1_E013_C3_YO_S11_25A35.npy,"(2, 32, 5120)","(2, 5, 32, 256)",-360.1770935058594,448.7150573730469,0.13817597925662994,23.328218460083008,True
J1/epochs/J1_E014_C4_YF_S12_5A15.npy,"(2, 32, 5120)","(2, 5, 32, 256)",-183.2065887451172,226.61419677734375,0.07850819081068039,13.725170135498047,True
J1/epochs/J1_E015_C4_YO_S12_25A35.npy,"(2, 32, 5120)","(2, 5, 32, 256)",-262.6059875488281,185.866943359375,-0.3975837230682373,15.183356285095215,True
J1/epochs/J1_E016_C4_YF_S12_5A15.npy,"(2, 32, 5120)","(2, 5, 32, 256)",-191.62167358398438,185.8892059326172,0.0005076050874777138,14.998281478881836,True
J1/epochs/J1_E017_C4_YO_S12_25A35.npy,"(2, 32, 5120)","(2, 5, 32, 256)",-191.51609802246094,177.6068878173828,0.09199491888284683,14.064476013183594,True
J1/epochs/J1_E018_C4_YF_S12_5A15.npy,"(2, 32, 5120)","(2, 5, 32, 256)",-124.02747344970703,152.09112548828125,-0.05035555362701416,13.952679634094238,True
J1/epochs/J1_E019_C4_YO_S12_25A35.npy,"(2, 32, 5120)","(2, 5, 32, 256)",-98.06626892089844,176.53489685058594,0.1529429405927658,14.401776313781738,True
J1/epochs/J1_E020_C4_YF_S12_5A15.npy,"(2, 32, 5120)","(2, 5, 32, 256)",-172.4567108154297,201.72732543945312,0.019540268927812576,14.367177963256836,True
J1/epochs/J1_E021_C4_YO_S12_25A35.npy,"(2, 32, 5120)","(2, 5, 32, 256)",-139.8490447998047,182.52394104003906,0.14149847626686096,16.05112648010254,True
J1/epochs/J1_E022_C4_YF_S12_5A15.npy,"(2, 32, 5120)","(2, 5, 32, 256)",-348.2933044433594,504.4429626464844,-0.11088778078556061,24.34173583984375,True
J1/epochs/J1_E023_C4_YO_S12_25A35.npy,"(2, 32, 5120)","(2, 5, 32, 256)",-126.85958862304688,166.11070251464844,-0.034047216176986694,16.25951385498047,True
J1/epochs/J1_E024_C4_YF_S12_5A15.npy,"(2, 32, 5120)","(2, 5, 32, 256)",-109.57508087158203,114.97090911865234,0.10010214895009995,13.909832000732422,True
J1/epochs/J1_E025_C4_YO_S12_25A35.npy,"(2, 32, 5120)","(2, 5, 32, 256)",-160.50144958496094,184.93695068359375,-0.08761624246835709,15.830469131469727,True
J1/epochs/J1_E026_C5_YF_S1_5A15.npy,"(2, 32, 5120)","(2, 5, 32, 256)",-108.20104217529297,153.2497100830078,-0.19240018725395203,12.667632102966309,True
J1/epochs/J1_E027_C5_YO_S1_25A35.npy,"(2, 32, 5120)","(2, 5, 32, 256)",-83.0768814086914,164.17868041992188,0.03424298018217087,13.412327766418457,True
J1/epochs/J1_E028_C5_YF_S1_5A15.npy,"(2, 32, 5120)","(2, 5, 32, 256)",-114.15589141845703,94.25829315185547,0.18491487205028534,12.977601051330566,True
J1/epochs/J1_E029_C5_YO_S1_25A35.npy,"(2, 32, 5120)","(2, 5, 32, 256)",-80.52095794677734,175.40890502929688,-0.031558312475681305,12.97872257232666,True
J1/epochs/J1_E030_C5_YF_S1_5A15.npy,"(2, 32, 5120)","(2, 5, 32, 256)",-161.42738342285156,147.9664764404297,-0.047452956438064575,12.605058670043945,True
J1/epochs/J1_E031_C5_YO_S1_25A35.npy,"(2, 32, 5120)","(2, 5, 32, 256)",-69.87667846679688,160.37948608398438,0.11693630367517471,12.528023719787598,True
J1/epochs/J1_E032_C5_YF_S2_5A15.npy,"(2, 32, 5120)","(2, 5, 32, 256)",-108.83704376220703,104.90288543701172,0.10884461551904678,13.593300819396973,True
J1/epochs/J1_E033_C5_YO_S2_25A35.npy,"(2, 32, 5120)","(2, 5, 32, 256)",-94.3747329711914,178.45339965820312,0.2434474527835846,13.022139549255371,True
J1/epochs/J1_E034_C5_YF_S2_5A15.npy,"(2, 32, 5120)","(2, 5, 32, 256)",-119.8066177368164,107.28410339355469,-0.1786826103925705,12.407547950744629,True
J1/epochs/J1_E035_C5_YO_S2_25A35.npy,"(2, 32, 5120)","(2, 5, 32, 256)",-290.0868225097656,309.1239318847656,0.1203446164727211,14.900120735168457,True
J1/epochs/J1_E036_C5_YF_S2_5A15.npy,"(2, 32, 5120)","(2, 5, 32, 256)",-390.0460205078125,376.5357666015625,0.009525761939585209,14.590798377990723,True
J1/epochs/J1_E037_C5_YO_S2_25A35.npy,"(2, 32, 5120)","(2, 5, 32, 256)",-92.38933563232422,168.1505889892578,-0.10204213857650757,13.355643272399902,True
J1/epochs/J1_E038_C2_YO_S7_5A15.npy,"(2, 32, 5120)","(2, 5, 32, 256)",-543.0774536132812,269.6909484863281,0.022002071142196655,19.497549057006836,True
J1/epochs/J1_E039_C2_YO_S7_25A35.npy,"(2, 32, 5120)","(2, 5, 32, 256)",-100.57258605957031,166.53753662109375,-0.16562002897262573,12.195832252502441,True
J1/epochs/J1_E040_C1_YF_S6_5A15.npy,"(2, 32, 5120)","(2, 5, 32, 256)",-1814.970703125,1424.4862060546875,0.06978132575750351,38.264076232910156,True
J1/epochs/J1_E041_C1_YF_S6_25A35.npy,"(2, 32, 5120)","(2, 5, 32, 256)",-72.60758209228516,170.74700927734375,-0.0731932669878006,13.49340534210205,True
J10/epochs/J10_E000_C1_YF_S6_5A15.npy,"(2, 32, 5120)","(2, 5, 32, 256)",-89.68645477294922,194.8060760498047,0.05454150587320328,12.724543571472168,True
J10/epochs/J10_E001_C1_YF_S6_25A35.npy,"(2, 32, 5120)","(2, 5, 32, 256)",-94.40190124511719,195.56390380859375,0.17111913859844208,12.339971542358398,True
J10/epochs/J10_E002_C2_YO_S7_5A15.npy,"(2, 32, 5120)","(2, 5, 32, 256)",-101.19915771484375,174.1724853515625,-0.17946861684322357,12.074007987976074,True
J10/epochs/J10_E003_C2_YO_S7_25A35.npy,"(2, 32, 5120)","(2, 5, 32, 256)",-76.3458023071289,106.44088745117188,-0.10416756570339203,9.28287410736084,True
J10/epochs/J10_E004_C4_YF_S12_5A15.npy,"(2, 32, 5120)","(2, 5, 32, 256)",-76.8138427734375,65.92920684814453,0.030038943514227867,11.800223350524902,True
J10/epochs/J10_E005_C4_YO_S12_25A35.npy,"(2, 32, 5120)","(2, 5, 32, 256)",-71.62609100341797,205.91702270507812,0.005338923539966345,9.133288383483887,True
J10/epochs/J10_E006_C4_YF_S12_5A15.npy,"(2, 32, 5120)","(2, 5, 32, 256)",-81.62959289550781,85.36540985107422,0.10342808067798615,12.294164657592773,True
J10/epochs/J10_E007_C4_YO_S12_25A35.npy,"(2, 32, 5120)","(2, 5, 32, 256)",-82.8329849243164,187.06759643554688,0.04140053316950798,9.877105712890625,True
J10/epochs/J10_E008_C4_YF_S12_5A15.npy,"(2, 32, 5120)","(2, 5, 32, 256)",-77.03711700439453,76.80768585205078,0.06756658852100372,12.214254379272461,True
J10/epochs/J10_E009_C4_YO_S12_25A35.npy,"(2, 32, 5120)","(2, 5, 32, 256)",-68.93756103515625,204.48008728027344,-0.013042902573943138,10.073946952819824,True
J10/epochs/J10_E010_C4_YF_S12_5A15.npy,"(2, 32, 5120)","(2, 5, 32, 256)",-120.5604248046875,163.36293029785156,-0.09592738002538681,16.715394973754883,True
J10/epochs/J10_E011_C4_YO_S12_25A35.npy,"(2, 32, 5120)","(2, 5, 32, 256)",-70.33543395996094,125.68036651611328,0.18985894322395325,9.18204116821289,True
J10/epochs/J10_E012_C4_YF_S12_5A15.npy,"(2, 32, 5120)","(2, 5, 32, 256)",-97.9382553100586,120.76420593261719,0.04154558107256889,13.723149299621582,True
J10/epochs/J10_E013_C4_YO_S12_25A35.npy,"(2, 32, 5120)","(2, 5, 32, 256)",-74.81837463378906,194.6579132080078,-0.04458467289805412,10.740175247192383,True
J10/epochs/J10_E014_C4_YF_S12_5A15.npy,"(2, 32, 5120)","(2, 5, 32, 256)",-76.03842163085938,104.43858337402344,0.024482496082782745,12.849364280700684,True
J10/epochs/J10_E015_C4_YO_S12_25A35.npy,"(2, 32, 5120)","(2, 5, 32, 256)",-90.5115966796875,189.11871337890625,0.039066821336746216,9.804953575134277,True
J10/epochs/J10_E016_C3_YF_S11_5A15.npy,"(2, 32, 5120)","(2, 5, 32, 256)",-76.6431655883789,92.76809692382812,0.04864029958844185,11.701955795288086,True
J10/epochs/J10_E017_C3_YO_S11_25A35.npy,"(2, 32, 5120)","(2, 5, 32, 256)",-87.33143615722656,164.05453491210938,0.10191391408443451,13.982486724853516,True
J10/epochs/J10_E018_C3_YF_S11_5A15.npy,"(2, 32, 5120)","(2, 5, 32, 256)",-84.94071197509766,60.09077835083008,-0.04355350881814957,12.213720321655273,True
J10/epochs/J10_E019_C3_YO_S11_25A35.npy,"(2, 32, 5120)","(2, 5, 32, 256)",-67.8213119506836,167.235107421875,0.013517238199710846,12.22140884399414,True
J10/epochs/J10_E020_C3_YF_S11_5A15.npy,"(2, 32, 5120)","(2, 5, 32, 256)",-83.59037017822266,87.53661346435547,0.12743213772773743,12.793586730957031,True
J10/epochs/J10_E021_C3_YO_S11_25A35.npy,"(2, 32, 5120)","(2, 5, 32, 256)",-66.95823669433594,196.58773803710938,0.16374659538269043,12.38999080657959,True
J10/epochs/J10_E022_C3_YF_S11_5A15.npy,"(2, 32, 5120)","(2, 5, 32, 256)",-131.55992126464844,84.57520294189453,-0.043207284063100815,13.818207740783691,True
J10/epochs/J10_E023_C3_YO_S11_25A35.npy,"(2, 32, 5120)","(2, 5, 32, 256)",-69.16349029541016,176.232666015625,0.020997215062379837,10.63903522491455,True
J10/epochs/J10_E024_C3_YF_S11_5A15.npy,"(2, 32, 5120)","(2, 5, 32, 256)",-116.36148834228516,95.44831848144531,-0.03158831223845482,14.068093299865723,True
J10/epochs/J10_E025_C3_YO_S11_25A35.npy,"(2, 32, 5120)","(2, 5, 32, 256)",-62.315189361572266,177.18539428710938,-0.06408378481864929,10.471246719360352,True
J10/epochs/J10_E026_C3_YF_S11_5A15.npy,"(2, 32, 5120)","(2, 5, 32, 256)",-91.96499633789062,82.6824722290039,-0.054175376892089844,13.038214683532715,True
J10/epochs/J10_E027_C3_YO_S11_25A35.npy,"(2, 32, 5120)","(2, 5, 32, 256)",-86.50081634521484,152.79722595214844,0.10432803630828857,10.332225799560547,True
J10/epochs/J10_E028_C5_YF_S1_5A15.npy,"(2, 32, 5120)","(2, 5, 32, 256)",-68.89794921875,77.49590301513672,0.015227729454636574,11.269420623779297,True
J10/epochs/J10_E029_C5_YO_S1_25A35.npy,"(2, 32, 5120)","(2, 5, 32, 256)",-68.6920394897461,158.3931884765625,-0.04731978848576546,11.098665237426758,True
J10/epochs/J10_E030_C5_YF_S1_5A15.npy,"(2, 32, 5120)","(2, 5, 32, 256)",-81.09059143066406,106.58364868164062,0.04891208931803703,13.785319328308105,True
J10/epochs/J10_E031_C5_YO_S1_25A35.npy,"(2, 32, 5120)","(2, 5, 32, 256)",-96.4815444946289,149.69325256347656,-0.13762304186820984,10.992884635925293,True
J10/epochs/J10_E032_C5_YF_S1_5A15.npy,"(2, 32, 5120)","(2, 5, 32, 256)",-90.25006866455078,73.17755889892578,0.10524091869592667,13.488142967224121,True
J10/epochs/J10_E033_C5_YO_S1_25A35.npy,"(2, 32, 5120)","(2, 5, 32, 256)",-100.53108978271484,178.18231201171875,-0.22337131202220917,14.182132720947266,True
J10/epochs/J10_E034_C5_YF_S2_5A15.npy,"(2, 32, 5120)","(2, 5, 32, 256)",-118.07073974609375,89.15248107910156,0.0868990570306778,12.781364440917969,True
J10/epochs/J10_E035_C5_YO_S2_25A35.npy,"(2, 32, 5120)","(2, 5, 32, 256)",-72.56940460205078,178.51988220214844,-0.1787155121564865,11.948259353637695,True
J10/epochs/J10_E036_C5_YF_S2_5A15.npy,"(2, 32, 5120)","(2, 5, 32, 256)",-90.46672821044922,101.7269058227539,0.031050581485033035,12.565120697021484,True
J10/epochs/J10_E037_C5_YO_S2_25A35.npy,"(2, 32, 5120)","(2, 5, 32, 256)",-86.13511657714844,191.6896209716797,0.32876402139663696,13.499216079711914,True
J10/epochs/J10_E038_C5_YF_S2_5A15.npy,"(2, 32, 5120)","(2, 5, 32, 256)",-105.66316223144531,74.75777435302734,0.06858845055103302,11.872306823730469,True
J10/epochs/J10_E039_C5_YO_S2_25A35.npy,"(2, 32, 5120)","(2, 5, 32, 256)",-65.75927734375,169.44004821777344,0.05737517029047012,11.397051811218262,True
J10/epochs/J10_E040_C2_YO_S7_5A15.npy,"(2, 32, 5120)","(2, 5, 32, 256)",-71.91273498535156,163.51242065429688,0.09569527208805084,11.517485618591309,True
J10/epochs/J10_E041_C2_YO_S7_25A35.npy,"(2, 32, 5120)","(2, 5, 32, 256)",-77.14385223388672,134.9205322265625,-0.2945597469806671,11.398597717285156,True
J10/epochs/J10_E042_C1_YF_S6_5A15.npy,"(2, 32, 5120)","(2, 5, 32, 256)",-108.30014038085938,175.35369873046875,-0.013417231850326061,11.738529205322266,True
J10/epochs/J10_E043_C1_YF_S6_25A35.npy,"(2, 32, 5120)","(2, 5, 32, 256)",-135.1750946044922,143.21839904785156,-0.1511124074459076,14.349324226379395,True
J15/epochs/J15_E000_C1_YF_S6_5A15.npy,"(2, 32, 5120)","(2, 5, 32, 256)",-93.36976623535156,297.4718933105469,0.07292383164167404,16.020709991455078,True
J15/epochs/J15_E001_C1_YF_S6_25A35.npy,"(2, 32, 5120)","(2, 5, 32, 256)",-164.03184509277344,244.90478515625,-0.17640212178230286,14.42214298248291,True
J15/epochs/J15_E002_C2_YO_S7_5A15.npy,"(2, 32, 5120)","(2, 5, 32, 256)",-59.39442825317383,253.3622283935547,-0.051303427666425705,14.443352699279785,True
J15/epochs/J15_E003_C2_YO_S7_25A35.npy,"(2, 32, 5120)","(2, 5, 32, 256)",-78.04093933105469,205.51593017578125,0.06281916797161102,10.978047370910645,True
J15/epochs/J15_E004_C5_YF_S1_5A15.npy,"(2, 32, 5120)","(2, 5, 32, 256)",-103.41378021240234,58.750709533691406,0.02016066014766693,11.297550201416016,True
J15/epochs/J15_E005_C5_YO_S1_25A35.npy,"(2, 32, 5120)","(2, 5, 32, 256)",-69.4159927368164,330.705810546875,0.10786902904510498,16.30792236328125,True
J15/epochs/J15_E006_C5_YF_S1_5A15.npy,"(2, 32, 5120)","(2, 5, 32, 256)",-165.15603637695312,175.5562286376953,-0.06059330701828003,17.245906829833984,True
J15/epochs/J15_E007_C5_YO_S1_25A35.npy,"(2, 32, 5120)","(2, 5, 32, 256)",-75.95384216308594,360.0166320800781,-0.1887776106595993,20.076631546020508,True
J15/epochs/J15_E008_C5_YF_S1_5A15.npy,"(2, 32, 5120)","(2, 5, 32, 256)",-81.18647003173828,74.11112213134766,0.2798050343990326,12.235922813415527,True
J15/epochs/J15_E009_C5_YO_S1_25A35.npy,"(2, 32, 5120)","(2, 5, 32, 256)",-109.48519134521484,328.1770324707031,0.13927480578422546,15.558877944946289,True
J15/epochs/J15_E010_C5_YF_S2_5A15.npy,"(2, 32, 5120)","(2, 5, 32, 256)",-66.00090026855469,70.92808532714844,0.023325830698013306,11.515389442443848,True
J15/epochs/J15_E011_C5_YO_S2_25A35.npy,"(2, 32, 5120)","(2, 5, 32, 256)",-101.46345520019531,338.7343444824219,0.018799956887960434,16.599987030029297,True
J15/epochs/J15_E012_C5_YF_S2_5A15.npy,"(2, 32, 5120)","(2, 5, 32, 256)",-65.5521469116211,62.105506896972656,0.034084681421518326,11.27528190612793,True
J15/epochs/J15_E013_C5_YO_S2_25A35.npy,"(2, 32, 5120)","(2, 5, 32, 256)",-106.0493392944336,337.592041015625,-0.06584813445806503,25.079561233520508,True
J15/epochs/J15_E014_C5_YF_S2_5A15.npy,"(2, 32, 5120)","(2, 5, 32, 256)",-83.19213104248047,70.61354064941406,-0.06214548274874687,11.727036476135254,True
J15/epochs/J15_E015_C5_YO_S2_25A35.npy,"(2, 32, 5120)","(2, 5, 32, 256)",-84.5427474975586,296.9655456542969,-0.006639748811721802,16.669170379638672,True
J15/epochs/J15_E016_C4_YF_S12_5A15.npy,"(2, 32, 5120)","(2, 5, 32, 256)",-82.21118927001953,81.90702819824219,0.11413462460041046,12.155523300170898,True
J15/epochs/J15_E017_C4_YO_S12_25A35.npy,"(2, 32, 5120)","(2, 5, 32, 256)",-119.59404754638672,324.5758972167969,-0.021466681733727455,14.063179016113281,True
J15/epochs/J15_E018_C4_YF_S12_5A15.npy,"(2, 32, 5120)","(2, 5, 32, 256)",-287.3465270996094,116.83538818359375,-0.004357862286269665,16.62469482421875,True
J15/epochs/J15_E019_C4_YO_S12_25A35.npy,"(2, 32, 5120)","(2, 5, 32, 256)",-147.7749481201172,297.7312316894531,0.0453142449259758,13.618393898010254,True
J15/epochs/J15_E020_C4_YF_S12_5A15.npy,"(2, 32, 5120)","(2, 5, 32, 256)",-192.55157470703125,147.1864013671875,0.003117203712463379,16.34215545654297,True
J15/epochs/J15_E021_C4_YO_S12_25A35.npy,"(2, 32, 5120)","(2, 5, 32, 256)",-151.10044860839844,318.0663757324219,-0.07856674492359161,15.0563325881958,True
J15/epochs/J15_E022_C4_YF_S12_5A15.npy,"(2, 32, 5120)","(2, 5, 32, 256)",-91.45916748046875,88.19302368164062,0.022866010665893555,12.20318603515625,True
J15/epochs/J15_E023_C4_YO_S12_25A35.npy,"(2, 32, 5120)","(2, 5, 32, 256)",-106.28241729736328,299.2518005371094,0.05186084657907486,14.672064781188965,True
J15/epochs/J15_E024_C4_YF_S12_5A15.npy,"(2, 32, 5120)","(2, 5, 32, 256)",-89.06585693359375,92.51282501220703,-0.024868857115507126,12.17847728729248,True
J15/epochs/J15_E025_C4_YO_S12_25A35.npy,"(2, 32, 5120)","(2, 5, 32, 256)",-173.7433319091797,286.97662353515625,0.01229346077889204,12.037192344665527,True
J15/epochs/J15_E026_C4_YF_S12_5A15.npy,"(2, 32, 5120)","(2, 5, 32, 256)",-323.3802795410156,107.07396697998047,0.20060312747955322,16.67106819152832,True
J15/epochs/J15_E027_C4_YO_S12_25A35.npy,"(2, 32, 5120)","(2, 5, 32, 256)",-93.17305755615234,296.528564453125,-0.08822675794363022,13.101495742797852,True
J15/epochs/J15_E028_C3_YF_S11_5A15.npy,"(2, 32, 5120)","(2, 5, 32, 256)",-76.38396453857422,66.1304702758789,0.0376034751534462,11.883424758911133,True
J15/epochs/J15_E029_C3_YO_S11_25A35.npy,"(2, 32, 5120)","(2, 5, 32, 256)",-135.5524139404297,302.5782470703125,-0.2237377166748047,13.354985237121582,True
J15/epochs/J15_E030_C3_YF_S11_5A15.npy,"(2, 32, 5120)","(2, 5, 32, 256)",-108.51422882080078,81.40790557861328,0.09859675914049149,13.109228134155273,True
J15/epochs/J15_E031_C3_YO_S11_25A35.npy,"(2, 32, 5120)","(2, 5, 32, 256)",-68.21367645263672,319.87933349609375,0.2096722424030304,13.869235038757324,True
J15/epochs/J15_E032_C3_YF_S11_5A15.npy,"(2, 32, 5120)","(2, 5, 32, 256)",-79.88143920898438,71.16156005859375,0.16741709411144257,12.05302906036377,True
J15/epochs/J15_E033_C3_YO_S11_25A35.npy,"(2, 32, 5120)","(2, 5, 32, 256)",-249.05166625976562,258.794189453125,0.00706371059641242,14.924983978271484,True
J15/epochs/J15_E034_C3_YF_S11_5A15.npy,"(2, 32, 5120)","(2, 5, 32, 256)",-69.36318969726562,77.667236328125,0.01915968582034111,12.025973320007324,True
J15/epochs/J15_E035_C3_YO_S11_25A35.npy,"(2, 32, 5120)","(2, 5, 32, 256)",-161.29275512695312,304.8088073730469,0.287379652261734,19.06406021118164,True
J15/epochs/J15_E036_C3_YF_S11_5A15.npy,"(2, 32, 5120)","(2, 5, 32, 256)",-213.2903594970703,78.2464828491211,-0.05960727855563164,12.461301803588867,True
J15/epochs/J15_E037_C3_YO_S11_25A35.npy,"(2, 32, 5120)","(2, 5, 32, 256)",-128.7650146484375,289.79779052734375,0.05800512433052063,16.158323287963867,True
J15/epochs/J15_E038_C3_YF_S11_5A15.npy,"(2, 32, 5120)","(2, 5, 32, 256)",-72.38787841796875,68.17578125,0.029280787333846092,12.562765121459961,True
J15/epochs/J15_E039_C3_YO_S11_25A35.npy,"(2, 32, 5120)","(2, 5, 32, 256)",-113.42082977294922,279.2392578125,0.33787664771080017,16.120298385620117,True
J15/epochs/J15_E040_C2_YO_S7_5A15.npy,"(2, 32, 5120)","(2, 5, 32, 256)",-71.75927734375,280.9775390625,0.022803563624620438,14.62675952911377,True
J15/epochs/J15_E041_C2_YO_S7_25A35.npy,"(2, 32, 5120)","(2, 5, 32, 256)",-51.59579086303711,280.5577392578125,0.07482806593179703,10.493555068969727,True
J15/epochs/J15_E042_C1_YF_S6_5A15.npy,"(2, 32, 5120)","(2, 5, 32, 256)",-111.99373626708984,146.38426208496094,-0.09167102724313736,11.526836395263672,True
J15/epochs/J15_E043_C1_YF_S6_25A35.npy,"(2, 32, 5120)","(2, 5, 32, 256)",-83.84749603271484,241.7638702392578,-0.046129755675792694,14.188864707946777,True
J2/epochs/J2_E000_C1_YF_S6_5A15.npy,"(2, 32, 5120)","(2, 5, 32, 256)",-89.0345687866211,220.72024536132812,-0.02072497457265854,11.210858345031738,True
J2/epochs/J2_E001_C1_YF_S6_25A35.npy,"(2, 32, 5120)","(2, 5, 32, 256)",-55.80127716064453,178.218505859375,0.06575161218643188,11.63689136505127,True
J2/epochs/J2_E002_C2_YO_S7_5A15.npy,"(2, 32, 5120)","(2, 5, 32, 256)",-93.64147186279297,291.5442810058594,-0.05418245866894722,16.699892044067383,True
J2/epochs/J2_E003_C2_YO_S7_25A35.npy,"(2, 32, 5120)","(2, 5, 32, 256)",-127.85865020751953,260.264404296875,0.0303496066480875,15.768166542053223,True
J2/epochs/J2_E004_C3_YF_S11_5A15.npy,"(2, 32, 5120)","(2, 5, 32, 256)",-101.90042877197266,113.20726776123047,0.08407163619995117,10.933767318725586,True
J2/epochs/J2_E005_C3_YO_S11_25A35.npy,"(2, 32, 5120)","(2, 5, 32, 256)",-75.8974838256836,251.73403930664062,-0.12143977731466293,17.089462280273438,True
J2/epochs/J2_E006_C3_YF_S11_5A15.npy,"(2, 32, 5120)","(2, 5, 32, 256)",-92.90064239501953,124.30218505859375,0.14785461127758026,11.468889236450195,True
J2/epochs/J2_E007_C3_YO_S11_25A35.npy,"(2, 32, 5120)","(2, 5, 32, 256)",-95.04086303710938,239.25247192382812,0.2512974143028259,15.894086837768555,True
J2/epochs/J2_E008_C3_YF_S11_5A15.npy,"(2, 32, 5120)","(2, 5, 32, 256)",-88.69764709472656,106.20781707763672,-0.02467985264956951,11.08806324005127,True
J2/epochs/J2_E009_C3_YO_S11_25A35.npy,"(2, 32, 5120)","(2, 5, 32, 256)",-104.28740692138672,228.21514892578125,-0.03005649708211422,14.260782241821289,True
J2/epochs/J2_E010_C3_YF_S11_5A15.npy,"(2, 32, 5120)","(2, 5, 32, 256)",-72.6325912475586,79.0587158203125,-0.053059063851833344,9.845070838928223,True
J2/epochs/J2_E011_C3_YO_S11_25A35.npy,"(2, 32, 5120)","(2, 5, 32, 256)",-156.1121063232422,231.05300903320312,0.05301625281572342,16.10442543029785,True
J2/epochs/J2_E012_C3_YF_S11_5A15.npy,"(2, 32, 5120)","(2, 5, 32, 256)",-66.01910400390625,49.85730743408203,0.03852934390306473,9.04733657836914,True
J2/epochs/J2_E013_C3_YO_S11_25A35.npy,"(2, 32, 5120)","(2, 5, 32, 256)",-93.5460433959961,219.26718139648438,-0.0580243244767189,16.145212173461914,True
J2/epochs/J2_E014_C3_YF_S11_5A15.npy,"(2, 32, 5120)","(2, 5, 32, 256)",-75.06078338623047,50.72351837158203,-0.26160749793052673,9.228350639343262,True
J2/epochs/J2_E015_C3_YO_S11_25A35.npy,"(2, 32, 5120)","(2, 5, 32, 256)",-66.78934478759766,233.7078857421875,0.060395337641239166,13.724773406982422,True
J2/epochs/J2_E016_C4_YF_S12_5A15.npy,"(2, 32, 5120)","(2, 5, 32, 256)",-61.5473518371582,40.50421905517578,-0.06031876802444458,8.632619857788086,True
J2/epochs/J2_E017_C4_YO_S12_25A35.npy,"(2, 32, 5120)","(2, 5, 32, 256)",-68.43098449707031,249.17291259765625,-0.10627593845129013,11.096490859985352,True
J2/epochs/J2_E018_C4_YF_S12_5A15.npy,"(2, 32, 5120)","(2, 5, 32, 256)",-73.75918579101562,68.95928192138672,-0.06450506299734116,8.873559951782227,True
J2/epochs/J2_E019_C4_YO_S12_25A35.npy,"(2, 32, 5120)","(2, 5, 32, 256)",-68.0718994140625,241.81956481933594,-0.2109566628932953,13.323399543762207,True
J2/epochs/J2_E020_C4_YF_S12_5A15.npy,"(2, 32, 5120)","(2, 5, 32, 256)",-73.27203369140625,54.09193420410156,-0.088656947016716,8.753360748291016,True
J2/epochs/J2_E021_C4_YO_S12_25A35.npy,"(2, 32, 5120)","(2, 5, 32, 256)",-75.49655151367188,233.97508239746094,0.03026321902871132,11.97876262664795,True
J2/epochs/J2_E022_C4_YF_S12_5A15.npy,"(2, 32, 5120)","(2, 5, 32, 256)",-74.08849334716797,68.97016906738281,-0.0005218371516093612,10.914627075195312,True
J2/epochs/J2_E023_C4_YO_S12_25A35.npy,"(2, 32, 5120)","(2, 5, 32, 256)",-65.09098052978516,246.18516540527344,0.13830134272575378,13.51358413696289,True
J2/epochs/J2_E024_C4_YF_S12_5A15.npy,"(2, 32, 5120)","(2, 5, 32, 256)",-63.7360954284668,62.75237274169922,-0.0845947116613388,8.823081970214844,True
J2/epochs/J2_E025_C4_YO_S12_25A35.npy,"(2, 32, 5120)","(2, 5, 32, 256)",-68.79267883300781,257.5249328613281,-0.05449502915143967,13.758855819702148,True
J2/epochs/J2_E026_C4_YF_S12_5A15.npy,"(2, 32, 5120)","(2, 5, 32, 256)",-83.87213897705078,67.39387512207031,0.0071249306201934814,9.403312683105469,True
J2/epochs/J2_E027_C4_YO_S12_25A35.npy,"(2, 32, 5120)","(2, 5, 32, 256)",-92.88260650634766,230.77407836914062,-0.01564047485589981,13.4195556640625,True
J2/epochs/J2_E028_C5_YF_S1_5A15.npy,"(2, 32, 5120)","(2, 5, 32, 256)",-85.28300476074219,69.20629119873047,-0.10349514335393906,9.562335014343262,True
J2/epochs/J2_E029_C5_YO_S1_25A35.npy,"(2, 32, 5120)","(2, 5, 32, 256)",-76.50122833251953,319.27703857421875,0.27412137389183044,19.18631935119629,True
J2/epochs/J2_E030_C5_YF_S1_5A15.npy,"(2, 32, 5120)","(2, 5, 32, 256)",-95.57841491699219,88.395751953125,-0.11007781326770782,9.714629173278809,True
J2/epochs/J2_E031_C5_YO_S1_25A35.npy,"(2, 32, 5120)","(2, 5, 32, 256)",-94.34149169921875,230.3423614501953,0.033724185079336166,15.31458568572998,True
J2/epochs/J2_E032_C5_YF_S1_5A15.npy,"(2, 32, 5120)","(2, 5, 32, 256)",-46.628482818603516,49.67216873168945,0.09162645041942596,8.64312744140625,True
J2/epochs/J2_E033_C5_YO_S1_25A35.npy,"(2, 32, 5120)","(2, 5, 32, 256)",-106.14364624023438,213.6361083984375,-0.09621615707874298,15.756246566772461,True
J2/epochs/J2_E034_C5_YF_S2_5A15.npy,"(2, 32, 5120)","(2, 5, 32, 256)",-54.79954147338867,48.526309967041016,-0.01338803768157959,8.48492431640625,True
J2/epochs/J2_E035_C5_YO_S2_25A35.npy,"(2, 32, 5120)","(2, 5, 32, 256)",-90.95283508300781,232.40818786621094,0.14118137955665588,14.949134826660156,True
J2/epochs/J2_E036_C5_YF_S2_5A15.npy,"(2, 32, 5120)","(2, 5, 32, 256)",-53.10176467895508,57.123802185058594,-0.025681862607598305,8.187838554382324,True
J2/epochs/J2_E037_C5_YO_S2_25A35.npy,"(2, 32, 5120)","(2, 5, 32, 256)",-97.60970306396484,241.709228515625,-0.028168875724077225,18.270641326904297,True
J2/epochs/J2_E038_C5_YF_S2_5A15.npy,"(2, 32, 5120)","(2, 5, 32, 256)",-60.71883010864258,60.15541076660156,-0.1510433703660965,9.917067527770996,True
J2/epochs/J2_E039_C5_YO_S2_25A35.npy,"(2, 32, 5120)","(2, 5, 32, 256)",-91.5823745727539,265.67327880859375,0.3298432230949402,19.6918888092041,True
J2/epochs/J2_E040_C2_YO_S7_5A15.npy,"(2, 32, 5120)","(2, 5, 32, 256)",-112.08399200439453,261.3061218261719,-0.20153629779815674,15.913505554199219,True
J2/epochs/J2_E041_C2_YO_S7_25A35.npy,"(2, 32, 5120)","(2, 5, 32, 256)",-193.1573944091797,268.2673645019531,-3.038942850253079e-05,19.473955154418945,True
J2/epochs/J2_E042_C1_YF_S6_5A15.npy,"(2, 32, 5120)","(2, 5, 32, 256)",-104.7691879272461,240.75485229492188,0.02427802048623562,16.54644775390625,True
J2/epochs/J2_E043_C1_YF_S6_25A35.npy,"(2, 32, 5120)","(2, 5, 32, 256)",-80.2014389038086,234.98280334472656,-0.05671525001525879,14.400985717773438,True
J4/epochs/J4_E000_C1_YF_S6_5A15.npy,"(2, 32, 5120)","(2, 5, 32, 256)",-96.24664306640625,201.8798370361328,0.029421597719192505,15.796770095825195,True
J4/epochs/J4_E001_C1_YF_S6_25A35.npy,"(2, 32, 5120)","(2, 5, 32, 256)",-94.69699096679688,226.0131072998047,0.3443233370780945,15.317511558532715,True
J4/epochs/J4_E002_C2_YO_S7_5A15.npy,"(2, 32, 5120)","(2, 5, 32, 256)",-71.44930267333984,197.4087371826172,0.16838224232196808,14.028949737548828,True
J4/epochs/J4_E003_C2_YO_S7_25A35.npy,"(2, 32, 5120)","(2, 5, 32, 256)",-73.38915252685547,215.95382690429688,-0.02034624107182026,11.924415588378906,True
J4/epochs/J4_E004_C5_YF_S1_5A15.npy,"(2, 32, 5120)","(2, 5, 32, 256)",-46.68364334106445,49.41679763793945,-0.046557508409023285,8.809599876403809,True
J4/epochs/J4_E005_C5_YO_S1_25A35.npy,"(2, 32, 5120)","(2, 5, 32, 256)",-56.22722244262695,183.9492950439453,-0.16218574345111847,10.819272994995117,True
J4/epochs/J4_E006_C5_YF_S1_5A15.npy,"(2, 32, 5120)","(2, 5, 32, 256)",-72.45794677734375,73.53302001953125,0.08080718666315079,10.651570320129395,True
J4/epochs/J4_E007_C5_YO_S1_25A35.npy,"(2, 32, 5120)","(2, 5, 32, 256)",-71.91329956054688,191.66734313964844,0.004413454327732325,10.69852352142334,True
J4/epochs/J4_E008_C5_YF_S1_5A15.npy,"(2, 32, 5120)","(2, 5, 32, 256)",-87.07035064697266,55.80068588256836,0.13301707804203033,10.900952339172363,True
J4/epochs/J4_E009_C5_YO_S1_25A35.npy,"(2, 32, 5120)","(2, 5, 32, 256)",-52.946319580078125,176.5726776123047,-0.019517669454216957,10.54314136505127,True
J4/epochs/J4_E010_C5_YF_S2_5A15.npy,"(2, 32, 5120)","(2, 5, 32, 256)",-170.57350158691406,171.4199981689453,0.13398237526416779,11.334858894348145,True
J4/epochs/J4_E011_C5_YO_S2_25A35.npy,"(2, 32, 5120)","(2, 5, 32, 256)",-66.02430725097656,202.02023315429688,-0.11752317100763321,11.523137092590332,True
J4/epochs/J4_E012_C5_YF_S2_5A15.npy,"(2, 32, 5120)","(2, 5, 32, 256)",-77.76778411865234,67.33937072753906,0.01669788546860218,10.207573890686035,True
J4/epochs/J4_E013_C5_YO_S2_25A35.npy,"(2, 32, 5120)","(2, 5, 32, 256)",-84.84297180175781,177.11703491210938,-0.0018480956787243485,12.723753929138184,True
J4/epochs/J4_E014_C5_YF_S2_5A15.npy,"(2, 32, 5120)","(2, 5, 32, 256)",-76.5403060913086,66.15739440917969,0.033328671008348465,11.440290451049805,True
J4/epochs/J4_E015_C5_YO_S2_25A35.npy,"(2, 32, 5120)","(2, 5, 32, 256)",-61.545047760009766,153.20309448242188,0.0866818055510521,9.265863418579102,True
J4/epochs/J4_E016_C4_YF_S12_5A15.npy,"(2, 32, 5120)","(2, 5, 32, 256)",-56.04327392578125,51.96100616455078,0.0608002133667469,9.181118965148926,True
J4/epochs/J4_E017_C4_YO_S12_25A35.npy,"(2, 32, 5120)","(2, 5, 32, 256)",-114.5928955078125,172.69076538085938,0.04488452896475792,9.993390083312988,True
J4/epochs/J4_E018_C4_YF_S12_5A15.npy,"(2, 32, 5120)","(2, 5, 32, 256)",-73.33769989013672,70.56375885009766,0.06101381778717041,10.178593635559082,True
J4/epochs/J4_E019_C4_YO_S12_25A35.npy,"(2, 32, 5120)","(2, 5, 32, 256)",-63.36710739135742,192.72169494628906,0.029812198132276535,12.305136680603027,True
J4/epochs/J4_E020_C4_YF_S12_5A15.npy,"(2, 32, 5120)","(2, 5, 32, 256)",-77.14958190917969,70.23683166503906,-0.04041659086942673,10.595592498779297,True
J4/epochs/J4_E021_C4_YO_S12_25A35.npy,"(2, 32, 5120)","(2, 5, 32, 256)",-55.20457077026367,211.91494750976562,-0.10865192115306854,11.944550514221191,True
J4/epochs/J4_E022_C4_YF_S12_5A15.npy,"(2, 32, 5120)","(2, 5, 32, 256)",-67.18592834472656,73.1850814819336,-0.003663827432319522,10.307080268859863,True
J4/epochs/J4_E023_C4_YO_S12_25A35.npy,"(2, 32, 5120)","(2, 5, 32, 256)",-48.38846969604492,193.8654327392578,-0.03949075937271118,10.766218185424805,True
J4/epochs/J4_E024_C4_YF_S12_5A15.npy,"(2, 32, 5120)","(2, 5, 32, 256)",-180.7325439453125,129.6569061279297,-0.055296339094638824,11.731413841247559,True
J4/epochs/J4_E025_C4_YO_S12_25A35.npy,"(2, 32, 5120)","(2, 5, 32, 256)",-75.3076400756836,189.64120483398438,0.0022754997480660677,12.7341890335083,True
J4/epochs/J4_E026_C4_YF_S12_5A15.npy,"(2, 32, 5120)","(2, 5, 32, 256)",-103.10600280761719,80.44287109375,0.08161047846078873,11.52415943145752,True
J4/epochs/J4_E027_C4_YO_S12_25A35.npy,"(2, 32, 5120)","(2, 5, 32, 256)",-115.26421356201172,177.7974090576172,0.013299807906150818,12.593934059143066,True
J4/epochs/J4_E028_C3_YF_S11_5A15.npy,"(2, 32, 5120)","(2, 5, 32, 256)",-76.33644104003906,71.6996078491211,0.04145725816488266,10.567255020141602,True
J4/epochs/J4_E029_C3_YO_S11_25A35.npy,"(2, 32, 5120)","(2, 5, 32, 256)",-53.90886306762695,197.46670532226562,0.0449284203350544,11.689116477966309,True
J4/epochs/J4_E030_C3_YF_S11_5A15.npy,"(2, 32, 5120)","(2, 5, 32, 256)",-670.7831420898438,432.7646179199219,0.030253946781158447,22.433834075927734,True
J4/epochs/J4_E031_C3_YO_S11_25A35.npy,"(2, 32, 5120)","(2, 5, 32, 256)",-56.69540023803711,179.7087860107422,0.025497540831565857,10.870991706848145,True
J4/epochs/J4_E032_C3_YF_S11_5A15.npy,"(2, 32, 5120)","(2, 5, 32, 256)",-80.5207290649414,74.10283660888672,-0.05118861049413681,10.790773391723633,True
J4/epochs/J4_E033_C3_YO_S11_25A35.npy,"(2, 32, 5120)","(2, 5, 32, 256)",-52.893192291259766,174.45091247558594,-0.17063157260417938,10.747756958007812,True
J4/epochs/J4_E034_C3_YF_S11_5A15.npy,"(2, 32, 5120)","(2, 5, 32, 256)",-192.87913513183594,176.29888916015625,-0.05274089425802231,12.59312629699707,True
J4/epochs/J4_E035_C3_YO_S11_25A35.npy,"(2, 32, 5120)","(2, 5, 32, 256)",-52.482784271240234,155.62733459472656,-0.09971510618925095,10.339485168457031,True
J4/epochs/J4_E036_C3_YF_S11_5A15.npy,"(2, 32, 5120)","(2, 5, 32, 256)",-72.05033874511719,70.95310974121094,0.07590010017156601,10.88638687133789,True
J4/epochs/J4_E037_C3_YO_S11_25A35.npy,"(2, 32, 5120)","(2, 5, 32, 256)",-84.48007202148438,168.8678741455078,-0.09560967981815338,12.944478988647461,True
J4/epochs/J4_E038_C3_YF_S11_5A15.npy,"(2, 32, 5120)","(2, 5, 32, 256)",-69.41939544677734,71.25833892822266,-0.1561584174633026,11.05112361907959,True
J4/epochs/J4_E039_C3_YO_S11_25A35.npy,"(2, 32, 5120)","(2, 5, 32, 256)",-213.47096252441406,185.1072540283203,-0.011754405684769154,14.454813957214355,True
J4/epochs/J4_E040_C2_YO_S7_5A15.npy,"(2, 32, 5120)","(2, 5, 32, 256)",-114.34790802001953,220.1399383544922,-0.027151692658662796,13.840944290161133,True
J4/epochs/J4_E041_C2_YO_S7_25A35.npy,"(2, 32, 5120)","(2, 5, 32, 256)",-57.82730484008789,203.60861206054688,-0.07218605279922485,10.220013618469238,True
J4/epochs/J4_E042_C1_YF_S6_5A15.npy,"(2, 32, 5120)","(2, 5, 32, 256)",-113.72686004638672,222.88827514648438,0.01201087050139904,14.89865779876709,True
J4/epochs/J4_E043_C1_YF_S6_25A35.npy,"(2, 32, 5120)","(2, 5, 32, 256)",-39.25325012207031,188.04849243164062,-0.03245165944099426,9.4974365234375,True
J5/epochs/J5_E000_C1_YF_S6_5A15.npy,"(2, 32, 5120)","(2, 5, 32, 256)",-79.34063720703125,142.52481079101562,0.033385712653398514,9.665982246398926,True
J5/epochs/J5_E001_C1_YF_S6_25A35.npy,"(2, 32, 5120)","(2, 5, 32, 256)",-72.49232482910156,124.73654174804688,0.09832988679409027,8.89810848236084,True
J5/epochs/J5_E002_C2_YO_S7_5A15.npy,"(2, 32, 5120)","(2, 5, 32, 256)",-44.421234130859375,167.70626831054688,0.061164937913417816,10.146742820739746,True
J5/epochs/J5_E003_C2_YO_S7_25A35.npy,"(2, 32, 5120)","(2, 5, 32, 256)",-80.52790069580078,172.125244140625,-0.04866606369614601,10.490948677062988,True
J5/epochs/J5_E004_C4_YF_S12_5A15.npy,"(2, 32, 5120)","(2, 5, 32, 256)",-62.258575439453125,72.39000701904297,-0.00237853080034256,9.08564281463623,True
J5/epochs/J5_E005_C4_YO_S12_25A35.npy,"(2, 32, 5120)","(2, 5, 32, 256)",-116.0649185180664,129.98028564453125,0.09566555172204971,9.997940063476562,True
J5/epochs/J5_E006_C4_YF_S12_5A15.npy,"(2, 32, 5120)","(2, 5, 32, 256)",-130.9126434326172,116.3228759765625,-0.07410719245672226,13.550318717956543,True
J5/epochs/J5_E007_C4_YO_S12_25A35.npy,"(2, 32, 5120)","(2, 5, 32, 256)",-106.03291320800781,134.18011474609375,0.05729895085096359,9.453983306884766,True
J5/epochs/J5_E008_C4_YF_S12_5A15.npy,"(2, 32, 5120)","(2, 5, 32, 256)",-69.77096557617188,102.57219696044922,0.054345645010471344,11.297137260437012,True
J5/epochs/J5_E009_C4_YO_S12_25A35.npy,"(2, 32, 5120)","(2, 5, 32, 256)",-44.17318344116211,151.3569793701172,0.045295488089323044,9.23339557647705,True
J5/epochs/J5_E010_C4_YF_S12_5A15.npy,"(2, 32, 5120)","(2, 5, 32, 256)",-101.61125946044922,94.9072036743164,-0.05183948948979378,10.800923347473145,True
J5/epochs/J5_E011_C4_YO_S12_25A35.npy,"(2, 32, 5120)","(2, 5, 32, 256)",-55.28147506713867,159.2955322265625,-0.10402240604162216,8.188117980957031,True
J5/epochs/J5_E012_C4_YF_S12_5A15.npy,"(2, 32, 5120)","(2, 5, 32, 256)",-92.94576263427734,128.66864013671875,-0.06148429960012436,11.619255065917969,True
J5/epochs/J5_E013_C4_YO_S12_25A35.npy,"(2, 32, 5120)","(2, 5, 32, 256)",-91.52703094482422,120.64801788330078,0.03931624814867973,8.266423225402832,True
J5/epochs/J5_E014_C4_YF_S12_5A15.npy,"(2, 32, 5120)","(2, 5, 32, 256)",-87.00700378417969,68.43431091308594,0.07867343723773956,12.04292106628418,True
J5/epochs/J5_E015_C4_YO_S12_25A35.npy,"(2, 32, 5120)","(2, 5, 32, 256)",-69.311279296875,139.20709228515625,-0.10864641517400742,7.818408966064453,True
J5/epochs/J5_E016_C3_YF_S11_5A15.npy,"(2, 32, 5120)","(2, 5, 32, 256)",-72.11988067626953,90.24964141845703,0.08642540872097015,9.651872634887695,True
J5/epochs/J5_E017_C3_YO_S11_25A35.npy,"(2, 32, 5120)","(2, 5, 32, 256)",-60.17201232910156,163.16741943359375,-0.0272239800542593,9.264334678649902,True
J5/epochs/J5_E018_C3_YF_S11_5A15.npy,"(2, 32, 5120)","(2, 5, 32, 256)",-136.42398071289062,108.67294311523438,-0.01975243352353573,10.589434623718262,True
J5/epochs/J5_E019_C3_YO_S11_25A35.npy,"(2, 32, 5120)","(2, 5, 32, 256)",-49.55586624145508,112.75690460205078,-0.04271811991930008,8.068570137023926,True
J5/epochs/J5_E020_C3_YF_S11_5A15.npy,"(2, 32, 5120)","(2, 5, 32, 256)",-96.77069854736328,77.30776977539062,-0.09301971644163132,11.33596134185791,True
J5/epochs/J5_E021_C3_YO_S11_25A35.npy,"(2, 32, 5120)","(2, 5, 32, 256)",-142.34449768066406,136.67218017578125,-0.011452928185462952,9.305046081542969,True
J5/epochs/J5_E022_C3_YF_S11_5A15.npy,"(2, 32, 5120)","(2, 5, 32, 256)",-66.45269012451172,65.99920654296875,0.016849001869559288,11.189637184143066,True
J5/epochs/J5_E023_C3_YO_S11_25A35.npy,"(2, 32, 5120)","(2, 5, 32, 256)",-58.10533905029297,137.07440185546875,0.0603499710559845,8.490574836730957,True
J5/epochs/J5_E024_C3_YF_S11_5A15.npy,"(2, 32, 5120)","(2, 5, 32, 256)",-189.2999267578125,115.0529556274414,0.08976054191589355,11.403786659240723,True
J5/epochs/J5_E025_C3_YO_S11_25A35.npy,"(2, 32, 5120)","(2, 5, 32, 256)",-67.40083312988281,110.7399673461914,0.017167598009109497,7.995368957519531,True
J5/epochs/J5_E026_C3_YF_S11_5A15.npy,"(2, 32, 5120)","(2, 5, 32, 256)",-70.50392150878906,55.3492431640625,0.16993248462677002,8.815855979919434,True
J5/epochs/J5_E027_C3_YO_S11_25A35.npy,"(2, 32, 5120)","(2, 5, 32, 256)",-79.96215057373047,124.21558380126953,0.044286832213401794,8.147855758666992,True
J5/epochs/J5_E028_C5_YF_S1_5A15.npy,"(2, 32, 5120)","(2, 5, 32, 256)",-68.98632049560547,61.905006408691406,0.14394119381904602,9.50929069519043,True
J5/epochs/J5_E029_C5_YO_S1_25A35.npy,"(2, 32, 5120)","(2, 5, 32, 256)",-86.34184265136719,119.67192077636719,0.012601369991898537,9.975109100341797,True
J5/epochs/J5_E030_C5_YF_S1_5A15.npy,"(2, 32, 5120)","(2, 5, 32, 256)",-87.56120300292969,82.28643798828125,0.03344159200787544,9.736413955688477,True
J5/epochs/J5_E031_C5_YO_S1_25A35.npy,"(2, 32, 5120)","(2, 5, 32, 256)",-64.97020721435547,119.68473052978516,-0.05500023439526558,8.22856330871582,True
J5/epochs/J5_E032_C5_YF_S1_5A15.npy,"(2, 32, 5120)","(2, 5, 32, 256)",-96.82076263427734,74.08040618896484,0.029148396104574203,10.11874008178711,True
J5/epochs/J5_E033_C5_YO_S1_25A35.npy,"(2, 32, 5120)","(2, 5, 32, 256)",-48.92794418334961,86.73493194580078,-0.0077102393843233585,7.99472713470459,True
J5/epochs/J5_E034_C5_YF_S2_5A15.npy,"(2, 32, 5120)","(2, 5, 32, 256)",-107.76961517333984,83.19923400878906,-0.17910468578338623,9.176285743713379,True
J5/epochs/J5_E035_C5_YO_S2_25A35.npy,"(2, 32, 5120)","(2, 5, 32, 256)",-70.35765075683594,146.2187957763672,0.074437215924263,8.914509773254395,True
J5/epochs/J5_E036_C5_YF_S2_5A15.npy,"(2, 32, 5120)","(2, 5, 32, 256)",-101.23551177978516,115.27557373046875,-0.0012526869541034102,9.202658653259277,True
J5/epochs/J5_E037_C5_YO_S2_25A35.npy,"(2, 32, 5120)","(2, 5, 32, 256)",-84.34727478027344,160.45211791992188,0.020252037793397903,9.759607315063477,True
J5/epochs/J5_E038_C5_YF_S2_5A15.npy,"(2, 32, 5120)","(2, 5, 32, 256)",-88.43841552734375,80.09130096435547,0.16530314087867737,9.72789192199707,True
J5/epochs/J5_E039_C5_YO_S2_25A35.npy,"(2, 32, 5120)","(2, 5, 32, 256)",-71.8459243774414,108.88775634765625,-0.024399539455771446,8.112656593322754,True
J5/epochs/J5_E040_C2_YO_S7_5A15.npy,"(2, 32, 5120)","(2, 5, 32, 256)",-152.37185668945312,494.53460693359375,-0.015427413396537304,37.11149978637695,True
J5/epochs/J5_E041_C2_YO_S7_25A35.npy,"(2, 32, 5120)","(2, 5, 32, 256)",-53.10719299316406,137.60000610351562,-0.015513273887336254,9.949050903320312,True
J5/epochs/J5_E042_C1_YF_S6_5A15.npy,"(2, 32, 5120)","(2, 5, 32, 256)",-74.33699798583984,144.5271453857422,-0.07645366340875626,9.861023902893066,True
J5/epochs/J5_E043_C1_YF_S6_25A35.npy,"(2, 32, 5120)","(2, 5, 32, 256)",-100.63033294677734,152.53758239746094,-0.0055883885361254215,12.069483757019043,True
J7/epochs/J7_E000_C1_YF_S6_5A15.npy,"(2, 32, 5120)","(2, 5, 32, 256)",-77.82426452636719,232.16404724121094,0.2740216851234436,16.25602149963379,True
J7/epochs/J7_E001_C1_YF_S6_25A35.npy,"(2, 32, 5120)","(2, 5, 32, 256)",-93.83545684814453,175.23721313476562,-0.0614999420940876,12.036584854125977,True
J7/epochs/J7_E002_C2_YO_S7_5A15.npy,"(2, 32, 5120)","(2, 5, 32, 256)",-74.70967864990234,235.5987548828125,-0.22969388961791992,15.136861801147461,True
J7/epochs/J7_E003_C2_YO_S7_25A35.npy,"(2, 32, 5120)","(2, 5, 32, 256)",-101.79473876953125,235.10975646972656,-0.15448865294456482,12.111106872558594,True
J7/epochs/J7_E004_C3_YF_S11_5A15.npy,"(2, 32, 5120)","(2, 5, 32, 256)",-55.297210693359375,61.100975036621094,-0.250411719083786,8.504793167114258,True
J7/epochs/J7_E005_C3_YO_S11_25A35.npy,"(2, 32, 5120)","(2, 5, 32, 256)",-105.86893463134766,194.70301818847656,-0.27086883783340454,13.164514541625977,True
J7/epochs/J7_E006_C3_YF_S11_5A15.npy,"(2, 32, 5120)","(2, 5, 32, 256)",-43.13727569580078,51.27579879760742,0.000337749719619751,8.104227066040039,True
J7/epochs/J7_E007_C3_YO_S11_25A35.npy,"(2, 32, 5120)","(2, 5, 32, 256)",-63.19272232055664,174.89694213867188,0.0647512748837471,12.142577171325684,True
J7/epochs/J7_E008_C3_YF_S11_5A15.npy,"(2, 32, 5120)","(2, 5, 32, 256)",-46.450103759765625,69.34121704101562,-0.016506660729646683,7.959646701812744,True
J7/epochs/J7_E009_C3_YO_S11_25A35.npy,"(2, 32, 5120)","(2, 5, 32, 256)",-54.44552993774414,169.7969970703125,0.09835702925920486,10.009526252746582,True
J7/epochs/J7_E010_C3_YF_S11_5A15.npy,"(2, 32, 5120)","(2, 5, 32, 256)",-47.339271545410156,38.7199821472168,0.1022576093673706,7.863399982452393,True
J7/epochs/J7_E011_C3_YO_S11_25A35.npy,"(2, 32, 5120)","(2, 5, 32, 256)",-59.905540466308594,141.53567504882812,-0.5929514169692993,10.810405731201172,True
J7/epochs/J7_E012_C3_YF_S11_5A15.npy,"(2, 32, 5120)","(2, 5, 32, 256)",-41.824676513671875,44.32038879394531,-0.05151808261871338,7.393997669219971,True
J7/epochs/J7_E013_C3_YO_S11_25A35.npy,"(2, 32, 5120)","(2, 5, 32, 256)",-62.4476432800293,185.06100463867188,0.07631555944681168,9.829954147338867,True
J7/epochs/J7_E014_C3_YF_S11_5A15.npy,"(2, 32, 5120)","(2, 5, 32, 256)",-45.5116081237793,60.57037353515625,0.0520564429461956,8.379390716552734,True
J7/epochs/J7_E015_C3_YO_S11_25A35.npy,"(2, 32, 5120)","(2, 5, 32, 256)",-72.42347717285156,157.55831909179688,0.037848345935344696,10.47687816619873,True
J7/epochs/J7_E016_C5_YF_S1_5A15.npy,"(2, 32, 5120)","(2, 5, 32, 256)",-66.88585662841797,81.70549774169922,0.02155342325568199,8.305351257324219,True
J7/epochs/J7_E017_C5_YO_S1_25A35.npy,"(2, 32, 5120)","(2, 5, 32, 256)",-235.71249389648438,873.6542358398438,0.018401889130473137,16.063819885253906,True
J7/epochs/J7_E018_C5_YF_S1_5A15.npy,"(2, 32, 5120)","(2, 5, 32, 256)",-87.50383758544922,106.36983489990234,0.041977912187576294,8.360878944396973,True
J7/epochs/J7_E019_C5_YO_S1_25A35.npy,"(2, 32, 5120)","(2, 5, 32, 256)",-135.9124298095703,172.04090881347656,-0.12473665177822113,12.765101432800293,True
J7/epochs/J7_E020_C5_YF_S1_5A15.npy,"(2, 32, 5120)","(2, 5, 32, 256)",-56.94921112060547,79.95523071289062,0.14362196624279022,7.8280348777771,True
J7/epochs/J7_E021_C5_YO_S1_25A35.npy,"(2, 32, 5120)","(2, 5, 32, 256)",-127.33333587646484,230.25198364257812,-0.1132996454834938,13.540539741516113,True
J7/epochs/J7_E022_C5_YF_S2_5A15.npy,"(2, 32, 5120)","(2, 5, 32, 256)",-128.16256713867188,110.07914733886719,0.039415668696165085,11.096426010131836,True
J7/epochs/J7_E023_C5_YO_S2_25A35.npy,"(2, 32, 5120)","(2, 5, 32, 256)",-94.41462707519531,151.61221313476562,-0.039814550429582596,11.711082458496094,True
J7/epochs/J7_E024_C5_YF_S2_5A15.npy,"(2, 32, 5120)","(2, 5, 32, 256)",-43.947540283203125,72.55707550048828,-0.07070290297269821,7.894100666046143,True
J7/epochs/J7_E025_C5_YO_S2_25A35.npy,"(2, 32, 5120)","(2, 5, 32, 256)",-48.38164138793945,180.76893615722656,0.0797252431511879,10.006261825561523,True
J7/epochs/J7_E026_C5_YF_S2_5A15.npy,"(2, 32, 5120)","(2, 5, 32, 256)",-43.27690124511719,40.21888732910156,-0.1116006001830101,7.935434818267822,True
J7/epochs/J7_E027_C5_YO_S2_25A35.npy,"(2, 32, 5120)","(2, 5, 32, 256)",-52.35490036010742,156.59017944335938,0.00770621607080102,10.2027006149292,True
J7/epochs/J7_E028_C4_YF_S12_5A15.npy,"(2, 32, 5120)","(2, 5, 32, 256)",-42.38490676879883,59.32990264892578,-0.03637229651212692,7.95908784866333,True
J7/epochs/J7_E029_C4_YO_S12_25A35.npy,"(2, 32, 5120)","(2, 5, 32, 256)",-63.613487243652344,232.99778747558594,-0.05064390227198601,10.400901794433594,True
J7/epochs/J7_E030_C4_YF_S12_5A15.npy,"(2, 32, 5120)","(2, 5, 32, 256)",-76.87803649902344,87.14058685302734,-0.2219007909297943,8.488965034484863,True
J7/epochs/J7_E031_C4_YO_S12_25A35.npy,"(2, 32, 5120)","(2, 5, 32, 256)",-1041.2763671875,1126.295654296875,0.018405884504318237,40.03309631347656,True
J7/epochs/J7_E032_C4_YF_S12_5A15.npy,"(2, 32, 5120)","(2, 5, 32, 256)",-56.840850830078125,49.397216796875,0.0529450997710228,8.618278503417969,True
J7/epochs/J7_E033_C4_YO_S12_25A35.npy,"(2, 32, 5120)","(2, 5, 32, 256)",-49.79154968261719,178.45457458496094,0.056343186646699905,7.653070449829102,True
J7/epochs/J7_E034_C4_YF_S12_5A15.npy,"(2, 32, 5120)","(2, 5, 32, 256)",-2084.54443359375,11313.3095703125,3.6993298530578613,212.81350708007812,True
J7/epochs/J7_E035_C4_YO_S12_25A35.npy,"(2, 32, 5120)","(2, 5, 32, 256)",-6451.4375,4210.876953125,0.0389508381485939,176.61253356933594,True
J7/epochs/J7_E036_C4_YF_S12_5A15.npy,"(2, 32, 5120)","(2, 5, 32, 256)",-1965.386474609375,3871.587890625,0.0651155561208725,56.70708084106445,True
J7/epochs/J7_E037_C4_YO_S12_25A35.npy,"(2, 32, 5120)","(2, 5, 32, 256)",-4284.62451171875,3540.16357421875,-0.041000671684741974,107.73379516601562,True
J7/epochs/J7_E038_C4_YF_S12_5A15.npy,"(2, 32, 5120)","(2, 5, 32, 256)",-53.69316482543945,156.3545684814453,-0.02275533229112625,9.239673614501953,True
J7/epochs/J7_E039_C4_YO_S12_25A35.npy,"(2, 32, 5120)","(2, 5, 32, 256)",-57.83605194091797,207.79693603515625,0.08596466481685638,10.31467342376709,True
J7/epochs/J7_E040_C2_YO_S7_5A15.npy,"(2, 32, 5120)","(2, 5, 32, 256)",-630.7522583007812,231.08529663085938,0.24536320567131042,17.768043518066406,True
J7/epochs/J7_E041_C2_YO_S7_25A35.npy,"(2, 32, 5120)","(2, 5, 32, 256)",-149.55076599121094,248.29342651367188,-0.030951106920838356,10.923389434814453,True
J7/epochs/J7_E042_C1_YF_S6_5A15.npy,"(2, 32, 5120)","(2, 5, 32, 256)",-56.35090255737305,187.71925354003906,-0.011423501186072826,11.085017204284668,True
J7/epochs/J7_E043_C1_YF_S6_25A35.npy,"(2, 32, 5120)","(2, 5, 32, 256)",-197.8854217529297,253.78684997558594,0.07051287591457367,13.849838256835938,True
J8/epochs/J8_E000_C1_YF_S6_5A15.npy,"(2, 32, 5120)","(2, 5, 32, 256)",-110.90911102294922,232.0516815185547,0.11872541904449463,13.222883224487305,True
J8/epochs/J8_E001_C1_YF_S6_25A35.npy,"(2, 32, 5120)","(2, 5, 32, 256)",-126.51287841796875,196.37327575683594,0.05851224064826965,10.79292106628418,True
J8/epochs/J8_E002_C2_YO_S7_5A15.npy,"(2, 32, 5120)","(2, 5, 32, 256)",-782.3733520507812,576.1264038085938,-0.02826531231403351,27.516008377075195,True
J8/epochs/J8_E003_C2_YO_S7_25A35.npy,"(2, 32, 5120)","(2, 5, 32, 256)",-864.0510864257812,1022.4105224609375,0.012680466286838055,55.11402893066406,True
J8/epochs/J8_E004_C4_YF_S12_5A15.npy,"(2, 32, 5120)","(2, 5, 32, 256)",-103.63011932373047,134.8727264404297,0.15266002714633942,12.503519058227539,True
J8/epochs/J8_E005_C4_YO_S12_25A35.npy,"(2, 32, 5120)","(2, 5, 32, 256)",-105.2276611328125,177.8448944091797,-0.011327248066663742,11.690221786499023,True
J8/epochs/J8_E006_C4_YF_S12_5A15.npy,"(2, 32, 5120)","(2, 5, 32, 256)",-66.288330078125,80.33438110351562,0.1377989947795868,9.626011848449707,True
J8/epochs/J8_E007_C4_YO_S12_25A35.npy,"(2, 32, 5120)","(2, 5, 32, 256)",-143.1582489013672,220.8087921142578,-0.01817593351006508,13.941045761108398,True
J8/epochs/J8_E008_C4_YF_S12_5A15.npy,"(2, 32, 5120)","(2, 5, 32, 256)",-151.9127197265625,206.87567138671875,-0.4293751120567322,16.03826141357422,True
J8/epochs/J8_E009_C4_YO_S12_25A35.npy,"(2, 32, 5120)","(2, 5, 32, 256)",-163.11508178710938,203.31045532226562,0.024955471977591515,11.745270729064941,True
J8/epochs/J8_E010_C4_YF_S12_5A15.npy,"(2, 32, 5120)","(2, 5, 32, 256)",-64.72445678710938,100.14402770996094,0.13094058632850647,10.533016204833984,True
J8/epochs/J8_E011_C4_YO_S12_25A35.npy,"(2, 32, 5120)","(2, 5, 32, 256)",-106.6737060546875,233.72381591796875,0.0012186586391180754,14.637041091918945,True
J8/epochs/J8_E012_C4_YF_S12_5A15.npy,"(2, 32, 5120)","(2, 5, 32, 256)",-74.96961212158203,96.41282653808594,-0.23254652321338654,10.476214408874512,True
J8/epochs/J8_E013_C4_YO_S12_25A35.npy,"(2, 32, 5120)","(2, 5, 32, 256)",-200.89892578125,180.86679077148438,-0.02776993438601494,11.945791244506836,True
J8/epochs/J8_E014_C5_YF_S1_5A15.npy,"(2, 32, 5120)","(2, 5, 32, 256)",-136.7101593017578,93.40200805664062,-0.0025918944738805294,12.939677238464355,True
J8/epochs/J8_E015_C5_YO_S1_25A35.npy,"(2, 32, 5120)","(2, 5, 32, 256)",-98.16964721679688,271.0537109375,0.2508857250213623,13.584428787231445,True
J8/epochs/J8_E016_C5_YF_S1_5A15.npy,"(2, 32, 5120)","(2, 5, 32, 256)",-94.38980865478516,83.12931823730469,-0.005755999591201544,10.489593505859375,True
J8/epochs/J8_E017_C5_YO_S1_25A35.npy,"(2, 32, 5120)","(2, 5, 32, 256)",-117.75830841064453,260.13616943359375,-0.04978175088763237,13.03797435760498,True
J8/epochs/J8_E018_C5_YF_S2_5A15.npy,"(2, 32, 5120)","(2, 5, 32, 256)",-120.14747619628906,99.857666015625,-0.17545588314533234,11.781661033630371,True
J8/epochs/J8_E019_C5_YO_S2_25A35.npy,"(2, 32, 5120)","(2, 5, 32, 256)",-62.314510345458984,264.6819763183594,-0.00455842912197113,12.24842643737793,True
J8/epochs/J8_E020_C5_YF_S2_5A15.npy,"(2, 32, 5120)","(2, 5, 32, 256)",-112.84640502929688,103.69019317626953,-0.03200832009315491,10.301555633544922,True
J8/epochs/J8_E021_C5_YO_S2_25A35.npy,"(2, 32, 5120)","(2, 5, 32, 256)",-85.84282684326172,224.19805908203125,-0.028992071747779846,11.020416259765625,True
J8/epochs/J8_E022_C3_YF_S11_5A15.npy,"(2, 32, 5120)","(2, 5, 32, 256)",-120.9526138305664,104.02296447753906,-0.10153045505285263,11.282373428344727,True
J8/epochs/J8_E023_C3_YO_S11_25A35.npy,"(2, 32, 5120)","(2, 5, 32, 256)",-93.19209289550781,159.7860107421875,0.06123784929513931,12.302593231201172,True
J8/epochs/J8_E024_C3_YF_S11_5A15.npy,"(2, 32, 5120)","(2, 5, 32, 256)",-91.84748840332031,107.88221740722656,0.013296659104526043,11.131855010986328,True
J8/epochs/J8_E025_C3_YO_S11_25A35.npy,"(2, 32, 5120)","(2, 5, 32, 256)",-84.578369140625,262.4422912597656,0.024296635761857033,12.646831512451172,True
J8/epochs/J8_E026_C3_YF_S11_5A15.npy,"(2, 32, 5120)","(2, 5, 32, 256)",-100.62165832519531,97.87348937988281,-0.0120670385658741,11.95512866973877,True
J8/epochs/J8_E027_C3_YO_S11_25A35.npy,"(2, 32, 5120)","(2, 5, 32, 256)",-66.96165466308594,286.0013732910156,0.07280392944812775,12.633379936218262,True
J8/epochs/J8_E028_C2_YO_S7_5A15.npy,"(2, 32, 5120)","(2, 5, 32, 256)",-42.9217643737793,213.7650146484375,0.00305776740424335,9.977900505065918,True
J8/epochs/J8_E029_C2_YO_S7_25A35.npy,"(2, 32, 5120)","(2, 5, 32, 256)",-54.77195358276367,228.4552764892578,-0.03434918448328972,11.727876663208008,True
J8/epochs/J8_E030_C1_YF_S6_5A15.npy,"(2, 32, 5120)","(2, 5, 32, 256)",-53.294334411621094,246.2840576171875,0.12751591205596924,11.215595245361328,True
J8/epochs/J8_E031_C1_YF_S6_25A35.npy,"(2, 32, 5120)","(2, 5, 32, 256)",-146.57080078125,202.50616455078125,0.1263187676668167,12.055930137634277,True
