relative_path,source_shape,target_shape,source_dtype,target_dtype,source_max_absolute,target_max_absolute_microvolts,all_values_finite
J1/epochs/J1_E000_C1_YF_S6_5A15.npy,"(2, 32, 5120)","(2, 32, 1280)",float32,float32,0.00022468836687039584,222.98529052734375,True
J1/epochs/J1_E001_C1_YF_S6_25A35.npy,"(2, 32, 5120)","(2, 32, 1280)",float32,float32,0.00020523465354926884,205.28201293945312,True
J1/epochs/J1_E002_C2_YO_S7_5A15.npy,"(2, 32, 5120)","(2, 32, 1280)",float32,float32,0.003544328734278679,3533.090087890625,True
J1/epochs/J1_E003_C2_YO_S7_25A35.npy,"(2, 32, 5120)","(2, 32, 1280)",float32,float32,0.00020619646238628775,204.52896118164062,True
J1/epochs/J1_E004_C3_YF_S11_5A15.npy,"(2, 32, 5120)","(2, 32, 1280)",float32,float32,0.0004786821373272687,475.43804931640625,True
J1/epochs/J1_E005_C3_YO_S11_25A35.npy,"(2, 32, 5120)","(2, 32, 1280)",float32,float32,0.0004024779482278973,401.1341857910156,True
J1/epochs/J1_E006_C3_YF_S11_5A15.npy,"(2, 32, 5120)","(2, 32, 1280)",float32,float32,0.00039184471825137734,388.2762451171875,True
J1/epochs/J1_E007_C3_YO_S11_25A35.npy,"(2, 32, 5120)","(2, 32, 1280)",float32,float32,0.0004158805531915277,414.3145751953125,True
J1/epochs/J1_E008_C3_YF_S11_5A15.npy,"(2, 32, 5120)","(2, 32, 1280)",float32,float32,0.0003075325512327254,305.1170654296875,True
J1/epochs/J1_E009_C3_YO_S11_25A35.npy,"(2, 32, 5120)","(2, 32, 1280)",float32,float32,0.0003700744127854705,370.0874328613281,True
J1/epochs/J1_E010_C3_YF_S11_5A15.npy,"(2, 32, 5120)","(2, 32, 1280)",float32,float32,0.00024385502911172807,243.88111877441406,True
J1/epochs/J1_E011_C3_YO_S11_25A35.npy,"(2, 32, 5120)","(2, 32, 1280)",float32,float32,0.00042902593850158155,424.06439208984375,True
J1/epochs/J1_E012_C3_YF_S11_5A15.npy,"(2, 32, 5120)","(2, 32, 1280)",float32,float32,0.0004265222523827106,423.3955078125,True
J1/epochs/J1_E013_C3_YO_S11_25A35.npy,"(2, 32, 5120)","(2, 32, 1280)",float32,float32,0.0005058106617070735,501.847412109375,True
J1/epochs/J1_E014_C4_YF_S12_5A15.npy,"(2, 32, 5120)","(2, 32, 1280)",float32,float32,0.0006029732758179307,594.1229858398438,True
J1/epochs/J1_E015_C4_YO_S12_25A35.npy,"(2, 32, 5120)","(2, 32, 1280)",float32,float32,0.00048613225226290524,492.146240234375,True
J1/epochs/J1_E016_C4_YF_S12_5A15.npy,"(2, 32, 5120)","(2, 32, 1280)",float32,float32,0.0004993655602447689,498.9066467285156,True
J1/epochs/J1_E017_C4_YO_S12_25A35.npy,"(2, 32, 5120)","(2, 32, 1280)",float32,float32,0.0002698144526220858,269.0208740234375,True
J1/epochs/J1_E018_C4_YF_S12_5A15.npy,"(2, 32, 5120)","(2, 32, 1280)",float32,float32,0.00017129976185970008,171.36512756347656,True
J1/epochs/J1_E019_C4_YO_S12_25A35.npy,"(2, 32, 5120)","(2, 32, 1280)",float32,float32,0.00022172887111082673,221.8062286376953,True
J1/epochs/J1_E020_C4_YF_S12_5A15.npy,"(2, 32, 5120)","(2, 32, 1280)",float32,float32,0.00021458948322106153,210.27191162109375,True
J1/epochs/J1_E021_C4_YO_S12_25A35.npy,"(2, 32, 5120)","(2, 32, 1280)",float32,float32,0.0002254481369163841,224.4235382080078,True
J1/epochs/J1_E022_C4_YF_S12_5A15.npy,"(2, 32, 5120)","(2, 32, 1280)",float32,float32,0.0007683805888518691,764.5504760742188,True
J1/epochs/J1_E023_C4_YO_S12_25A35.npy,"(2, 32, 5120)","(2, 32, 1280)",float32,float32,0.00019048024842049927,190.54550170898438,True
J1/epochs/J1_E024_C4_YF_S12_5A15.npy,"(2, 32, 5120)","(2, 32, 1280)",float32,float32,0.00013008120004087687,130.14869689941406,True
J1/epochs/J1_E025_C4_YO_S12_25A35.npy,"(2, 32, 5120)","(2, 32, 1280)",float32,float32,0.00020346367091406137,197.66648864746094,True
J1/epochs/J1_E026_C5_YF_S1_5A15.npy,"(2, 32, 5120)","(2, 32, 1280)",float32,float32,0.0001535561605123803,152.42247009277344,True
J1/epochs/J1_E027_C5_YO_S1_25A35.npy,"(2, 32, 5120)","(2, 32, 1280)",float32,float32,0.00017691057291813195,176.45668029785156,True
J1/epochs/J1_E028_C5_YF_S1_5A15.npy,"(2, 32, 5120)","(2, 32, 1280)",float32,float32,0.00015253122546710074,145.0153350830078,True
J1/epochs/J1_E029_C5_YO_S1_25A35.npy,"(2, 32, 5120)","(2, 32, 1280)",float32,float32,0.00018156653095502406,181.6464385986328,True
J1/epochs/J1_E030_C5_YF_S1_5A15.npy,"(2, 32, 5120)","(2, 32, 1280)",float32,float32,0.00018341538088861853,181.40274047851562,True
J1/epochs/J1_E031_C5_YO_S1_25A35.npy,"(2, 32, 5120)","(2, 32, 1280)",float32,float32,0.0001685535826254636,168.56112670898438,True
J1/epochs/J1_E032_C5_YF_S2_5A15.npy,"(2, 32, 5120)","(2, 32, 1280)",float32,float32,0.00018153883866034448,160.85897827148438,True
J1/epochs/J1_E033_C5_YO_S2_25A35.npy,"(2, 32, 5120)","(2, 32, 1280)",float32,float32,0.00019854203856084496,198.30963134765625,True
J1/epochs/J1_E034_C5_YF_S2_5A15.npy,"(2, 32, 5120)","(2, 32, 1280)",float32,float32,0.00014318260946311057,142.77481079101562,True
J1/epochs/J1_E035_C5_YO_S2_25A35.npy,"(2, 32, 5120)","(2, 32, 1280)",float32,float32,0.0003291914763394743,310.80859375,True
J1/epochs/J1_E036_C5_YF_S2_5A15.npy,"(2, 32, 5120)","(2, 32, 1280)",float32,float32,0.00046608728007413447,466.2776184082031,True
J1/epochs/J1_E037_C5_YO_S2_25A35.npy,"(2, 32, 5120)","(2, 32, 1280)",float32,float32,0.0001840291079133749,183.7433319091797,True
J1/epochs/J1_E038_C2_YO_S7_5A15.npy,"(2, 32, 5120)","(2, 32, 1280)",float32,float32,0.0006946694920770824,694.8396606445312,True
J1/epochs/J1_E039_C2_YO_S7_25A35.npy,"(2, 32, 5120)","(2, 32, 1280)",float32,float32,0.00021351120085455477,230.5980987548828,True
J1/epochs/J1_E040_C1_YF_S6_5A15.npy,"(2, 32, 5120)","(2, 32, 1280)",float32,float32,0.001824919949285686,1822.9337158203125,True
J1/epochs/J1_E041_C1_YF_S6_25A35.npy,"(2, 32, 5120)","(2, 32, 1280)",float32,float32,0.00018477502453606576,184.32266235351562,True
J10/epochs/J10_E000_C1_YF_S6_5A15.npy,"(2, 32, 5120)","(2, 32, 1280)",float32,float32,0.00022858423471916467,221.7788848876953,True
J10/epochs/J10_E001_C1_YF_S6_25A35.npy,"(2, 32, 5120)","(2, 32, 1280)",float32,float32,0.00017588707851246,174.6421661376953,True
J10/epochs/J10_E002_C2_YO_S7_5A15.npy,"(2, 32, 5120)","(2, 32, 1280)",float32,float32,0.00020648949430324137,206.5919189453125,True
J10/epochs/J10_E003_C2_YO_S7_25A35.npy,"(2, 32, 5120)","(2, 32, 1280)",float32,float32,0.0001492845476604998,149.3954620361328,True
J10/epochs/J10_E004_C4_YF_S12_5A15.npy,"(2, 32, 5120)","(2, 32, 1280)",float32,float32,8.877322397893295e-05,83.62694549560547,True
J10/epochs/J10_E005_C4_YO_S12_25A35.npy,"(2, 32, 5120)","(2, 32, 1280)",float32,float32,0.0002269762771902606,225.4967803955078,True
J10/epochs/J10_E006_C4_YF_S12_5A15.npy,"(2, 32, 5120)","(2, 32, 1280)",float32,float32,0.0001043445008690469,104.61331939697266,True
J10/epochs/J10_E007_C4_YO_S12_25A35.npy,"(2, 32, 5120)","(2, 32, 1280)",float32,float32,0.00021460163407027721,213.3930206298828,True
J10/epochs/J10_E008_C4_YF_S12_5A15.npy,"(2, 32, 5120)","(2, 32, 1280)",float32,float32,0.0001007995379040949,97.66411590576172,True
J10/epochs/J10_E009_C4_YO_S12_25A35.npy,"(2, 32, 5120)","(2, 32, 1280)",float32,float32,0.00023829091514926404,237.19189453125,True
J10/epochs/J10_E010_C4_YF_S12_5A15.npy,"(2, 32, 5120)","(2, 32, 1280)",float32,float32,0.00021838473912794143,216.48094177246094,True
J10/epochs/J10_E011_C4_YO_S12_25A35.npy,"(2, 32, 5120)","(2, 32, 1280)",float32,float32,0.00013350602239370346,132.6097869873047,True
J10/epochs/J10_E012_C4_YF_S12_5A15.npy,"(2, 32, 5120)","(2, 32, 1280)",float32,float32,0.0001715822290861979,156.54757690429688,True
J10/epochs/J10_E013_C4_YO_S12_25A35.npy,"(2, 32, 5120)","(2, 32, 1280)",float32,float32,0.00021272683807183057,212.8050537109375,True
J10/epochs/J10_E014_C4_YF_S12_5A15.npy,"(2, 32, 5120)","(2, 32, 1280)",float32,float32,8.032731420826167e-05,80.06895446777344,True
J10/epochs/J10_E015_C4_YO_S12_25A35.npy,"(2, 32, 5120)","(2, 32, 1280)",float32,float32,0.00021280415239743888,211.5008544921875,True
J10/epochs/J10_E016_C3_YF_S11_5A15.npy,"(2, 32, 5120)","(2, 32, 1280)",float32,float32,9.868717461358756e-05,98.74561309814453,True
J10/epochs/J10_E017_C3_YO_S11_25A35.npy,"(2, 32, 5120)","(2, 32, 1280)",float32,float32,0.00018118000298272818,180.70191955566406,True
J10/epochs/J10_E018_C3_YF_S11_5A15.npy,"(2, 32, 5120)","(2, 32, 1280)",float32,float32,8.604253525845706e-05,85.20594024658203,True
J10/epochs/J10_E019_C3_YO_S11_25A35.npy,"(2, 32, 5120)","(2, 32, 1280)",float32,float32,0.00021343094704207033,211.7908172607422,True
J10/epochs/J10_E020_C3_YF_S11_5A15.npy,"(2, 32, 5120)","(2, 32, 1280)",float32,float32,9.101653995458037e-05,86.57575225830078,True
J10/epochs/J10_E021_C3_YO_S11_25A35.npy,"(2, 32, 5120)","(2, 32, 1280)",float32,float32,0.00020951197075191885,210.50115966796875,True
J10/epochs/J10_E022_C3_YF_S11_5A15.npy,"(2, 32, 5120)","(2, 32, 1280)",float32,float32,0.000142145567224361,140.78294372558594,True
J10/epochs/J10_E023_C3_YO_S11_25A35.npy,"(2, 32, 5120)","(2, 32, 1280)",float32,float32,0.0001949827274074778,194.40599060058594,True
J10/epochs/J10_E024_C3_YF_S11_5A15.npy,"(2, 32, 5120)","(2, 32, 1280)",float32,float32,9.110382961807773e-05,89.78564453125,True
J10/epochs/J10_E025_C3_YO_S11_25A35.npy,"(2, 32, 5120)","(2, 32, 1280)",float32,float32,0.00018579237803351134,184.14102172851562,True
J10/epochs/J10_E026_C3_YF_S11_5A15.npy,"(2, 32, 5120)","(2, 32, 1280)",float32,float32,9.290139860240743e-05,92.70637512207031,True
J10/epochs/J10_E027_C3_YO_S11_25A35.npy,"(2, 32, 5120)","(2, 32, 1280)",float32,float32,0.00017198991554323584,172.07138061523438,True
J10/epochs/J10_E028_C5_YF_S1_5A15.npy,"(2, 32, 5120)","(2, 32, 1280)",float32,float32,9.253026655642316e-05,84.0413818359375,True
J10/epochs/J10_E029_C5_YO_S1_25A35.npy,"(2, 32, 5120)","(2, 32, 1280)",float32,float32,0.00019626488210633397,196.31324768066406,True
J10/epochs/J10_E030_C5_YF_S1_5A15.npy,"(2, 32, 5120)","(2, 32, 1280)",float32,float32,9.444876195630059e-05,88.84510803222656,True
J10/epochs/J10_E031_C5_YO_S1_25A35.npy,"(2, 32, 5120)","(2, 32, 1280)",float32,float32,0.00017658475553616881,176.64723205566406,True
J10/epochs/J10_E032_C5_YF_S1_5A15.npy,"(2, 32, 5120)","(2, 32, 1280)",float32,float32,0.00010403667693026364,103.74396514892578,True
J10/epochs/J10_E033_C5_YO_S1_25A35.npy,"(2, 32, 5120)","(2, 32, 1280)",float32,float32,0.0002576192782726139,253.4523162841797,True
J10/epochs/J10_E034_C5_YF_S2_5A15.npy,"(2, 32, 5120)","(2, 32, 1280)",float32,float32,0.0001184883585665375,116.33709716796875,True
J10/epochs/J10_E035_C5_YO_S2_25A35.npy,"(2, 32, 5120)","(2, 32, 1280)",float32,float32,0.00020816321193706244,208.2246551513672,True
J10/epochs/J10_E036_C5_YF_S2_5A15.npy,"(2, 32, 5120)","(2, 32, 1280)",float32,float32,9.586902888258919e-05,91.1028060913086,True
J10/epochs/J10_E037_C5_YO_S2_25A35.npy,"(2, 32, 5120)","(2, 32, 1280)",float32,float32,0.0002100931160384789,209.0486297607422,True
J10/epochs/J10_E038_C5_YF_S2_5A15.npy,"(2, 32, 5120)","(2, 32, 1280)",float32,float32,8.618176070740446e-05,82.5059814453125,True
J10/epochs/J10_E039_C5_YO_S2_25A35.npy,"(2, 32, 5120)","(2, 32, 1280)",float32,float32,0.0001822920166887343,182.34422302246094,True
J10/epochs/J10_E040_C2_YO_S7_5A15.npy,"(2, 32, 5120)","(2, 32, 1280)",float32,float32,0.00019106535182800144,186.892578125,True
J10/epochs/J10_E041_C2_YO_S7_25A35.npy,"(2, 32, 5120)","(2, 32, 1280)",float32,float32,0.00015062146121636033,149.05874633789062,True
J10/epochs/J10_E042_C1_YF_S6_5A15.npy,"(2, 32, 5120)","(2, 32, 1280)",float32,float32,0.00018903397722169757,188.83856201171875,True
J10/epochs/J10_E043_C1_YF_S6_25A35.npy,"(2, 32, 5120)","(2, 32, 1280)",float32,float32,0.00017427482816856354,174.54226684570312,True
J15/epochs/J15_E000_C1_YF_S6_5A15.npy,"(2, 32, 5120)","(2, 32, 1280)",float32,float32,0.0003223418025299907,322.5176086425781,True
J15/epochs/J15_E001_C1_YF_S6_25A35.npy,"(2, 32, 5120)","(2, 32, 1280)",float32,float32,0.0002612680837046355,261.18377685546875,True
J15/epochs/J15_E002_C2_YO_S7_5A15.npy,"(2, 32, 5120)","(2, 32, 1280)",float32,float32,0.0002638729347381741,260.7394714355469,True
J15/epochs/J15_E003_C2_YO_S7_25A35.npy,"(2, 32, 5120)","(2, 32, 1280)",float32,float32,0.00022096776228863746,220.0378875732422,True
J15/epochs/J15_E004_C5_YF_S1_5A15.npy,"(2, 32, 5120)","(2, 32, 1280)",float32,float32,0.00013655403745360672,136.56900024414062,True
J15/epochs/J15_E005_C5_YO_S1_25A35.npy,"(2, 32, 5120)","(2, 32, 1280)",float32,float32,0.0003544433566275984,354.32623291015625,True
J15/epochs/J15_E006_C5_YF_S1_5A15.npy,"(2, 32, 5120)","(2, 32, 1280)",float32,float32,0.00024484979803673923,240.791748046875,True
J15/epochs/J15_E007_C5_YO_S1_25A35.npy,"(2, 32, 5120)","(2, 32, 1280)",float32,float32,0.0003790118498727679,377.76885986328125,True
J15/epochs/J15_E008_C5_YF_S1_5A15.npy,"(2, 32, 5120)","(2, 32, 1280)",float32,float32,0.00010201799886999652,93.24362182617188,True
J15/epochs/J15_E009_C5_YO_S1_25A35.npy,"(2, 32, 5120)","(2, 32, 1280)",float32,float32,0.0003530255635268986,352.64324951171875,True
J15/epochs/J15_E010_C5_YF_S2_5A15.npy,"(2, 32, 5120)","(2, 32, 1280)",float32,float32,7.574872870463878e-05,75.77125549316406,True
J15/epochs/J15_E011_C5_YO_S2_25A35.npy,"(2, 32, 5120)","(2, 32, 1280)",float32,float32,0.00036691376590169966,366.8876953125,True
J15/epochs/J15_E012_C5_YF_S2_5A15.npy,"(2, 32, 5120)","(2, 32, 1280)",float32,float32,8.227933722082525e-05,74.46665954589844,True
J15/epochs/J15_E013_C5_YO_S2_25A35.npy,"(2, 32, 5120)","(2, 32, 1280)",float32,float32,0.0003554016293492168,355.6023864746094,True
J15/epochs/J15_E014_C5_YF_S2_5A15.npy,"(2, 32, 5120)","(2, 32, 1280)",float32,float32,0.00010406423098174855,86.10052490234375,True
J15/epochs/J15_E015_C5_YO_S2_25A35.npy,"(2, 32, 5120)","(2, 32, 1280)",float32,float32,0.0003044632321689278,301.70166015625,True
J15/epochs/J15_E016_C4_YF_S12_5A15.npy,"(2, 32, 5120)","(2, 32, 1280)",float32,float32,8.96809360710904e-05,89.53897857666016,True
J15/epochs/J15_E017_C4_YO_S12_25A35.npy,"(2, 32, 5120)","(2, 32, 1280)",float32,float32,0.00035829085391014814,356.8807678222656,True
J15/epochs/J15_E018_C4_YF_S12_5A15.npy,"(2, 32, 5120)","(2, 32, 1280)",float32,float32,0.000362171558663249,361.95697021484375,True
J15/epochs/J15_E019_C4_YO_S12_25A35.npy,"(2, 32, 5120)","(2, 32, 1280)",float32,float32,0.0003242867533117533,312.6507873535156,True
J15/epochs/J15_E020_C4_YF_S12_5A15.npy,"(2, 32, 5120)","(2, 32, 1280)",float32,float32,0.0002553263620939106,255.2290496826172,True
J15/epochs/J15_E021_C4_YO_S12_25A35.npy,"(2, 32, 5120)","(2, 32, 1280)",float32,float32,0.000344162224791944,344.3481140136719,True
J15/epochs/J15_E022_C4_YF_S12_5A15.npy,"(2, 32, 5120)","(2, 32, 1280)",float32,float32,0.00010901135101448745,108.21406555175781,True
J15/epochs/J15_E023_C4_YO_S12_25A35.npy,"(2, 32, 5120)","(2, 32, 1280)",float32,float32,0.0003183520457241684,317.4700012207031,True
J15/epochs/J15_E024_C4_YF_S12_5A15.npy,"(2, 32, 5120)","(2, 32, 1280)",float32,float32,0.00013454938016366214,118.805908203125,True
J15/epochs/J15_E025_C4_YO_S12_25A35.npy,"(2, 32, 5120)","(2, 32, 1280)",float32,float32,0.00030808860901743174,308.300048828125,True
J15/epochs/J15_E026_C4_YF_S12_5A15.npy,"(2, 32, 5120)","(2, 32, 1280)",float32,float32,0.00037171272560954094,371.4945068359375,True
J15/epochs/J15_E027_C4_YO_S12_25A35.npy,"(2, 32, 5120)","(2, 32, 1280)",float32,float32,0.0003186432586517185,318.80718994140625,True
J15/epochs/J15_E028_C3_YF_S11_5A15.npy,"(2, 32, 5120)","(2, 32, 1280)",float32,float32,0.00010651227785274386,105.54291534423828,True
J15/epochs/J15_E029_C3_YO_S11_25A35.npy,"(2, 32, 5120)","(2, 32, 1280)",float32,float32,0.0003178810002282262,317.6997985839844,True
J15/epochs/J15_E030_C3_YF_S11_5A15.npy,"(2, 32, 5120)","(2, 32, 1280)",float32,float32,0.0001134813719545491,107.53785705566406,True
J15/epochs/J15_E031_C3_YO_S11_25A35.npy,"(2, 32, 5120)","(2, 32, 1280)",float32,float32,0.0003430248470976949,343.214111328125,True
J15/epochs/J15_E032_C3_YF_S11_5A15.npy,"(2, 32, 5120)","(2, 32, 1280)",float32,float32,0.00010785442282212898,95.44235229492188,True
J15/epochs/J15_E033_C3_YO_S11_25A35.npy,"(2, 32, 5120)","(2, 32, 1280)",float32,float32,0.0003531276306603104,309.0209655761719,True
J15/epochs/J15_E034_C3_YF_S11_5A15.npy,"(2, 32, 5120)","(2, 32, 1280)",float32,float32,9.811371273826808e-05,87.81609344482422,True
J15/epochs/J15_E035_C3_YO_S11_25A35.npy,"(2, 32, 5120)","(2, 32, 1280)",float32,float32,0.00032097395160235465,319.88177490234375,True
J15/epochs/J15_E036_C3_YF_S11_5A15.npy,"(2, 32, 5120)","(2, 32, 1280)",float32,float32,0.0002712623681873083,271.2740173339844,True
J15/epochs/J15_E037_C3_YO_S11_25A35.npy,"(2, 32, 5120)","(2, 32, 1280)",float32,float32,0.00031637397478334606,313.6921081542969,True
J15/epochs/J15_E038_C3_YF_S11_5A15.npy,"(2, 32, 5120)","(2, 32, 1280)",float32,float32,9.175265586236492e-05,92.63687896728516,True
J15/epochs/J15_E039_C3_YO_S11_25A35.npy,"(2, 32, 5120)","(2, 32, 1280)",float32,float32,0.0003005254257004708,300.43621826171875,True
J15/epochs/J15_E040_C2_YO_S7_5A15.npy,"(2, 32, 5120)","(2, 32, 1280)",float32,float32,0.0002939821861218661,291.0840148925781,True
J15/epochs/J15_E041_C2_YO_S7_25A35.npy,"(2, 32, 5120)","(2, 32, 1280)",float32,float32,0.00029670505318790674,296.8676452636719,True
J15/epochs/J15_E042_C1_YF_S6_5A15.npy,"(2, 32, 5120)","(2, 32, 1280)",float32,float32,0.00022424885537475348,222.26109313964844,True
J15/epochs/J15_E043_C1_YF_S6_25A35.npy,"(2, 32, 5120)","(2, 32, 1280)",float32,float32,0.00026181290741078556,259.9115905761719,True
J2/epochs/J2_E000_C1_YF_S6_5A15.npy,"(2, 32, 5120)","(2, 32, 1280)",float32,float32,0.0002379974612267688,237.12059020996094,True
J2/epochs/J2_E001_C1_YF_S6_25A35.npy,"(2, 32, 5120)","(2, 32, 1280)",float32,float32,0.0001957038330147043,195.69320678710938,True
J2/epochs/J2_E002_C2_YO_S7_5A15.npy,"(2, 32, 5120)","(2, 32, 1280)",float32,float32,0.000299143954180181,299.3188781738281,True
J2/epochs/J2_E003_C2_YO_S7_25A35.npy,"(2, 32, 5120)","(2, 32, 1280)",float32,float32,0.0002846981515176594,283.2467346191406,True
J2/epochs/J2_E004_C3_YF_S11_5A15.npy,"(2, 32, 5120)","(2, 32, 1280)",float32,float32,0.00014137996186036617,141.65538024902344,True
J2/epochs/J2_E005_C3_YO_S11_25A35.npy,"(2, 32, 5120)","(2, 32, 1280)",float32,float32,0.0002816916676238179,281.81683349609375,True
J2/epochs/J2_E006_C3_YF_S11_5A15.npy,"(2, 32, 5120)","(2, 32, 1280)",float32,float32,0.0001548716245451942,128.81922912597656,True
J2/epochs/J2_E007_C3_YO_S11_25A35.npy,"(2, 32, 5120)","(2, 32, 1280)",float32,float32,0.0002584659378044307,256.51641845703125,True
J2/epochs/J2_E008_C3_YF_S11_5A15.npy,"(2, 32, 5120)","(2, 32, 1280)",float32,float32,0.00013261655112728477,132.6534423828125,True
J2/epochs/J2_E009_C3_YO_S11_25A35.npy,"(2, 32, 5120)","(2, 32, 1280)",float32,float32,0.00025329936761409044,253.41639709472656,True
J2/epochs/J2_E010_C3_YF_S11_5A15.npy,"(2, 32, 5120)","(2, 32, 1280)",float32,float32,0.00011094443470938131,109.42610168457031,True
J2/epochs/J2_E011_C3_YO_S11_25A35.npy,"(2, 32, 5120)","(2, 32, 1280)",float32,float32,0.00024405636941082776,243.74945068359375,True
J2/epochs/J2_E012_C3_YF_S11_5A15.npy,"(2, 32, 5120)","(2, 32, 1280)",float32,float32,8.081716805463657e-05,80.42750549316406,True
J2/epochs/J2_E013_C3_YO_S11_25A35.npy,"(2, 32, 5120)","(2, 32, 1280)",float32,float32,0.00023227774363476783,231.81521606445312,True
J2/epochs/J2_E014_C3_YF_S11_5A15.npy,"(2, 32, 5120)","(2, 32, 1280)",float32,float32,8.434346091235057e-05,82.74237060546875,True
J2/epochs/J2_E015_C3_YO_S11_25A35.npy,"(2, 32, 5120)","(2, 32, 1280)",float32,float32,0.0002461870899423957,243.84327697753906,True
J2/epochs/J2_E016_C4_YF_S12_5A15.npy,"(2, 32, 5120)","(2, 32, 1280)",float32,float32,8.137748955050483e-05,76.88038635253906,True
J2/epochs/J2_E017_C4_YO_S12_25A35.npy,"(2, 32, 5120)","(2, 32, 1280)",float32,float32,0.00027451777714304626,273.34185791015625,True
J2/epochs/J2_E018_C4_YF_S12_5A15.npy,"(2, 32, 5120)","(2, 32, 1280)",float32,float32,8.680159226059914e-05,86.10997772216797,True
J2/epochs/J2_E019_C4_YO_S12_25A35.npy,"(2, 32, 5120)","(2, 32, 1280)",float32,float32,0.0002682770136743784,268.4300231933594,True
J2/epochs/J2_E020_C4_YF_S12_5A15.npy,"(2, 32, 5120)","(2, 32, 1280)",float32,float32,9.26279099076055e-05,81.28874206542969,True
J2/epochs/J2_E021_C4_YO_S12_25A35.npy,"(2, 32, 5120)","(2, 32, 1280)",float32,float32,0.00025566513068042696,255.76443481445312,True
J2/epochs/J2_E022_C4_YF_S12_5A15.npy,"(2, 32, 5120)","(2, 32, 1280)",float32,float32,8.830800652503967e-05,82.35224914550781,True
J2/epochs/J2_E023_C4_YO_S12_25A35.npy,"(2, 32, 5120)","(2, 32, 1280)",float32,float32,0.00025916157756000757,254.7115020751953,True
J2/epochs/J2_E024_C4_YF_S12_5A15.npy,"(2, 32, 5120)","(2, 32, 1280)",float32,float32,7.920795178506523e-05,74.28092956542969,True
J2/epochs/J2_E025_C4_YO_S12_25A35.npy,"(2, 32, 5120)","(2, 32, 1280)",float32,float32,0.00027108858921565115,271.2243347167969,True
J2/epochs/J2_E026_C4_YF_S12_5A15.npy,"(2, 32, 5120)","(2, 32, 1280)",float32,float32,8.54802638059482e-05,85.51214599609375,True
J2/epochs/J2_E027_C4_YO_S12_25A35.npy,"(2, 32, 5120)","(2, 32, 1280)",float32,float32,0.0002628163783811033,256.3044128417969,True
J2/epochs/J2_E028_C5_YF_S1_5A15.npy,"(2, 32, 5120)","(2, 32, 1280)",float32,float32,0.00011306977830827236,113.16163635253906,True
J2/epochs/J2_E029_C5_YO_S1_25A35.npy,"(2, 32, 5120)","(2, 32, 1280)",float32,float32,0.0002869201416615397,283.47686767578125,True
J2/epochs/J2_E030_C5_YF_S1_5A15.npy,"(2, 32, 5120)","(2, 32, 1280)",float32,float32,0.0001046999532263726,96.47970581054688,True
J2/epochs/J2_E031_C5_YO_S1_25A35.npy,"(2, 32, 5120)","(2, 32, 1280)",float32,float32,0.0002558372507337481,255.9537353515625,True
J2/epochs/J2_E032_C5_YF_S1_5A15.npy,"(2, 32, 5120)","(2, 32, 1280)",float32,float32,6.825425225542858e-05,66.36134338378906,True
J2/epochs/J2_E033_C5_YO_S1_25A35.npy,"(2, 32, 5120)","(2, 32, 1280)",float32,float32,0.0002453741617500782,245.49191284179688,True
J2/epochs/J2_E034_C5_YF_S2_5A15.npy,"(2, 32, 5120)","(2, 32, 1280)",float32,float32,6.509185186587274e-05,65.12490844726562,True
J2/epochs/J2_E035_C5_YO_S2_25A35.npy,"(2, 32, 5120)","(2, 32, 1280)",float32,float32,0.00024716678308323026,245.07797241210938,True
J2/epochs/J2_E036_C5_YF_S2_5A15.npy,"(2, 32, 5120)","(2, 32, 1280)",float32,float32,7.66262601246126e-05,75.71803283691406,True
J2/epochs/J2_E037_C5_YO_S2_25A35.npy,"(2, 32, 5120)","(2, 32, 1280)",float32,float32,0.0002500768459867686,248.42245483398438,True
J2/epochs/J2_E038_C5_YF_S2_5A15.npy,"(2, 32, 5120)","(2, 32, 1280)",float32,float32,0.00013426014629658312,128.72958374023438,True
J2/epochs/J2_E039_C5_YO_S2_25A35.npy,"(2, 32, 5120)","(2, 32, 1280)",float32,float32,0.0002630592498462647,263.0028991699219,True
J2/epochs/J2_E040_C2_YO_S7_5A15.npy,"(2, 32, 5120)","(2, 32, 1280)",float32,float32,0.000283822970231995,283.91473388671875,True
J2/epochs/J2_E041_C2_YO_S7_25A35.npy,"(2, 32, 5120)","(2, 32, 1280)",float32,float32,0.00028315462986938655,280.9866943359375,True
J2/epochs/J2_E042_C1_YF_S6_5A15.npy,"(2, 32, 5120)","(2, 32, 1280)",float32,float32,0.00027933079400099814,279.46844482421875,True
J2/epochs/J2_E043_C1_YF_S6_25A35.npy,"(2, 32, 5120)","(2, 32, 1280)",float32,float32,0.00025522647774778306,255.01193237304688,True
J4/epochs/J4_E000_C1_YF_S6_5A15.npy,"(2, 32, 5120)","(2, 32, 1280)",float32,float32,0.00022152643941808492,220.12506103515625,True
J4/epochs/J4_E001_C1_YF_S6_25A35.npy,"(2, 32, 5120)","(2, 32, 1280)",float32,float32,0.0002650443057063967,259.7774658203125,True
J4/epochs/J4_E002_C2_YO_S7_5A15.npy,"(2, 32, 5120)","(2, 32, 1280)",float32,float32,0.00022370043734554201,223.79074096679688,True
J4/epochs/J4_E003_C2_YO_S7_25A35.npy,"(2, 32, 5120)","(2, 32, 1280)",float32,float32,0.000257003033766523,256.6658630371094,True
J4/epochs/J4_E004_C5_YF_S1_5A15.npy,"(2, 32, 5120)","(2, 32, 1280)",float32,float32,5.815181430079974e-05,58.16852569580078,True
J4/epochs/J4_E005_C5_YO_S1_25A35.npy,"(2, 32, 5120)","(2, 32, 1280)",float32,float32,0.0002054584474535659,205.56263732910156,True
J4/epochs/J4_E006_C5_YF_S1_5A15.npy,"(2, 32, 5120)","(2, 32, 1280)",float32,float32,7.353448745561764e-05,71.88096618652344,True
J4/epochs/J4_E007_C5_YO_S1_25A35.npy,"(2, 32, 5120)","(2, 32, 1280)",float32,float32,0.00020703869813587517,207.15570068359375,True
J4/epochs/J4_E008_C5_YF_S1_5A15.npy,"(2, 32, 5120)","(2, 32, 1280)",float32,float32,9.144184878095984e-05,91.48151397705078,True
J4/epochs/J4_E009_C5_YO_S1_25A35.npy,"(2, 32, 5120)","(2, 32, 1280)",float32,float32,0.00019851559773087502,198.35826110839844,True
J4/epochs/J4_E010_C5_YF_S2_5A15.npy,"(2, 32, 5120)","(2, 32, 1280)",float32,float32,0.0002559413551352918,244.16607666015625,True
J4/epochs/J4_E011_C5_YO_S2_25A35.npy,"(2, 32, 5120)","(2, 32, 1280)",float32,float32,0.00021506575285457075,215.1864471435547,True
J4/epochs/J4_E012_C5_YF_S2_5A15.npy,"(2, 32, 5120)","(2, 32, 1280)",float32,float32,8.301311027025804e-05,83.04924011230469,True
J4/epochs/J4_E013_C5_YO_S2_25A35.npy,"(2, 32, 5120)","(2, 32, 1280)",float32,float32,0.00020422437228262424,203.6483917236328,True
J4/epochs/J4_E014_C5_YF_S2_5A15.npy,"(2, 32, 5120)","(2, 32, 1280)",float32,float32,8.03110669949092e-05,78.681396484375,True
J4/epochs/J4_E015_C5_YO_S2_25A35.npy,"(2, 32, 5120)","(2, 32, 1280)",float32,float32,0.00016665973816998303,166.26104736328125,True
J4/epochs/J4_E016_C4_YF_S12_5A15.npy,"(2, 32, 5120)","(2, 32, 1280)",float32,float32,7.83948416938074e-05,70.2955093383789,True
J4/epochs/J4_E017_C4_YO_S12_25A35.npy,"(2, 32, 5120)","(2, 32, 1280)",float32,float32,0.00019474205328151584,194.8332977294922,True
J4/epochs/J4_E018_C4_YF_S12_5A15.npy,"(2, 32, 5120)","(2, 32, 1280)",float32,float32,7.860239566070959e-05,78.62599182128906,True
J4/epochs/J4_E019_C4_YO_S12_25A35.npy,"(2, 32, 5120)","(2, 32, 1280)",float32,float32,0.00021117301366757601,204.90199279785156,True
J4/epochs/J4_E020_C4_YF_S12_5A15.npy,"(2, 32, 5120)","(2, 32, 1280)",float32,float32,8.636582788312808e-05,83.8136978149414,True
J4/epochs/J4_E021_C4_YO_S12_25A35.npy,"(2, 32, 5120)","(2, 32, 1280)",float32,float32,0.0002297435567015782,226.26564025878906,True
J4/epochs/J4_E022_C4_YF_S12_5A15.npy,"(2, 32, 5120)","(2, 32, 1280)",float32,float32,7.541957893408835e-05,74.51506805419922,True
J4/epochs/J4_E023_C4_YO_S12_25A35.npy,"(2, 32, 5120)","(2, 32, 1280)",float32,float32,0.00021091720554977655,210.66241455078125,True
J4/epochs/J4_E024_C4_YF_S12_5A15.npy,"(2, 32, 5120)","(2, 32, 1280)",float32,float32,0.000238128486671485,226.91419982910156,True
J4/epochs/J4_E025_C4_YO_S12_25A35.npy,"(2, 32, 5120)","(2, 32, 1280)",float32,float32,0.00020514900097623467,203.59127807617188,True
J4/epochs/J4_E026_C4_YF_S12_5A15.npy,"(2, 32, 5120)","(2, 32, 1280)",float32,float32,0.00011661779717542231,113.12005615234375,True
J4/epochs/J4_E027_C4_YO_S12_25A35.npy,"(2, 32, 5120)","(2, 32, 1280)",float32,float32,0.0001931364240590483,193.24879455566406,True
J4/epochs/J4_E028_C3_YF_S11_5A15.npy,"(2, 32, 5120)","(2, 32, 1280)",float32,float32,0.00013042590580880642,134.42242431640625,True
J4/epochs/J4_E029_C3_YO_S11_25A35.npy,"(2, 32, 5120)","(2, 32, 1280)",float32,float32,0.00021130559616722167,211.33216857910156,True
J4/epochs/J4_E030_C3_YF_S11_5A15.npy,"(2, 32, 5120)","(2, 32, 1280)",float32,float32,0.0014909779420122504,1491.0653076171875,True
J4/epochs/J4_E031_C3_YO_S11_25A35.npy,"(2, 32, 5120)","(2, 32, 1280)",float32,float32,0.00019146877457387745,191.56771850585938,True
J4/epochs/J4_E032_C3_YF_S11_5A15.npy,"(2, 32, 5120)","(2, 32, 1280)",float32,float32,0.00010229895997326821,102.3231430053711,True
J4/epochs/J4_E033_C3_YO_S11_25A35.npy,"(2, 32, 5120)","(2, 32, 1280)",float32,float32,0.00019655861251521856,196.65504455566406,True
J4/epochs/J4_E034_C3_YF_S11_5A15.npy,"(2, 32, 5120)","(2, 32, 1280)",float32,float32,0.0002800494257826358,280.27020263671875,True
J4/epochs/J4_E035_C3_YO_S11_25A35.npy,"(2, 32, 5120)","(2, 32, 1280)",float32,float32,0.00016676157247275114,166.846923828125,True
J4/epochs/J4_E036_C3_YF_S11_5A15.npy,"(2, 32, 5120)","(2, 32, 1280)",float32,float32,7.679007103433833e-05,74.8288803100586,True
J4/epochs/J4_E037_C3_YO_S11_25A35.npy,"(2, 32, 5120)","(2, 32, 1280)",float32,float32,0.00019116340263281018,189.42562866210938,True
J4/epochs/J4_E038_C3_YF_S11_5A15.npy,"(2, 32, 5120)","(2, 32, 1280)",float32,float32,9.628075349610299e-05,95.19772338867188,True
J4/epochs/J4_E039_C3_YO_S11_25A35.npy,"(2, 32, 5120)","(2, 32, 1280)",float32,float32,0.00033102426095865667,331.0517578125,True
J4/epochs/J4_E040_C2_YO_S7_5A15.npy,"(2, 32, 5120)","(2, 32, 1280)",float32,float32,0.0002661236794665456,255.49713134765625,True
J4/epochs/J4_E041_C2_YO_S7_25A35.npy,"(2, 32, 5120)","(2, 32, 1280)",float32,float32,0.00022800012084189802,226.75042724609375,True
J4/epochs/J4_E042_C1_YF_S6_5A15.npy,"(2, 32, 5120)","(2, 32, 1280)",float32,float32,0.00026117576635442674,260.3668518066406,True
J4/epochs/J4_E043_C1_YF_S6_25A35.npy,"(2, 32, 5120)","(2, 32, 1280)",float32,float32,0.0002078546822303906,207.28170776367188,True
J5/epochs/J5_E000_C1_YF_S6_5A15.npy,"(2, 32, 5120)","(2, 32, 1280)",float32,float32,0.0001582193945068866,157.32711791992188,True
J5/epochs/J5_E001_C1_YF_S6_25A35.npy,"(2, 32, 5120)","(2, 32, 1280)",float32,float32,0.0001418400788679719,141.71678161621094,True
J5/epochs/J5_E002_C2_YO_S7_5A15.npy,"(2, 32, 5120)","(2, 32, 1280)",float32,float32,0.00018346788419876248,182.0409698486328,True
J5/epochs/J5_E003_C2_YO_S7_25A35.npy,"(2, 32, 5120)","(2, 32, 1280)",float32,float32,0.00019994856847915798,198.6099395751953,True
J5/epochs/J5_E004_C4_YF_S12_5A15.npy,"(2, 32, 5120)","(2, 32, 1280)",float32,float32,9.436098480364308e-05,91.30036926269531,True
J5/epochs/J5_E005_C4_YO_S12_25A35.npy,"(2, 32, 5120)","(2, 32, 1280)",float32,float32,0.00016593303007539362,145.90573120117188,True
J5/epochs/J5_E006_C4_YF_S12_5A15.npy,"(2, 32, 5120)","(2, 32, 1280)",float32,float32,0.00018954943516291678,161.77452087402344,True
J5/epochs/J5_E007_C4_YO_S12_25A35.npy,"(2, 32, 5120)","(2, 32, 1280)",float32,float32,0.00014592651859857142,145.9921417236328,True
J5/epochs/J5_E008_C4_YF_S12_5A15.npy,"(2, 32, 5120)","(2, 32, 1280)",float32,float32,0.0001407621311955154,126.66883087158203,True
J5/epochs/J5_E009_C4_YO_S12_25A35.npy,"(2, 32, 5120)","(2, 32, 1280)",float32,float32,0.00016103938105516136,159.88148498535156,True
J5/epochs/J5_E010_C4_YF_S12_5A15.npy,"(2, 32, 5120)","(2, 32, 1280)",float32,float32,8.569882629672065e-05,73.34732055664062,True
J5/epochs/J5_E011_C4_YO_S12_25A35.npy,"(2, 32, 5120)","(2, 32, 1280)",float32,float32,0.0001660204870859161,165.02737426757812,True
J5/epochs/J5_E012_C4_YF_S12_5A15.npy,"(2, 32, 5120)","(2, 32, 1280)",float32,float32,0.00018388194439467043,175.5615234375,True
J5/epochs/J5_E013_C4_YO_S12_25A35.npy,"(2, 32, 5120)","(2, 32, 1280)",float32,float32,0.00016307357873301953,160.77513122558594,True
J5/epochs/J5_E014_C4_YF_S12_5A15.npy,"(2, 32, 5120)","(2, 32, 1280)",float32,float32,0.00010316428233636543,103.1646728515625,True
J5/epochs/J5_E015_C4_YO_S12_25A35.npy,"(2, 32, 5120)","(2, 32, 1280)",float32,float32,0.0001552219910081476,151.304931640625,True
J5/epochs/J5_E016_C3_YF_S11_5A15.npy,"(2, 32, 5120)","(2, 32, 1280)",float32,float32,0.00013482900976669043,103.32363891601562,True
J5/epochs/J5_E017_C3_YO_S11_25A35.npy,"(2, 32, 5120)","(2, 32, 1280)",float32,float32,0.00017243179900106043,171.82203674316406,True
J5/epochs/J5_E018_C3_YF_S11_5A15.npy,"(2, 32, 5120)","(2, 32, 1280)",float32,float32,0.00017968083557207137,169.3096923828125,True
J5/epochs/J5_E019_C3_YO_S11_25A35.npy,"(2, 32, 5120)","(2, 32, 1280)",float32,float32,0.00012600597983691841,125.10450744628906,True
J5/epochs/J5_E020_C3_YF_S11_5A15.npy,"(2, 32, 5120)","(2, 32, 1280)",float32,float32,0.00011351823195582256,113.54800415039062,True
J5/epochs/J5_E021_C3_YO_S11_25A35.npy,"(2, 32, 5120)","(2, 32, 1280)",float32,float32,0.00020084783318452537,166.7683563232422,True
J5/epochs/J5_E022_C3_YF_S11_5A15.npy,"(2, 32, 5120)","(2, 32, 1280)",float32,float32,8.198370051104575e-05,80.83418273925781,True
J5/epochs/J5_E023_C3_YO_S11_25A35.npy,"(2, 32, 5120)","(2, 32, 1280)",float32,float32,0.00014463614206761122,144.46405029296875,True
J5/epochs/J5_E024_C3_YF_S11_5A15.npy,"(2, 32, 5120)","(2, 32, 1280)",float32,float32,0.0002093171642627567,208.4100799560547,True
J5/epochs/J5_E025_C3_YO_S11_25A35.npy,"(2, 32, 5120)","(2, 32, 1280)",float32,float32,0.00012340923422016203,121.80619812011719,True
J5/epochs/J5_E026_C3_YF_S11_5A15.npy,"(2, 32, 5120)","(2, 32, 1280)",float32,float32,6.653780292253941e-05,62.97393798828125,True
J5/epochs/J5_E027_C3_YO_S11_25A35.npy,"(2, 32, 5120)","(2, 32, 1280)",float32,float32,0.00013565186236519367,135.1530303955078,True
J5/epochs/J5_E028_C5_YF_S1_5A15.npy,"(2, 32, 5120)","(2, 32, 1280)",float32,float32,7.543306128354743e-05,71.84076690673828,True
J5/epochs/J5_E029_C5_YO_S1_25A35.npy,"(2, 32, 5120)","(2, 32, 1280)",float32,float32,0.00014025255222804844,140.29530334472656,True
J5/epochs/J5_E030_C5_YF_S1_5A15.npy,"(2, 32, 5120)","(2, 32, 1280)",float32,float32,0.0001274340320378542,121.1490478515625,True
J5/epochs/J5_E031_C5_YO_S1_25A35.npy,"(2, 32, 5120)","(2, 32, 1280)",float32,float32,0.0001293090172111988,128.42039489746094,True
J5/epochs/J5_E032_C5_YF_S1_5A15.npy,"(2, 32, 5120)","(2, 32, 1280)",float32,float32,0.00011120866111014038,104.34627532958984,True
J5/epochs/J5_E033_C5_YO_S1_25A35.npy,"(2, 32, 5120)","(2, 32, 1280)",float32,float32,0.00010059290798380971,100.64106750488281,True
J5/epochs/J5_E034_C5_YF_S2_5A15.npy,"(2, 32, 5120)","(2, 32, 1280)",float32,float32,0.0001482373190810904,138.18240356445312,True
J5/epochs/J5_E035_C5_YO_S2_25A35.npy,"(2, 32, 5120)","(2, 32, 1280)",float32,float32,0.00015291193267330527,152.6603240966797,True
J5/epochs/J5_E036_C5_YF_S2_5A15.npy,"(2, 32, 5120)","(2, 32, 1280)",float32,float32,0.00014745189400855452,147.50123596191406,True
J5/epochs/J5_E037_C5_YO_S2_25A35.npy,"(2, 32, 5120)","(2, 32, 1280)",float32,float32,0.0001801850157789886,174.48521423339844,True
J5/epochs/J5_E038_C5_YF_S2_5A15.npy,"(2, 32, 5120)","(2, 32, 1280)",float32,float32,0.00012186603271402419,121.9251708984375,True
J5/epochs/J5_E039_C5_YO_S2_25A35.npy,"(2, 32, 5120)","(2, 32, 1280)",float32,float32,0.00011800566426245496,118.0177993774414,True
J5/epochs/J5_E040_C2_YO_S7_5A15.npy,"(2, 32, 5120)","(2, 32, 1280)",float32,float32,0.0005777097539976239,575.435546875,True
J5/epochs/J5_E041_C2_YO_S7_25A35.npy,"(2, 32, 5120)","(2, 32, 1280)",float32,float32,0.00016286966274492443,162.59814453125,True
J5/epochs/J5_E042_C1_YF_S6_5A15.npy,"(2, 32, 5120)","(2, 32, 1280)",float32,float32,0.0001610122708370909,160.8101348876953,True
J5/epochs/J5_E043_C1_YF_S6_25A35.npy,"(2, 32, 5120)","(2, 32, 1280)",float32,float32,0.00021263898815959692,212.65072631835938,True
J7/epochs/J7_E000_C1_YF_S6_5A15.npy,"(2, 32, 5120)","(2, 32, 1280)",float32,float32,0.00023981145932339132,239.4832305908203,True
J7/epochs/J7_E001_C1_YF_S6_25A35.npy,"(2, 32, 5120)","(2, 32, 1280)",float32,float32,0.00020518583187367767,205.21163940429688,True
J7/epochs/J7_E002_C2_YO_S7_5A15.npy,"(2, 32, 5120)","(2, 32, 1280)",float32,float32,0.0002633468830026686,262.780029296875,True
J7/epochs/J7_E003_C2_YO_S7_25A35.npy,"(2, 32, 5120)","(2, 32, 1280)",float32,float32,0.00026933132903650403,267.1734313964844,True
J7/epochs/J7_E004_C3_YF_S11_5A15.npy,"(2, 32, 5120)","(2, 32, 1280)",float32,float32,7.097162597347051e-05,67.45941925048828,True
J7/epochs/J7_E005_C3_YO_S11_25A35.npy,"(2, 32, 5120)","(2, 32, 1280)",float32,float32,0.0002145787002518773,214.12783813476562,True
J7/epochs/J7_E006_C3_YF_S11_5A15.npy,"(2, 32, 5120)","(2, 32, 1280)",float32,float32,5.8812998759094626e-05,61.28229904174805,True
J7/epochs/J7_E007_C3_YO_S11_25A35.npy,"(2, 32, 5120)","(2, 32, 1280)",float32,float32,0.00021380989346653223,213.63760375976562,True
J7/epochs/J7_E008_C3_YF_S11_5A15.npy,"(2, 32, 5120)","(2, 32, 1280)",float32,float32,7.080769864842296e-05,70.14029693603516,True
J7/epochs/J7_E009_C3_YO_S11_25A35.npy,"(2, 32, 5120)","(2, 32, 1280)",float32,float32,0.00016411941032856703,163.1480712890625,True
J7/epochs/J7_E010_C3_YF_S11_5A15.npy,"(2, 32, 5120)","(2, 32, 1280)",float32,float32,7.139821536839008e-05,71.093017578125,True
J7/epochs/J7_E011_C3_YO_S11_25A35.npy,"(2, 32, 5120)","(2, 32, 1280)",float32,float32,0.00016218211385421455,160.99172973632812,True
J7/epochs/J7_E012_C3_YF_S11_5A15.npy,"(2, 32, 5120)","(2, 32, 1280)",float32,float32,8.911991608329117e-05,88.80186462402344,True
J7/epochs/J7_E013_C3_YO_S11_25A35.npy,"(2, 32, 5120)","(2, 32, 1280)",float32,float32,0.00020826492982450873,207.88973999023438,True
J7/epochs/J7_E014_C3_YF_S11_5A15.npy,"(2, 32, 5120)","(2, 32, 1280)",float32,float32,8.070012700045481e-05,80.56555938720703,True
J7/epochs/J7_E015_C3_YO_S11_25A35.npy,"(2, 32, 5120)","(2, 32, 1280)",float32,float32,0.0001747925125528127,174.4881591796875,True
J7/epochs/J7_E016_C5_YF_S1_5A15.npy,"(2, 32, 5120)","(2, 32, 1280)",float32,float32,0.00011218548024771735,105.0895004272461,True
J7/epochs/J7_E017_C5_YO_S1_25A35.npy,"(2, 32, 5120)","(2, 32, 1280)",float32,float32,0.0010740031721070409,1067.918212890625,True
J7/epochs/J7_E018_C5_YF_S1_5A15.npy,"(2, 32, 5120)","(2, 32, 1280)",float32,float32,0.00014637841377407312,144.44094848632812,True
J7/epochs/J7_E019_C5_YO_S1_25A35.npy,"(2, 32, 5120)","(2, 32, 1280)",float32,float32,0.0002489997714292258,247.17446899414062,True
J7/epochs/J7_E020_C5_YF_S1_5A15.npy,"(2, 32, 5120)","(2, 32, 1280)",float32,float32,8.697742305230349e-05,85.8766098022461,True
J7/epochs/J7_E021_C5_YO_S1_25A35.npy,"(2, 32, 5120)","(2, 32, 1280)",float32,float32,0.0002776595065370202,277.08624267578125,True
J7/epochs/J7_E022_C5_YF_S2_5A15.npy,"(2, 32, 5120)","(2, 32, 1280)",float32,float32,0.00020009858417324722,186.1107177734375,True
J7/epochs/J7_E023_C5_YO_S2_25A35.npy,"(2, 32, 5120)","(2, 32, 1280)",float32,float32,0.0001693316298769787,169.39927673339844,True
J7/epochs/J7_E024_C5_YF_S2_5A15.npy,"(2, 32, 5120)","(2, 32, 1280)",float32,float32,8.036431245272979e-05,79.93761444091797,True
J7/epochs/J7_E025_C5_YO_S2_25A35.npy,"(2, 32, 5120)","(2, 32, 1280)",float32,float32,0.00019978953059762716,198.52413940429688,True
J7/epochs/J7_E026_C5_YF_S2_5A15.npy,"(2, 32, 5120)","(2, 32, 1280)",float32,float32,5.222850450081751e-05,49.621971130371094,True
J7/epochs/J7_E027_C5_YO_S2_25A35.npy,"(2, 32, 5120)","(2, 32, 1280)",float32,float32,0.00017513654893264174,175.03720092773438,True
J7/epochs/J7_E028_C4_YF_S12_5A15.npy,"(2, 32, 5120)","(2, 32, 1280)",float32,float32,7.008468674030155e-05,69.67074584960938,True
J7/epochs/J7_E029_C4_YO_S12_25A35.npy,"(2, 32, 5120)","(2, 32, 1280)",float32,float32,0.0002580460859462619,255.00006103515625,True
J7/epochs/J7_E030_C4_YF_S12_5A15.npy,"(2, 32, 5120)","(2, 32, 1280)",float32,float32,0.0001533482427475974,153.35415649414062,True
J7/epochs/J7_E031_C4_YO_S12_25A35.npy,"(2, 32, 5120)","(2, 32, 1280)",float32,float32,0.0015307989669963717,1531.1048583984375,True
J7/epochs/J7_E032_C4_YF_S12_5A15.npy,"(2, 32, 5120)","(2, 32, 1280)",float32,float32,7.513912714784965e-05,73.96295928955078,True
J7/epochs/J7_E033_C4_YO_S12_25A35.npy,"(2, 32, 5120)","(2, 32, 1280)",float32,float32,0.0001982659741770476,198.35897827148438,True
J7/epochs/J7_E034_C4_YF_S12_5A15.npy,"(2, 32, 5120)","(2, 32, 1280)",float32,float32,0.006314040161669254,6276.58056640625,True
J7/epochs/J7_E035_C4_YO_S12_25A35.npy,"(2, 32, 5120)","(2, 32, 1280)",float32,float32,0.008079725317656994,7962.5712890625,True
J7/epochs/J7_E036_C4_YF_S12_5A15.npy,"(2, 32, 5120)","(2, 32, 1280)",float32,float32,0.004113076254725456,4078.193115234375,True
J7/epochs/J7_E037_C4_YO_S12_25A35.npy,"(2, 32, 5120)","(2, 32, 1280)",float32,float32,0.0057483152486383915,5749.10595703125,True
J7/epochs/J7_E038_C4_YF_S12_5A15.npy,"(2, 32, 5120)","(2, 32, 1280)",float32,float32,0.00016427638183813542,158.1339111328125,True
J7/epochs/J7_E039_C4_YO_S12_25A35.npy,"(2, 32, 5120)","(2, 32, 1280)",float32,float32,0.00023427166161127388,234.3999786376953,True
J7/epochs/J7_E040_C2_YO_S7_5A15.npy,"(2, 32, 5120)","(2, 32, 1280)",float32,float32,0.0040285480208694935,4319.1943359375,True
J7/epochs/J7_E041_C2_YO_S7_25A35.npy,"(2, 32, 5120)","(2, 32, 1280)",float32,float32,0.0007586852880194783,787.5288696289062,True
J7/epochs/J7_E042_C1_YF_S6_5A15.npy,"(2, 32, 5120)","(2, 32, 1280)",float32,float32,0.00021926935005467385,219.3333740234375,True
J7/epochs/J7_E043_C1_YF_S6_25A35.npy,"(2, 32, 5120)","(2, 32, 1280)",float32,float32,0.0003956528380513191,328.2132873535156,True
J8/epochs/J8_E000_C1_YF_S6_5A15.npy,"(2, 32, 5120)","(2, 32, 1280)",float32,float32,0.0003049583174288273,303.10308837890625,True
J8/epochs/J8_E001_C1_YF_S6_25A35.npy,"(2, 32, 5120)","(2, 32, 1280)",float32,float32,0.0002111468493239954,211.2522430419922,True
J8/epochs/J8_E002_C2_YO_S7_5A15.npy,"(2, 32, 5120)","(2, 32, 1280)",float32,float32,0.0012125655775889754,1203.8131103515625,True
J8/epochs/J8_E003_C2_YO_S7_25A35.npy,"(2, 32, 5120)","(2, 32, 1280)",float32,float32,0.001230493187904358,1182.9169921875,True
J8/epochs/J8_E004_C4_YF_S12_5A15.npy,"(2, 32, 5120)","(2, 32, 1280)",float32,float32,0.0001555598428240046,153.24256896972656,True
J8/epochs/J8_E005_C4_YO_S12_25A35.npy,"(2, 32, 5120)","(2, 32, 1280)",float32,float32,0.0002020713873207569,202.18373107910156,True
J8/epochs/J8_E006_C4_YF_S12_5A15.npy,"(2, 32, 5120)","(2, 32, 1280)",float32,float32,0.00010525368998060003,105.2889404296875,True
J8/epochs/J8_E007_C4_YO_S12_25A35.npy,"(2, 32, 5120)","(2, 32, 1280)",float32,float32,0.00024261417274829,236.17013549804688,True
J8/epochs/J8_E008_C4_YF_S12_5A15.npy,"(2, 32, 5120)","(2, 32, 1280)",float32,float32,0.00029603997245430946,252.2040557861328,True
J8/epochs/J8_E009_C4_YO_S12_25A35.npy,"(2, 32, 5120)","(2, 32, 1280)",float32,float32,0.0002263259084429592,225.87081909179688,True
J8/epochs/J8_E010_C4_YF_S12_5A15.npy,"(2, 32, 5120)","(2, 32, 1280)",float32,float32,0.00012251768202986568,120.34992218017578,True
J8/epochs/J8_E011_C4_YO_S12_25A35.npy,"(2, 32, 5120)","(2, 32, 1280)",float32,float32,0.0002856783685274422,284.3926696777344,True
J8/epochs/J8_E012_C4_YF_S12_5A15.npy,"(2, 32, 5120)","(2, 32, 1280)",float32,float32,0.00010080376523546875,100.24034881591797,True
J8/epochs/J8_E013_C4_YO_S12_25A35.npy,"(2, 32, 5120)","(2, 32, 1280)",float32,float32,0.0002385117841186002,238.0666961669922,True
J8/epochs/J8_E014_C5_YF_S1_5A15.npy,"(2, 32, 5120)","(2, 32, 1280)",float32,float32,0.00013454828877002,133.69354248046875,True
J8/epochs/J8_E015_C5_YO_S1_25A35.npy,"(2, 32, 5120)","(2, 32, 1280)",float32,float32,0.0003029405197594315,295.9637145996094,True
J8/epochs/J8_E016_C5_YF_S1_5A15.npy,"(2, 32, 5120)","(2, 32, 1280)",float32,float32,0.00012331556354183704,111.9259033203125,True
J8/epochs/J8_E017_C5_YO_S1_25A35.npy,"(2, 32, 5120)","(2, 32, 1280)",float32,float32,0.0002772902953438461,274.6020202636719,True
J8/epochs/J8_E018_C5_YF_S2_5A15.npy,"(2, 32, 5120)","(2, 32, 1280)",float32,float32,0.00015577739395666867,155.25018310546875,True
J8/epochs/J8_E019_C5_YO_S2_25A35.npy,"(2, 32, 5120)","(2, 32, 1280)",float32,float32,0.0002737393951974809,272.9886474609375,True
J8/epochs/J8_E020_C5_YF_S2_5A15.npy,"(2, 32, 5120)","(2, 32, 1280)",float32,float32,0.00015034718671813607,123.2919921875,True
J8/epochs/J8_E021_C5_YO_S2_25A35.npy,"(2, 32, 5120)","(2, 32, 1280)",float32,float32,0.00024115454289130867,240.9501190185547,True
J8/epochs/J8_E022_C3_YF_S11_5A15.npy,"(2, 32, 5120)","(2, 32, 1280)",float32,float32,0.00015360128600150347,151.92942810058594,True
J8/epochs/J8_E023_C3_YO_S11_25A35.npy,"(2, 32, 5120)","(2, 32, 1280)",float32,float32,0.0007051193388178945,738.2388916015625,True
J8/epochs/J8_E024_C3_YF_S11_5A15.npy,"(2, 32, 5120)","(2, 32, 1280)",float32,float32,0.00015222383080981672,152.24343872070312,True
J8/epochs/J8_E025_C3_YO_S11_25A35.npy,"(2, 32, 5120)","(2, 32, 1280)",float32,float32,0.00027921615401282907,279.337158203125,True
J8/epochs/J8_E026_C3_YF_S11_5A15.npy,"(2, 32, 5120)","(2, 32, 1280)",float32,float32,0.00014710196410305798,139.70343017578125,True
J8/epochs/J8_E027_C3_YO_S11_25A35.npy,"(2, 32, 5120)","(2, 32, 1280)",float32,float32,0.0003116954758297652,310.6585388183594,True
J8/epochs/J8_E028_C2_YO_S7_5A15.npy,"(2, 32, 5120)","(2, 32, 1280)",float32,float32,0.000220625675865449,220.75148010253906,True
J8/epochs/J8_E029_C2_YO_S7_25A35.npy,"(2, 32, 5120)","(2, 32, 1280)",float32,float32,0.00026219114079140127,262.31268310546875,True
J8/epochs/J8_E030_C1_YF_S6_5A15.npy,"(2, 32, 5120)","(2, 32, 1280)",float32,float32,0.0002770657301880419,276.1320495605469,True
J8/epochs/J8_E031_C1_YF_S6_25A35.npy,"(2, 32, 5120)","(2, 32, 1280)",float32,float32,0.0002303719229530543,230.49339294433594,True
