sample_id,true_label,true_class,number_of_windows,probability_yo,probability_yf,predicted_label,predicted_class,correct
J1/J1_E000_C1_YF_S6_5A15.npy/P1,1,YF,5,0.5132820308208466,0.48671796917915344,0,YO,False
J1/J1_E000_C1_YF_S6_5A15.npy/P2,1,YF,5,0.4922303557395935,0.5077696442604065,1,YF,True
J1/J1_E001_C1_YF_S6_25A35.npy/P1,1,YF,5,0.5152267634868621,0.4847732365131378,0,YO,False
J1/J1_E001_C1_YF_S6_25A35.npy/P2,1,YF,5,0.5287395179271698,0.4712604820728302,0,YO,False
J1/J1_E002_C2_YO_S7_5A15.npy/P1,0,YO,5,0.522371357679367,0.47762864232063296,0,YO,True
J1/J1_E002_C2_YO_S7_5A15.npy/P2,0,YO,5,0.5347182869911193,0.4652817130088806,0,YO,True
J1/J1_E003_C2_YO_S7_25A35.npy/P1,0,YO,5,0.4889921069145202,0.5110078930854798,1,YF,False
J1/J1_E003_C2_YO_S7_25A35.npy/P2,0,YO,5,0.5044124722480774,0.4955875277519226,0,YO,True
J1/J1_E004_C3_YF_S11_5A15.npy/P1,1,YF,5,0.4725972533226013,0.5274027466773987,1,YF,True
J1/J1_E004_C3_YF_S11_5A15.npy/P2,1,YF,5,0.5226601183414459,0.47733988165855407,0,YO,False
J1/J1_E005_C3_YO_S11_25A35.npy/P1,0,YO,5,0.46564991474151607,0.5343500852584839,1,YF,False
J1/J1_E005_C3_YO_S11_25A35.npy/P2,0,YO,5,0.519326364994049,0.48067363500595095,0,YO,True
J1/J1_E006_C3_YF_S11_5A15.npy/P1,1,YF,5,0.4814894914627075,0.5185105085372925,1,YF,True
J1/J1_E006_C3_YF_S11_5A15.npy/P2,1,YF,5,0.5002473354339599,0.49975266456604006,0,YO,False
J1/J1_E007_C3_YO_S11_25A35.npy/P1,0,YO,5,0.5054451882839203,0.49455481171607973,0,YO,True
J1/J1_E007_C3_YO_S11_25A35.npy/P2,0,YO,5,0.5313035011291504,0.46869649887084963,0,YO,True
J1/J1_E008_C3_YF_S11_5A15.npy/P1,1,YF,5,0.458055454492569,0.541944545507431,1,YF,True
J1/J1_E008_C3_YF_S11_5A15.npy/P2,1,YF,5,0.48036279082298283,0.5196372091770172,1,YF,True
J1/J1_E009_C3_YO_S11_25A35.npy/P1,0,YO,5,0.5169112026691437,0.4830887973308563,0,YO,True
J1/J1_E009_C3_YO_S11_25A35.npy/P2,0,YO,5,0.46963761448860164,0.5303623855113984,1,YF,False
J1/J1_E010_C3_YF_S11_5A15.npy/P1,1,YF,5,0.482307904958725,0.517692095041275,1,YF,True
J1/J1_E010_C3_YF_S11_5A15.npy/P2,1,YF,5,0.5211428463459015,0.47885715365409853,0,YO,False
J1/J1_E011_C3_YO_S11_25A35.npy/P1,0,YO,5,0.5004826784133911,0.4995173215866089,0,YO,True
J1/J1_E011_C3_YO_S11_25A35.npy/P2,0,YO,5,0.5378420293331146,0.46215797066688535,0,YO,True
J1/J1_E012_C3_YF_S11_5A15.npy/P1,1,YF,5,0.5360694229602814,0.46393057703971863,0,YO,False
J1/J1_E012_C3_YF_S11_5A15.npy/P2,1,YF,5,0.49514525532722475,0.5048547446727752,1,YF,True
J1/J1_E013_C3_YO_S11_25A35.npy/P1,0,YO,5,0.5247866570949554,0.4752133429050446,0,YO,True
J1/J1_E013_C3_YO_S11_25A35.npy/P2,0,YO,5,0.5294119596481324,0.4705880403518677,0,YO,True
J1/J1_E014_C4_YF_S12_5A15.npy/P1,1,YF,5,0.4489475011825561,0.5510524988174439,1,YF,True
J1/J1_E014_C4_YF_S12_5A15.npy/P2,1,YF,5,0.4555728614330292,0.5444271385669708,1,YF,True
J1/J1_E015_C4_YO_S12_25A35.npy/P1,0,YO,5,0.4993313610553741,0.5006686389446259,1,YF,False
J1/J1_E015_C4_YO_S12_25A35.npy/P2,0,YO,5,0.4524011015892029,0.5475988984107971,1,YF,False
J1/J1_E016_C4_YF_S12_5A15.npy/P1,1,YF,5,0.5047227442264557,0.4952772557735443,0,YO,False
J1/J1_E016_C4_YF_S12_5A15.npy/P2,1,YF,5,0.5144493043422699,0.4855506956577301,0,YO,False
J1/J1_E017_C4_YO_S12_25A35.npy/P1,0,YO,5,0.5652279794216156,0.4347720205783844,0,YO,True
J1/J1_E017_C4_YO_S12_25A35.npy/P2,0,YO,5,0.548640352487564,0.4513596475124359,0,YO,True
J1/J1_E018_C4_YF_S12_5A15.npy/P1,1,YF,5,0.5317941725254058,0.4682058274745941,0,YO,False
J1/J1_E018_C4_YF_S12_5A15.npy/P2,1,YF,5,0.4945758998394012,0.5054241001605988,1,YF,True
J1/J1_E019_C4_YO_S12_25A35.npy/P1,0,YO,5,0.48796362876892085,0.5120363712310791,1,YF,False
J1/J1_E019_C4_YO_S12_25A35.npy/P2,0,YO,5,0.5653575778007507,0.43464242219924926,0,YO,True
J1/J1_E020_C4_YF_S12_5A15.npy/P1,1,YF,5,0.496276193857193,0.503723806142807,1,YF,True
J1/J1_E020_C4_YF_S12_5A15.npy/P2,1,YF,5,0.4981503069400788,0.5018496930599212,1,YF,True
J1/J1_E021_C4_YO_S12_25A35.npy/P1,0,YO,5,0.4994193553924561,0.5005806446075439,1,YF,False
J1/J1_E021_C4_YO_S12_25A35.npy/P2,0,YO,5,0.46986006498336796,0.530139935016632,1,YF,False
J1/J1_E022_C4_YF_S12_5A15.npy/P1,1,YF,5,0.5171184659004211,0.48288153409957885,0,YO,False
J1/J1_E022_C4_YF_S12_5A15.npy/P2,1,YF,5,0.4761365473270416,0.5238634526729584,1,YF,True
J1/J1_E023_C4_YO_S12_25A35.npy/P1,0,YO,5,0.5161572813987731,0.4838427186012268,0,YO,True
J1/J1_E023_C4_YO_S12_25A35.npy/P2,0,YO,5,0.4985465288162232,0.5014534711837768,1,YF,False
J1/J1_E024_C4_YF_S12_5A15.npy/P1,1,YF,5,0.49541208148002625,0.5045879185199738,1,YF,True
J1/J1_E024_C4_YF_S12_5A15.npy/P2,1,YF,5,0.46571168303489685,0.5342883169651031,1,YF,True
J1/J1_E025_C4_YO_S12_25A35.npy/P1,0,YO,5,0.5096149206161499,0.4903850793838501,0,YO,True
J1/J1_E025_C4_YO_S12_25A35.npy/P2,0,YO,5,0.5614293873310089,0.4385706126689911,0,YO,True
J1/J1_E026_C5_YF_S1_5A15.npy/P1,1,YF,5,0.4978797137737274,0.5021202862262726,1,YF,True
J1/J1_E026_C5_YF_S1_5A15.npy/P2,1,YF,5,0.5075907051563263,0.4924092948436737,0,YO,False
J1/J1_E027_C5_YO_S1_25A35.npy/P1,0,YO,5,0.5111556649208069,0.4888443350791931,0,YO,True
J1/J1_E027_C5_YO_S1_25A35.npy/P2,0,YO,5,0.49858499765396114,0.5014150023460389,1,YF,False
J1/J1_E028_C5_YF_S1_5A15.npy/P1,1,YF,5,0.45861866474151614,0.5413813352584839,1,YF,True
J1/J1_E028_C5_YF_S1_5A15.npy/P2,1,YF,5,0.46941527128219607,0.5305847287178039,1,YF,True
J1/J1_E029_C5_YO_S1_25A35.npy/P1,0,YO,5,0.5371458292007446,0.4628541707992554,0,YO,True
J1/J1_E029_C5_YO_S1_25A35.npy/P2,0,YO,5,0.4877885580062866,0.5122114419937134,1,YF,False
J1/J1_E030_C5_YF_S1_5A15.npy/P1,1,YF,5,0.48474114537239077,0.5152588546276092,1,YF,True
J1/J1_E030_C5_YF_S1_5A15.npy/P2,1,YF,5,0.48929244875907896,0.510707551240921,1,YF,True
J1/J1_E031_C5_YO_S1_25A35.npy/P1,0,YO,5,0.5107515752315521,0.4892484247684479,0,YO,True
J1/J1_E031_C5_YO_S1_25A35.npy/P2,0,YO,5,0.5195747554302216,0.4804252445697784,0,YO,True
J1/J1_E032_C5_YF_S2_5A15.npy/P1,1,YF,5,0.49725567102432255,0.5027443289756774,1,YF,True
J1/J1_E032_C5_YF_S2_5A15.npy/P2,1,YF,5,0.5128208935260773,0.4871791064739227,0,YO,False
J1/J1_E033_C5_YO_S2_25A35.npy/P1,0,YO,5,0.46781217455863955,0.5321878254413605,1,YF,False
J1/J1_E033_C5_YO_S2_25A35.npy/P2,0,YO,5,0.48551288843154905,0.514487111568451,1,YF,False
J1/J1_E034_C5_YF_S2_5A15.npy/P1,1,YF,5,0.5205335080623626,0.47946649193763735,0,YO,False
J1/J1_E034_C5_YF_S2_5A15.npy/P2,1,YF,5,0.468265426158905,0.531734573841095,1,YF,True
J1/J1_E035_C5_YO_S2_25A35.npy/P1,0,YO,5,0.5015477120876313,0.4984522879123688,0,YO,True
J1/J1_E035_C5_YO_S2_25A35.npy/P2,0,YO,5,0.4865622878074646,0.5134377121925354,1,YF,False
J1/J1_E036_C5_YF_S2_5A15.npy/P1,1,YF,5,0.486690491437912,0.513309508562088,1,YF,True
J1/J1_E036_C5_YF_S2_5A15.npy/P2,1,YF,5,0.4782394886016845,0.5217605113983155,1,YF,True
J1/J1_E037_C5_YO_S2_25A35.npy/P1,0,YO,5,0.5035306215286255,0.4964693784713745,0,YO,True
J1/J1_E037_C5_YO_S2_25A35.npy/P2,0,YO,5,0.5205850005149841,0.47941499948501587,0,YO,True
J1/J1_E038_C2_YO_S7_5A15.npy/P1,0,YO,5,0.48123628497123716,0.5187637150287628,1,YF,False
J1/J1_E038_C2_YO_S7_5A15.npy/P2,0,YO,5,0.5032773375511169,0.4967226624488831,0,YO,True
J1/J1_E039_C2_YO_S7_25A35.npy/P1,0,YO,5,0.5678198039531708,0.4321801960468292,0,YO,True
J1/J1_E039_C2_YO_S7_25A35.npy/P2,0,YO,5,0.5147616744041443,0.4852383255958557,0,YO,True
J1/J1_E040_C1_YF_S6_5A15.npy/P1,1,YF,5,0.5079317331314087,0.4920682668685913,0,YO,False
J1/J1_E040_C1_YF_S6_5A15.npy/P2,1,YF,5,0.4637957811355591,0.5362042188644409,1,YF,True
J1/J1_E041_C1_YF_S6_25A35.npy/P1,1,YF,5,0.5181017696857453,0.48189823031425477,0,YO,False
J1/J1_E041_C1_YF_S6_25A35.npy/P2,1,YF,5,0.46426041722297673,0.5357395827770233,1,YF,True
