experiment,result_directory,validation_dyad,reported_best_epoch,history_selected_epoch,reported_best_validation_loss,history_selected_validation_loss,reported_accuracy_at_checkpoint,history_accuracy_at_selected_loss,early_stopping_min_delta,epoch_matches,loss_matches,accuracy_matches,checkpoint_exists,checkpoint_path,audit_passed
128 neurones,data_final_non_linear_hidden_128_dropout_0.0_standardized,J1,2,2,2.161750829290776,2.161750829290776,0.5119047619047619,0.5119047619047619,0.0001,True,True,True,True,/Users/nini/ASC/models/data_final_non_linear_hidden_128_dropout_0.0_standardized/best_model_fold_J1.pt,True
128 neurones,data_final_non_linear_hidden_128_dropout_0.0_standardized,J2,2,2,2.233031391250816,2.233031391250816,0.6363636363636364,0.6363636363636364,0.0001,True,True,True,True,/Users/nini/ASC/models/data_final_non_linear_hidden_128_dropout_0.0_standardized/best_model_fold_J2.pt,True
128 neurones,data_final_non_linear_hidden_128_dropout_0.0_standardized,J4,2,2,3.213700135153803,3.213700135153803,0.5113636363636364,0.5113636363636364,0.0001,True,True,True,True,/Users/nini/ASC/models/data_final_non_linear_hidden_128_dropout_0.0_standardized/best_model_fold_J4.pt,True
128 neurones,data_final_non_linear_hidden_128_dropout_0.0_standardized,J5,2,2,2.940503985300893,2.940503985300893,0.5681818181818182,0.5681818181818182,0.0001,True,True,True,True,/Users/nini/ASC/models/data_final_non_linear_hidden_128_dropout_0.0_standardized/best_model_fold_J5.pt,True
128 neurones,data_final_non_linear_hidden_128_dropout_0.0_standardized,J7,2,2,3.4493908422406423,3.4493908422406423,0.5568181818181818,0.5568181818181818,0.0001,True,True,True,True,/Users/nini/ASC/models/data_final_non_linear_hidden_128_dropout_0.0_standardized/best_model_fold_J7.pt,True
128 neurones,data_final_non_linear_hidden_128_dropout_0.0_standardized,J8,2,2,2.802812016045209,2.802812016045209,0.59375,0.59375,0.0001,True,True,True,True,/Users/nini/ASC/models/data_final_non_linear_hidden_128_dropout_0.0_standardized/best_model_fold_J8.pt,True
128 neurones,data_final_non_linear_hidden_128_dropout_0.0_standardized,J10,3,3,3.126431153579192,3.126431153579192,0.4886363636363636,0.4886363636363636,0.0001,True,True,True,True,/Users/nini/ASC/models/data_final_non_linear_hidden_128_dropout_0.0_standardized/best_model_fold_J10.pt,True
128 neurones,data_final_non_linear_hidden_128_dropout_0.0_standardized,J15,2,2,3.589107144623995,3.589107144623995,0.5,0.5,0.0001,True,True,True,True,/Users/nini/ASC/models/data_final_non_linear_hidden_128_dropout_0.0_standardized/best_model_fold_J15.pt,True
64 neurones,data_final_non_linear_hidden_64_dropout_0.0_standardized,J1,2,2,4.179697477940343,4.179697477940343,0.5238095238095238,0.5238095238095238,0.0001,True,True,True,True,/Users/nini/ASC/models/data_final_non_linear_hidden_64_dropout_0.0_standardized/best_model_fold_J1.pt,True
64 neurones,data_final_non_linear_hidden_64_dropout_0.0_standardized,J2,4,4,3.5707543094388465,3.5707543094388465,0.5454545454545454,0.5454545454545454,0.0001,True,True,True,True,/Users/nini/ASC/models/data_final_non_linear_hidden_64_dropout_0.0_standardized/best_model_fold_J2.pt,True
64 neurones,data_final_non_linear_hidden_64_dropout_0.0_standardized,J4,2,2,4.695338959742168,4.695338959742168,0.5340909090909091,0.5340909090909091,0.0001,True,True,True,True,/Users/nini/ASC/models/data_final_non_linear_hidden_64_dropout_0.0_standardized/best_model_fold_J4.pt,True
64 neurones,data_final_non_linear_hidden_64_dropout_0.0_standardized,J5,5,5,4.019631225277077,4.019631225277077,0.5795454545454546,0.5795454545454546,0.0001,True,True,True,True,/Users/nini/ASC/models/data_final_non_linear_hidden_64_dropout_0.0_standardized/best_model_fold_J5.pt,True
64 neurones,data_final_non_linear_hidden_64_dropout_0.0_standardized,J7,3,3,3.2180102184753525,3.2180102184753525,0.5454545454545454,0.5454545454545454,0.0001,True,True,True,True,/Users/nini/ASC/models/data_final_non_linear_hidden_64_dropout_0.0_standardized/best_model_fold_J7.pt,True
64 neurones,data_final_non_linear_hidden_64_dropout_0.0_standardized,J8,2,2,3.524528555572033,3.524528555572033,0.546875,0.546875,0.0001,True,True,True,True,/Users/nini/ASC/models/data_final_non_linear_hidden_64_dropout_0.0_standardized/best_model_fold_J8.pt,True
64 neurones,data_final_non_linear_hidden_64_dropout_0.0_standardized,J10,3,3,5.072107010944323,5.072107010944323,0.4886363636363636,0.4886363636363636,0.0001,True,True,True,True,/Users/nini/ASC/models/data_final_non_linear_hidden_64_dropout_0.0_standardized/best_model_fold_J10.pt,True
64 neurones,data_final_non_linear_hidden_64_dropout_0.0_standardized,J15,2,2,4.1129862062199125,4.1129862062199125,0.5681818181818182,0.5681818181818182,0.0001,True,True,True,True,/Users/nini/ASC/models/data_final_non_linear_hidden_64_dropout_0.0_standardized/best_model_fold_J15.pt,True
MLP non linéaire,data_final_non_linear_hidden_32_dropout_0.0_standardized,J1,6,6,3.4005372599654256,3.4005372599654256,0.5595238095238095,0.5595238095238095,0.0001,True,True,True,True,/Users/nini/ASC/models/data_final_non_linear_hidden_32_dropout_0.0_standardized/best_model_fold_J1.pt,True
MLP non linéaire,data_final_non_linear_hidden_32_dropout_0.0_standardized,J2,2,2,3.5312327391213993,3.5312327391213993,0.625,0.625,0.0001,True,True,True,True,/Users/nini/ASC/models/data_final_non_linear_hidden_32_dropout_0.0_standardized/best_model_fold_J2.pt,True
MLP non linéaire,data_final_non_linear_hidden_32_dropout_0.0_standardized,J4,3,3,4.677375120499081,4.677375120499081,0.5454545454545454,0.5454545454545454,0.0001,True,True,True,True,/Users/nini/ASC/models/data_final_non_linear_hidden_32_dropout_0.0_standardized/best_model_fold_J4.pt,True
MLP non linéaire,data_final_non_linear_hidden_32_dropout_0.0_standardized,J5,2,2,4.996869224494069,4.996869224494069,0.5227272727272727,0.5227272727272727,0.0001,True,True,True,True,/Users/nini/ASC/models/data_final_non_linear_hidden_32_dropout_0.0_standardized/best_model_fold_J5.pt,True
MLP non linéaire,data_final_non_linear_hidden_32_dropout_0.0_standardized,J7,8,8,5.454706317324466,5.454706317324466,0.5909090909090909,0.5909090909090909,0.0001,True,True,True,True,/Users/nini/ASC/models/data_final_non_linear_hidden_32_dropout_0.0_standardized/best_model_fold_J7.pt,True
MLP non linéaire,data_final_non_linear_hidden_32_dropout_0.0_standardized,J8,3,3,5.0266644603107125,5.0266644603107125,0.53125,0.53125,0.0001,True,True,True,True,/Users/nini/ASC/models/data_final_non_linear_hidden_32_dropout_0.0_standardized/best_model_fold_J8.pt,True
MLP non linéaire,data_final_non_linear_hidden_32_dropout_0.0_standardized,J10,3,3,5.484803450896751,5.484803450896751,0.5568181818181818,0.5568181818181818,0.0001,True,True,True,True,/Users/nini/ASC/models/data_final_non_linear_hidden_32_dropout_0.0_standardized/best_model_fold_J10.pt,True
MLP non linéaire,data_final_non_linear_hidden_32_dropout_0.0_standardized,J15,2,2,5.458811650560661,5.458811650560661,0.5454545454545454,0.5454545454545454,0.0001,True,True,True,True,/Users/nini/ASC/models/data_final_non_linear_hidden_32_dropout_0.0_standardized/best_model_fold_J15.pt,True
"Dropout 0,2",data_final_non_linear_hidden_32_dropout_0.2_standardized,J1,3,3,4.81538831052326,4.81538831052326,0.5833333333333334,0.5833333333333334,0.0001,True,True,True,True,/Users/nini/ASC/models/data_final_non_linear_hidden_32_dropout_0.2_standardized/best_model_fold_J1.pt,True
"Dropout 0,2",data_final_non_linear_hidden_32_dropout_0.2_standardized,J2,3,3,4.63341758058364,4.63341758058364,0.6022727272727273,0.6022727272727273,0.0001,True,True,True,True,/Users/nini/ASC/models/data_final_non_linear_hidden_32_dropout_0.2_standardized/best_model_fold_J2.pt,True
"Dropout 0,2",data_final_non_linear_hidden_32_dropout_0.2_standardized,J4,5,5,5.319173459498529,5.319173459498529,0.5909090909090909,0.5909090909090909,0.0001,True,True,True,True,/Users/nini/ASC/models/data_final_non_linear_hidden_32_dropout_0.2_standardized/best_model_fold_J4.pt,True
"Dropout 0,2",data_final_non_linear_hidden_32_dropout_0.2_standardized,J5,6,6,5.017055706375024,5.017055706375024,0.5454545454545454,0.5454545454545454,0.0001,True,True,True,True,/Users/nini/ASC/models/data_final_non_linear_hidden_32_dropout_0.2_standardized/best_model_fold_J5.pt,True
"Dropout 0,2",data_final_non_linear_hidden_32_dropout_0.2_standardized,J7,7,7,5.151205554445782,5.151205554445782,0.5454545454545454,0.5454545454545454,0.0001,True,True,True,True,/Users/nini/ASC/models/data_final_non_linear_hidden_32_dropout_0.2_standardized/best_model_fold_J7.pt,True
"Dropout 0,2",data_final_non_linear_hidden_32_dropout_0.2_standardized,J8,7,7,4.937517448124709,4.937517448124709,0.515625,0.515625,0.0001,True,True,True,True,/Users/nini/ASC/models/data_final_non_linear_hidden_32_dropout_0.2_standardized/best_model_fold_J8.pt,True
"Dropout 0,2",data_final_non_linear_hidden_32_dropout_0.2_standardized,J10,5,5,4.841678917767819,4.841678917767819,0.5227272727272727,0.5227272727272727,0.0001,True,True,True,True,/Users/nini/ASC/models/data_final_non_linear_hidden_32_dropout_0.2_standardized/best_model_fold_J10.pt,True
"Dropout 0,2",data_final_non_linear_hidden_32_dropout_0.2_standardized,J15,16,16,6.170071083119348,6.170071083119348,0.6136363636363636,0.6136363636363636,0.0001,True,True,True,True,/Users/nini/ASC/models/data_final_non_linear_hidden_32_dropout_0.2_standardized/best_model_fold_J15.pt,True
"Dropout 0,5",data_final_non_linear_hidden_32_dropout_0.5_standardized,J1,10,10,1.7551750528315704,1.7551750528315704,0.6071428571428571,0.6071428571428571,0.0001,True,True,True,True,/Users/nini/ASC/models/data_final_non_linear_hidden_32_dropout_0.5_standardized/best_model_fold_J1.pt,True
"Dropout 0,5",data_final_non_linear_hidden_32_dropout_0.5_standardized,J2,7,7,2.4843787690201267,2.4843787690201267,0.5909090909090909,0.5909090909090909,0.0001,True,True,True,True,/Users/nini/ASC/models/data_final_non_linear_hidden_32_dropout_0.5_standardized/best_model_fold_J2.pt,True
"Dropout 0,5",data_final_non_linear_hidden_32_dropout_0.5_standardized,J4,14,14,2.9783426302231173,2.9783426302231173,0.5909090909090909,0.5909090909090909,0.0001,True,True,True,True,/Users/nini/ASC/models/data_final_non_linear_hidden_32_dropout_0.5_standardized/best_model_fold_J4.pt,True
"Dropout 0,5",data_final_non_linear_hidden_32_dropout_0.5_standardized,J5,14,14,2.106828939254311,2.106828939254311,0.5795454545454546,0.5795454545454546,0.0001,True,True,True,True,/Users/nini/ASC/models/data_final_non_linear_hidden_32_dropout_0.5_standardized/best_model_fold_J5.pt,True
"Dropout 0,5",data_final_non_linear_hidden_32_dropout_0.5_standardized,J7,12,12,2.6744241623885254,2.6744241623885254,0.5909090909090909,0.5909090909090909,0.0001,True,True,True,True,/Users/nini/ASC/models/data_final_non_linear_hidden_32_dropout_0.5_standardized/best_model_fold_J7.pt,True
"Dropout 0,5",data_final_non_linear_hidden_32_dropout_0.5_standardized,J8,14,14,3.0497369412332773,3.0497369412332773,0.4375,0.4375,0.0001,True,True,True,True,/Users/nini/ASC/models/data_final_non_linear_hidden_32_dropout_0.5_standardized/best_model_fold_J8.pt,True
"Dropout 0,5",data_final_non_linear_hidden_32_dropout_0.5_standardized,J10,14,14,2.955613167533143,2.955613167533143,0.4772727272727273,0.4772727272727273,0.0001,True,True,True,True,/Users/nini/ASC/models/data_final_non_linear_hidden_32_dropout_0.5_standardized/best_model_fold_J10.pt,True
"Dropout 0,5",data_final_non_linear_hidden_32_dropout_0.5_standardized,J15,15,15,3.4759844600604,3.4759844600604,0.6136363636363636,0.6136363636363636,0.0001,True,True,True,True,/Users/nini/ASC/models/data_final_non_linear_hidden_32_dropout_0.5_standardized/best_model_fold_J15.pt,True
MLP linéaire,experience_A_linear_standardized,J1,2,2,25.984341303507488,25.984341303507488,0.5714285714285714,0.5714285714285714,0.0001,True,True,True,True,/Users/nini/ASC/models/experience_A_linear_standardized/best_model_fold_J1.pt,True
MLP linéaire,experience_A_linear_standardized,J2,1,1,24.394379814494062,24.394379814494062,0.5909090909090909,0.5909090909090909,0.0001,True,True,True,True,/Users/nini/ASC/models/experience_A_linear_standardized/best_model_fold_J2.pt,True
MLP linéaire,experience_A_linear_standardized,J4,1,1,24.73093781010671,24.73093781010671,0.5568181818181818,0.5568181818181818,0.0001,True,True,True,True,/Users/nini/ASC/models/experience_A_linear_standardized/best_model_fold_J4.pt,True
MLP linéaire,experience_A_linear_standardized,J5,1,1,28.94405119705268,28.94405119705268,0.5454545454545454,0.5454545454545454,0.0001,True,True,True,True,/Users/nini/ASC/models/experience_A_linear_standardized/best_model_fold_J5.pt,True
MLP linéaire,experience_A_linear_standardized,J7,1,1,25.673836740580473,25.673836740580473,0.5681818181818182,0.5681818181818182,0.0001,True,True,True,True,/Users/nini/ASC/models/experience_A_linear_standardized/best_model_fold_J7.pt,True
MLP linéaire,experience_A_linear_standardized,J8,1,1,27.93895934522152,27.93895934522152,0.46875,0.46875,0.0001,True,True,True,True,/Users/nini/ASC/models/experience_A_linear_standardized/best_model_fold_J8.pt,True
MLP linéaire,experience_A_linear_standardized,J10,2,2,29.322452886588323,29.322452886588323,0.5113636363636364,0.5113636363636364,0.0001,True,True,True,True,/Users/nini/ASC/models/experience_A_linear_standardized/best_model_fold_J10.pt,True
MLP linéaire,experience_A_linear_standardized,J15,2,2,28.080937190489337,28.080937190489337,0.5,0.5,0.0001,True,True,True,True,/Users/nini/ASC/models/experience_A_linear_standardized/best_model_fold_J15.pt,True
Petit CNN,experience_A_small_cnn_standardized,J1,11,11,0.166489220490413,0.166489220490413,0.9523809523809524,0.9523809523809524,0.0001,True,True,True,True,/Users/nini/ASC/models/experience_A_small_cnn_standardized/best_model_fold_J1.pt,True
Petit CNN,experience_A_small_cnn_standardized,J2,3,3,0.4464300402694128,0.4464300402694128,0.8295454545454546,0.8295454545454546,0.0001,True,True,True,True,/Users/nini/ASC/models/experience_A_small_cnn_standardized/best_model_fold_J2.pt,True
Petit CNN,experience_A_small_cnn_standardized,J4,7,7,0.2835900126956403,0.2835900126956403,0.8977272727272727,0.8977272727272727,0.0001,True,True,True,True,/Users/nini/ASC/models/experience_A_small_cnn_standardized/best_model_fold_J4.pt,True
Petit CNN,experience_A_small_cnn_standardized,J5,16,16,0.2704408715733073,0.2704408715733073,0.875,0.875,0.0001,True,True,True,True,/Users/nini/ASC/models/experience_A_small_cnn_standardized/best_model_fold_J5.pt,True
Petit CNN,experience_A_small_cnn_standardized,J7,13,13,0.3423206410794095,0.3423206410794095,0.8409090909090909,0.8409090909090909,0.0001,True,True,True,True,/Users/nini/ASC/models/experience_A_small_cnn_standardized/best_model_fold_J7.pt,True
Petit CNN,experience_A_small_cnn_standardized,J8,31,31,0.3418899698590394,0.3418899698590394,0.875,0.875,0.0001,True,True,True,True,/Users/nini/ASC/models/experience_A_small_cnn_standardized/best_model_fold_J8.pt,True
Petit CNN,experience_A_small_cnn_standardized,J10,8,8,0.1361360659568824,0.1361360659568824,0.9545454545454546,0.9545454545454546,0.0001,True,True,True,True,/Users/nini/ASC/models/experience_A_small_cnn_standardized/best_model_fold_J10.pt,True
Petit CNN,experience_A_small_cnn_standardized,J15,32,32,0.2223289521749724,0.2223289521749724,0.9090909090909092,0.9090909090909092,0.0001,True,True,True,True,/Users/nini/ASC/models/experience_A_small_cnn_standardized/best_model_fold_J15.pt,True
EEGNet,experience_A_eegnet_standardized,J1,36,36,0.1441018737054296,0.1441018737054296,0.9761904761904762,0.9761904761904762,0.0001,True,True,True,True,/Users/nini/ASC/models/experience_A_eegnet_standardized/best_model_fold_J1.pt,True
EEGNet,experience_A_eegnet_standardized,J2,10,10,0.4078674275766719,0.4078674275766719,0.7954545454545454,0.7954545454545454,0.0001,True,True,True,True,/Users/nini/ASC/models/experience_A_eegnet_standardized/best_model_fold_J2.pt,True
EEGNet,experience_A_eegnet_standardized,J4,34,34,0.2185292093781754,0.2185292093781754,0.875,0.875,0.0001,True,True,True,True,/Users/nini/ASC/models/experience_A_eegnet_standardized/best_model_fold_J4.pt,True
EEGNet,experience_A_eegnet_standardized,J5,50,50,0.1760928529547527,0.1760928529547527,0.9545454545454546,0.9545454545454546,0.0001,True,True,True,True,/Users/nini/ASC/models/experience_A_eegnet_standardized/best_model_fold_J5.pt,True
EEGNet,experience_A_eegnet_standardized,J7,31,31,0.3643023380163041,0.3643023380163041,0.8522727272727273,0.8522727272727273,0.0001,True,True,True,True,/Users/nini/ASC/models/experience_A_eegnet_standardized/best_model_fold_J7.pt,True
EEGNet,experience_A_eegnet_standardized,J8,8,8,0.5233253221958876,0.5233253221958876,0.765625,0.765625,0.0001,True,True,True,True,/Users/nini/ASC/models/experience_A_eegnet_standardized/best_model_fold_J8.pt,True
EEGNet,experience_A_eegnet_standardized,J10,15,15,0.1053475513736802,0.1053475513736802,0.9431818181818182,0.9431818181818182,0.0001,True,True,True,True,/Users/nini/ASC/models/experience_A_eegnet_standardized/best_model_fold_J10.pt,True
EEGNet,experience_A_eegnet_standardized,J15,30,30,0.2631076827793466,0.2631076827793466,0.8863636363636364,0.8863636363636364,0.0001,True,True,True,True,/Users/nini/ASC/models/experience_A_eegnet_standardized/best_model_fold_J15.pt,True
Pré-entraîné — classifieur,data_signal_jepa_prelocal_19ch_128hz_2s_uv_signal_jepa_prelocal_pretrained_classifier_only_19ch_128hz_2s_microvolts_no_zscore_lr_0.005_batch_16_epochs_10_patience_5_seed_42,J1,10,10,0.6797771107607885,0.6797771107607885,0.6190476190476191,0.6190476190476191,0.0001,True,True,True,True,/Users/nini/ASC/models/data_signal_jepa_prelocal_19ch_128hz_2s_uv_signal_jepa_prelocal_pretrained_classifier_only_19ch_128hz_2s_microvolts_no_zscore_lr_0.005_batch_16_epochs_10_patience_5_seed_42/best_model_fold_J1.pt,True
Pré-entraîné — classifieur,data_signal_jepa_prelocal_19ch_128hz_2s_uv_signal_jepa_prelocal_pretrained_classifier_only_19ch_128hz_2s_microvolts_no_zscore_lr_0.005_batch_16_epochs_10_patience_5_seed_42,J2,9,9,0.6883067497381437,0.6883067497381437,0.5340909090909091,0.5340909090909091,0.0001,True,True,True,True,/Users/nini/ASC/models/data_signal_jepa_prelocal_19ch_128hz_2s_uv_signal_jepa_prelocal_pretrained_classifier_only_19ch_128hz_2s_microvolts_no_zscore_lr_0.005_batch_16_epochs_10_patience_5_seed_42/best_model_fold_J2.pt,True
Pré-entraîné — classifieur,data_signal_jepa_prelocal_19ch_128hz_2s_uv_signal_jepa_prelocal_pretrained_classifier_only_19ch_128hz_2s_microvolts_no_zscore_lr_0.005_batch_16_epochs_10_patience_5_seed_42,J4,10,10,0.6834817388715605,0.6834817388715605,0.6022727272727273,0.6022727272727273,0.0001,True,True,True,True,/Users/nini/ASC/models/data_signal_jepa_prelocal_19ch_128hz_2s_uv_signal_jepa_prelocal_pretrained_classifier_only_19ch_128hz_2s_microvolts_no_zscore_lr_0.005_batch_16_epochs_10_patience_5_seed_42/best_model_fold_J4.pt,True
Pré-entraîné — classifieur,data_signal_jepa_prelocal_19ch_128hz_2s_uv_signal_jepa_prelocal_pretrained_classifier_only_19ch_128hz_2s_microvolts_no_zscore_lr_0.005_batch_16_epochs_10_patience_5_seed_42,J5,10,10,0.6808388851974034,0.6808388851974034,0.6704545454545454,0.6704545454545454,0.0001,True,True,True,True,/Users/nini/ASC/models/data_signal_jepa_prelocal_19ch_128hz_2s_uv_signal_jepa_prelocal_pretrained_classifier_only_19ch_128hz_2s_microvolts_no_zscore_lr_0.005_batch_16_epochs_10_patience_5_seed_42/best_model_fold_J5.pt,True
Pré-entraîné — classifieur,data_signal_jepa_prelocal_19ch_128hz_2s_uv_signal_jepa_prelocal_pretrained_classifier_only_19ch_128hz_2s_microvolts_no_zscore_lr_0.005_batch_16_epochs_10_patience_5_seed_42,J7,9,9,0.6910152126456732,0.6910152126456732,0.5340909090909091,0.5340909090909091,0.0001,True,True,True,True,/Users/nini/ASC/models/data_signal_jepa_prelocal_19ch_128hz_2s_uv_signal_jepa_prelocal_pretrained_classifier_only_19ch_128hz_2s_microvolts_no_zscore_lr_0.005_batch_16_epochs_10_patience_5_seed_42/best_model_fold_J7.pt,True
Pré-entraîné — classifieur,data_signal_jepa_prelocal_19ch_128hz_2s_uv_signal_jepa_prelocal_pretrained_classifier_only_19ch_128hz_2s_microvolts_no_zscore_lr_0.005_batch_16_epochs_10_patience_5_seed_42,J8,1,1,0.692708081214271,0.692708081214271,0.5,0.5,0.0001,True,True,True,True,/Users/nini/ASC/models/data_signal_jepa_prelocal_19ch_128hz_2s_uv_signal_jepa_prelocal_pretrained_classifier_only_19ch_128hz_2s_microvolts_no_zscore_lr_0.005_batch_16_epochs_10_patience_5_seed_42/best_model_fold_J8.pt,True
Pré-entraîné — classifieur,data_signal_jepa_prelocal_19ch_128hz_2s_uv_signal_jepa_prelocal_pretrained_classifier_only_19ch_128hz_2s_microvolts_no_zscore_lr_0.005_batch_16_epochs_10_patience_5_seed_42,J10,10,10,0.6878438444187379,0.6878438444187379,0.4772727272727273,0.4772727272727273,0.0001,True,True,True,True,/Users/nini/ASC/models/data_signal_jepa_prelocal_19ch_128hz_2s_uv_signal_jepa_prelocal_pretrained_classifier_only_19ch_128hz_2s_microvolts_no_zscore_lr_0.005_batch_16_epochs_10_patience_5_seed_42/best_model_fold_J10.pt,True
Pré-entraîné — classifieur,data_signal_jepa_prelocal_19ch_128hz_2s_uv_signal_jepa_prelocal_pretrained_classifier_only_19ch_128hz_2s_microvolts_no_zscore_lr_0.005_batch_16_epochs_10_patience_5_seed_42,J15,9,9,0.6862901374824276,0.6862901374824276,0.6363636363636364,0.6363636363636364,0.0001,True,True,True,True,/Users/nini/ASC/models/data_signal_jepa_prelocal_19ch_128hz_2s_uv_signal_jepa_prelocal_pretrained_classifier_only_19ch_128hz_2s_microvolts_no_zscore_lr_0.005_batch_16_epochs_10_patience_5_seed_42/best_model_fold_J15.pt,True
PreLocal 19ch — scratch,data_signal_jepa_prelocal_19ch_128hz_2s_uv_signal_jepa_prelocal_scratch_full_finetuning_19ch_128hz_2s_microvolts_no_zscore_lr_0.005_batch_16_epochs_10_patience_5_seed_42,J1,2,2,0.3222127212044957,0.3222127212044957,0.9166666666666666,0.9166666666666666,0.0001,True,True,True,True,/Users/nini/ASC/models/data_signal_jepa_prelocal_19ch_128hz_2s_uv_signal_jepa_prelocal_scratch_full_finetuning_19ch_128hz_2s_microvolts_no_zscore_lr_0.005_batch_16_epochs_10_patience_5_seed_42/best_model_fold_J1.pt,True
PreLocal 19ch — scratch,data_signal_jepa_prelocal_19ch_128hz_2s_uv_signal_jepa_prelocal_scratch_full_finetuning_19ch_128hz_2s_microvolts_no_zscore_lr_0.005_batch_16_epochs_10_patience_5_seed_42,J2,2,2,0.388456402919269,0.388456402919269,0.8977272727272727,0.8977272727272727,0.0001,True,True,True,True,/Users/nini/ASC/models/data_signal_jepa_prelocal_19ch_128hz_2s_uv_signal_jepa_prelocal_scratch_full_finetuning_19ch_128hz_2s_microvolts_no_zscore_lr_0.005_batch_16_epochs_10_patience_5_seed_42/best_model_fold_J2.pt,True
PreLocal 19ch — scratch,data_signal_jepa_prelocal_19ch_128hz_2s_uv_signal_jepa_prelocal_scratch_full_finetuning_19ch_128hz_2s_microvolts_no_zscore_lr_0.005_batch_16_epochs_10_patience_5_seed_42,J4,4,4,0.3239682664334579,0.3239682664334579,0.8636363636363636,0.8636363636363636,0.0001,True,True,True,True,/Users/nini/ASC/models/data_signal_jepa_prelocal_19ch_128hz_2s_uv_signal_jepa_prelocal_scratch_full_finetuning_19ch_128hz_2s_microvolts_no_zscore_lr_0.005_batch_16_epochs_10_patience_5_seed_42/best_model_fold_J4.pt,True
PreLocal 19ch — scratch,data_signal_jepa_prelocal_19ch_128hz_2s_uv_signal_jepa_prelocal_scratch_full_finetuning_19ch_128hz_2s_microvolts_no_zscore_lr_0.005_batch_16_epochs_10_patience_5_seed_42,J5,10,10,0.3300060298306853,0.3300060298306853,0.8636363636363636,0.8636363636363636,0.0001,True,True,True,True,/Users/nini/ASC/models/data_signal_jepa_prelocal_19ch_128hz_2s_uv_signal_jepa_prelocal_scratch_full_finetuning_19ch_128hz_2s_microvolts_no_zscore_lr_0.005_batch_16_epochs_10_patience_5_seed_42/best_model_fold_J5.pt,True
PreLocal 19ch — scratch,data_signal_jepa_prelocal_19ch_128hz_2s_uv_signal_jepa_prelocal_scratch_full_finetuning_19ch_128hz_2s_microvolts_no_zscore_lr_0.005_batch_16_epochs_10_patience_5_seed_42,J7,7,7,0.5072176491137014,0.5072176491137014,0.7840909090909091,0.7840909090909091,0.0001,True,True,True,True,/Users/nini/ASC/models/data_signal_jepa_prelocal_19ch_128hz_2s_uv_signal_jepa_prelocal_scratch_full_finetuning_19ch_128hz_2s_microvolts_no_zscore_lr_0.005_batch_16_epochs_10_patience_5_seed_42/best_model_fold_J7.pt,True
PreLocal 19ch — scratch,data_signal_jepa_prelocal_19ch_128hz_2s_uv_signal_jepa_prelocal_scratch_full_finetuning_19ch_128hz_2s_microvolts_no_zscore_lr_0.005_batch_16_epochs_10_patience_5_seed_42,J8,4,4,0.5318452001808324,0.5318452001808324,0.765625,0.765625,0.0001,True,True,True,True,/Users/nini/ASC/models/data_signal_jepa_prelocal_19ch_128hz_2s_uv_signal_jepa_prelocal_scratch_full_finetuning_19ch_128hz_2s_microvolts_no_zscore_lr_0.005_batch_16_epochs_10_patience_5_seed_42/best_model_fold_J8.pt,True
PreLocal 19ch — scratch,data_signal_jepa_prelocal_19ch_128hz_2s_uv_signal_jepa_prelocal_scratch_full_finetuning_19ch_128hz_2s_microvolts_no_zscore_lr_0.005_batch_16_epochs_10_patience_5_seed_42,J10,8,8,0.1849566788330783,0.1849566788330783,0.9431818181818182,0.9431818181818182,0.0001,True,True,True,True,/Users/nini/ASC/models/data_signal_jepa_prelocal_19ch_128hz_2s_uv_signal_jepa_prelocal_scratch_full_finetuning_19ch_128hz_2s_microvolts_no_zscore_lr_0.005_batch_16_epochs_10_patience_5_seed_42/best_model_fold_J10.pt,True
PreLocal 19ch — scratch,data_signal_jepa_prelocal_19ch_128hz_2s_uv_signal_jepa_prelocal_scratch_full_finetuning_19ch_128hz_2s_microvolts_no_zscore_lr_0.005_batch_16_epochs_10_patience_5_seed_42,J15,10,10,0.3308030068067168,0.3308030068067168,0.875,0.875,0.0001,True,True,True,True,/Users/nini/ASC/models/data_signal_jepa_prelocal_19ch_128hz_2s_uv_signal_jepa_prelocal_scratch_full_finetuning_19ch_128hz_2s_microvolts_no_zscore_lr_0.005_batch_16_epochs_10_patience_5_seed_42/best_model_fold_J15.pt,True
Pré-entraîné — complet,data_signal_jepa_prelocal_19ch_128hz_2s_uv_signal_jepa_prelocal_pretrained_full_finetuning_19ch_128hz_2s_microvolts_no_zscore_lr_0.005_batch_16_epochs_10_patience_5_seed_42,J1,9,9,0.3071454921176121,0.3071454921176121,0.9166666666666666,0.9166666666666666,0.0001,True,True,True,True,/Users/nini/ASC/models/data_signal_jepa_prelocal_19ch_128hz_2s_uv_signal_jepa_prelocal_pretrained_full_finetuning_19ch_128hz_2s_microvolts_no_zscore_lr_0.005_batch_16_epochs_10_patience_5_seed_42/best_model_fold_J1.pt,True
Pré-entraîné — complet,data_signal_jepa_prelocal_19ch_128hz_2s_uv_signal_jepa_prelocal_pretrained_full_finetuning_19ch_128hz_2s_microvolts_no_zscore_lr_0.005_batch_16_epochs_10_patience_5_seed_42,J2,7,7,0.4099498391883316,0.4099498391883316,0.8181818181818182,0.8181818181818182,0.0001,True,True,True,True,/Users/nini/ASC/models/data_signal_jepa_prelocal_19ch_128hz_2s_uv_signal_jepa_prelocal_pretrained_full_finetuning_19ch_128hz_2s_microvolts_no_zscore_lr_0.005_batch_16_epochs_10_patience_5_seed_42/best_model_fold_J2.pt,True
Pré-entraîné — complet,data_signal_jepa_prelocal_19ch_128hz_2s_uv_signal_jepa_prelocal_pretrained_full_finetuning_19ch_128hz_2s_microvolts_no_zscore_lr_0.005_batch_16_epochs_10_patience_5_seed_42,J4,6,6,0.2910312461897218,0.2910312461897218,0.9090909090909092,0.9090909090909092,0.0001,True,True,True,True,/Users/nini/ASC/models/data_signal_jepa_prelocal_19ch_128hz_2s_uv_signal_jepa_prelocal_pretrained_full_finetuning_19ch_128hz_2s_microvolts_no_zscore_lr_0.005_batch_16_epochs_10_patience_5_seed_42/best_model_fold_J4.pt,True
Pré-entraîné — complet,data_signal_jepa_prelocal_19ch_128hz_2s_uv_signal_jepa_prelocal_pretrained_full_finetuning_19ch_128hz_2s_microvolts_no_zscore_lr_0.005_batch_16_epochs_10_patience_5_seed_42,J5,10,10,0.3058508052758804,0.3058508052758804,0.8977272727272727,0.8977272727272727,0.0001,True,True,True,True,/Users/nini/ASC/models/data_signal_jepa_prelocal_19ch_128hz_2s_uv_signal_jepa_prelocal_pretrained_full_finetuning_19ch_128hz_2s_microvolts_no_zscore_lr_0.005_batch_16_epochs_10_patience_5_seed_42/best_model_fold_J5.pt,True
Pré-entraîné — complet,data_signal_jepa_prelocal_19ch_128hz_2s_uv_signal_jepa_prelocal_pretrained_full_finetuning_19ch_128hz_2s_microvolts_no_zscore_lr_0.005_batch_16_epochs_10_patience_5_seed_42,J7,5,5,0.4821977498156544,0.4821977498156544,0.7954545454545454,0.7954545454545454,0.0001,True,True,True,True,/Users/nini/ASC/models/data_signal_jepa_prelocal_19ch_128hz_2s_uv_signal_jepa_prelocal_pretrained_full_finetuning_19ch_128hz_2s_microvolts_no_zscore_lr_0.005_batch_16_epochs_10_patience_5_seed_42/best_model_fold_J7.pt,True
Pré-entraîné — complet,data_signal_jepa_prelocal_19ch_128hz_2s_uv_signal_jepa_prelocal_pretrained_full_finetuning_19ch_128hz_2s_microvolts_no_zscore_lr_0.005_batch_16_epochs_10_patience_5_seed_42,J8,4,4,0.4691885714671301,0.4691885714671301,0.8125,0.8125,0.0001,True,True,True,True,/Users/nini/ASC/models/data_signal_jepa_prelocal_19ch_128hz_2s_uv_signal_jepa_prelocal_pretrained_full_finetuning_19ch_128hz_2s_microvolts_no_zscore_lr_0.005_batch_16_epochs_10_patience_5_seed_42/best_model_fold_J8.pt,True
Pré-entraîné — complet,data_signal_jepa_prelocal_19ch_128hz_2s_uv_signal_jepa_prelocal_pretrained_full_finetuning_19ch_128hz_2s_microvolts_no_zscore_lr_0.005_batch_16_epochs_10_patience_5_seed_42,J10,8,8,0.1728522591033643,0.1728522591033643,0.9545454545454546,0.9545454545454546,0.0001,True,True,True,True,/Users/nini/ASC/models/data_signal_jepa_prelocal_19ch_128hz_2s_uv_signal_jepa_prelocal_pretrained_full_finetuning_19ch_128hz_2s_microvolts_no_zscore_lr_0.005_batch_16_epochs_10_patience_5_seed_42/best_model_fold_J10.pt,True
Pré-entraîné — complet,data_signal_jepa_prelocal_19ch_128hz_2s_uv_signal_jepa_prelocal_pretrained_full_finetuning_19ch_128hz_2s_microvolts_no_zscore_lr_0.005_batch_16_epochs_10_patience_5_seed_42,J15,7,7,0.3534736143796524,0.3534736143796524,0.8295454545454546,0.8295454545454546,0.0001,True,True,True,True,/Users/nini/ASC/models/data_signal_jepa_prelocal_19ch_128hz_2s_uv_signal_jepa_prelocal_pretrained_full_finetuning_19ch_128hz_2s_microvolts_no_zscore_lr_0.005_batch_16_epochs_10_patience_5_seed_42/best_model_fold_J15.pt,True
From scratch — complet,data_signal_jepa_prelocal_32ch_128hz_2s_uv_signal_jepa_prelocal_scratch_full_finetuning_32ch_128hz_2s_microvolts_no_zscore_lr_0.005_batch_16_epochs_10_patience_5_seed_42,J1,5,5,0.2820141314759116,0.2820141314759116,0.9166666666666666,0.9166666666666666,0.0001,True,True,True,True,/Users/nini/ASC/models/data_signal_jepa_prelocal_32ch_128hz_2s_uv_signal_jepa_prelocal_scratch_full_finetuning_32ch_128hz_2s_microvolts_no_zscore_lr_0.005_batch_16_epochs_10_patience_5_seed_42/best_model_fold_J1.pt,True
From scratch — complet,data_signal_jepa_prelocal_32ch_128hz_2s_uv_signal_jepa_prelocal_scratch_full_finetuning_32ch_128hz_2s_microvolts_no_zscore_lr_0.005_batch_16_epochs_10_patience_5_seed_42,J2,6,6,0.3631090439891969,0.3631090439891969,0.8863636363636364,0.8863636363636364,0.0001,True,True,True,True,/Users/nini/ASC/models/data_signal_jepa_prelocal_32ch_128hz_2s_uv_signal_jepa_prelocal_scratch_full_finetuning_32ch_128hz_2s_microvolts_no_zscore_lr_0.005_batch_16_epochs_10_patience_5_seed_42/best_model_fold_J2.pt,True
From scratch — complet,data_signal_jepa_prelocal_32ch_128hz_2s_uv_signal_jepa_prelocal_scratch_full_finetuning_32ch_128hz_2s_microvolts_no_zscore_lr_0.005_batch_16_epochs_10_patience_5_seed_42,J4,6,6,0.2984574429840849,0.2984574429840849,0.8977272727272727,0.8977272727272727,0.0001,True,True,True,True,/Users/nini/ASC/models/data_signal_jepa_prelocal_32ch_128hz_2s_uv_signal_jepa_prelocal_scratch_full_finetuning_32ch_128hz_2s_microvolts_no_zscore_lr_0.005_batch_16_epochs_10_patience_5_seed_42/best_model_fold_J4.pt,True
From scratch — complet,data_signal_jepa_prelocal_32ch_128hz_2s_uv_signal_jepa_prelocal_scratch_full_finetuning_32ch_128hz_2s_microvolts_no_zscore_lr_0.005_batch_16_epochs_10_patience_5_seed_42,J5,4,4,0.3599277152376674,0.3599277152376674,0.9090909090909092,0.9090909090909092,0.0001,True,True,True,True,/Users/nini/ASC/models/data_signal_jepa_prelocal_32ch_128hz_2s_uv_signal_jepa_prelocal_scratch_full_finetuning_32ch_128hz_2s_microvolts_no_zscore_lr_0.005_batch_16_epochs_10_patience_5_seed_42/best_model_fold_J5.pt,True
From scratch — complet,data_signal_jepa_prelocal_32ch_128hz_2s_uv_signal_jepa_prelocal_scratch_full_finetuning_32ch_128hz_2s_microvolts_no_zscore_lr_0.005_batch_16_epochs_10_patience_5_seed_42,J7,5,5,0.5223329074172333,0.5223329074172333,0.7727272727272727,0.7727272727272727,0.0001,True,True,True,True,/Users/nini/ASC/models/data_signal_jepa_prelocal_32ch_128hz_2s_uv_signal_jepa_prelocal_scratch_full_finetuning_32ch_128hz_2s_microvolts_no_zscore_lr_0.005_batch_16_epochs_10_patience_5_seed_42/best_model_fold_J7.pt,True
From scratch — complet,data_signal_jepa_prelocal_32ch_128hz_2s_uv_signal_jepa_prelocal_scratch_full_finetuning_32ch_128hz_2s_microvolts_no_zscore_lr_0.005_batch_16_epochs_10_patience_5_seed_42,J8,4,4,0.554230847286681,0.554230847286681,0.71875,0.71875,0.0001,True,True,True,True,/Users/nini/ASC/models/data_signal_jepa_prelocal_32ch_128hz_2s_uv_signal_jepa_prelocal_scratch_full_finetuning_32ch_128hz_2s_microvolts_no_zscore_lr_0.005_batch_16_epochs_10_patience_5_seed_42/best_model_fold_J8.pt,True
From scratch — complet,data_signal_jepa_prelocal_32ch_128hz_2s_uv_signal_jepa_prelocal_scratch_full_finetuning_32ch_128hz_2s_microvolts_no_zscore_lr_0.005_batch_16_epochs_10_patience_5_seed_42,J10,9,9,0.2109091186972344,0.2109091186972344,0.9318181818181818,0.9318181818181818,0.0001,True,True,True,True,/Users/nini/ASC/models/data_signal_jepa_prelocal_32ch_128hz_2s_uv_signal_jepa_prelocal_scratch_full_finetuning_32ch_128hz_2s_microvolts_no_zscore_lr_0.005_batch_16_epochs_10_patience_5_seed_42/best_model_fold_J10.pt,True
From scratch — complet,data_signal_jepa_prelocal_32ch_128hz_2s_uv_signal_jepa_prelocal_scratch_full_finetuning_32ch_128hz_2s_microvolts_no_zscore_lr_0.005_batch_16_epochs_10_patience_5_seed_42,J15,7,7,0.3677616056921492,0.3677616056921492,0.8636363636363636,0.8636363636363636,0.0001,True,True,True,True,/Users/nini/ASC/models/data_signal_jepa_prelocal_32ch_128hz_2s_uv_signal_jepa_prelocal_scratch_full_finetuning_32ch_128hz_2s_microvolts_no_zscore_lr_0.005_batch_16_epochs_10_patience_5_seed_42/best_model_fold_J15.pt,True
Pré-entraîné — classifieur,data_signal_jepa_prelocal_32ch_128hz_2s_uv_signal_jepa_prelocal_pretrained_classifier_only_32ch_128hz_2s_microvolts_no_zscore_lr_0.005_batch_16_epochs_10_patience_5_seed_42,J1,10,10,0.6778696294928511,0.6778696294928511,0.6309523809523809,0.6309523809523809,0.0001,True,True,True,True,/Users/nini/ASC/models/data_signal_jepa_prelocal_32ch_128hz_2s_uv_signal_jepa_prelocal_pretrained_classifier_only_32ch_128hz_2s_microvolts_no_zscore_lr_0.005_batch_16_epochs_10_patience_5_seed_42/best_model_fold_J1.pt,True
Pré-entraîné — classifieur,data_signal_jepa_prelocal_32ch_128hz_2s_uv_signal_jepa_prelocal_pretrained_classifier_only_32ch_128hz_2s_microvolts_no_zscore_lr_0.005_batch_16_epochs_10_patience_5_seed_42,J2,5,5,0.6929980234357334,0.6929980234357334,0.5113636363636364,0.5113636363636364,0.0001,True,True,True,True,/Users/nini/ASC/models/data_signal_jepa_prelocal_32ch_128hz_2s_uv_signal_jepa_prelocal_pretrained_classifier_only_32ch_128hz_2s_microvolts_no_zscore_lr_0.005_batch_16_epochs_10_patience_5_seed_42/best_model_fold_J2.pt,True
Pré-entraîné — classifieur,data_signal_jepa_prelocal_32ch_128hz_2s_uv_signal_jepa_prelocal_pretrained_classifier_only_32ch_128hz_2s_microvolts_no_zscore_lr_0.005_batch_16_epochs_10_patience_5_seed_42,J4,10,10,0.6724042664600458,0.6724042664600458,0.6363636363636364,0.6363636363636364,0.0001,True,True,True,True,/Users/nini/ASC/models/data_signal_jepa_prelocal_32ch_128hz_2s_uv_signal_jepa_prelocal_pretrained_classifier_only_32ch_128hz_2s_microvolts_no_zscore_lr_0.005_batch_16_epochs_10_patience_5_seed_42/best_model_fold_J4.pt,True
Pré-entraîné — classifieur,data_signal_jepa_prelocal_32ch_128hz_2s_uv_signal_jepa_prelocal_pretrained_classifier_only_32ch_128hz_2s_microvolts_no_zscore_lr_0.005_batch_16_epochs_10_patience_5_seed_42,J5,9,9,0.6814947168215816,0.6814947168215816,0.5227272727272727,0.5227272727272727,0.0001,True,True,True,True,/Users/nini/ASC/models/data_signal_jepa_prelocal_32ch_128hz_2s_uv_signal_jepa_prelocal_pretrained_classifier_only_32ch_128hz_2s_microvolts_no_zscore_lr_0.005_batch_16_epochs_10_patience_5_seed_42/best_model_fold_J5.pt,True
Pré-entraîné — classifieur,data_signal_jepa_prelocal_32ch_128hz_2s_uv_signal_jepa_prelocal_pretrained_classifier_only_32ch_128hz_2s_microvolts_no_zscore_lr_0.005_batch_16_epochs_10_patience_5_seed_42,J7,10,10,0.6856835061719843,0.6856835061719843,0.5454545454545454,0.5454545454545454,0.0001,True,True,True,True,/Users/nini/ASC/models/data_signal_jepa_prelocal_32ch_128hz_2s_uv_signal_jepa_prelocal_pretrained_classifier_only_32ch_128hz_2s_microvolts_no_zscore_lr_0.005_batch_16_epochs_10_patience_5_seed_42/best_model_fold_J7.pt,True
Pré-entraîné — classifieur,data_signal_jepa_prelocal_32ch_128hz_2s_uv_signal_jepa_prelocal_pretrained_classifier_only_32ch_128hz_2s_microvolts_no_zscore_lr_0.005_batch_16_epochs_10_patience_5_seed_42,J8,10,10,0.6870170088429898,0.6870170088429898,0.609375,0.609375,0.0001,True,True,True,True,/Users/nini/ASC/models/data_signal_jepa_prelocal_32ch_128hz_2s_uv_signal_jepa_prelocal_pretrained_classifier_only_32ch_128hz_2s_microvolts_no_zscore_lr_0.005_batch_16_epochs_10_patience_5_seed_42/best_model_fold_J8.pt,True
Pré-entraîné — classifieur,data_signal_jepa_prelocal_32ch_128hz_2s_uv_signal_jepa_prelocal_pretrained_classifier_only_32ch_128hz_2s_microvolts_no_zscore_lr_0.005_batch_16_epochs_10_patience_5_seed_42,J10,10,10,0.682415793169098,0.682415793169098,0.5909090909090909,0.5909090909090909,0.0001,True,True,True,True,/Users/nini/ASC/models/data_signal_jepa_prelocal_32ch_128hz_2s_uv_signal_jepa_prelocal_pretrained_classifier_only_32ch_128hz_2s_microvolts_no_zscore_lr_0.005_batch_16_epochs_10_patience_5_seed_42/best_model_fold_J10.pt,True
Pré-entraîné — classifieur,data_signal_jepa_prelocal_32ch_128hz_2s_uv_signal_jepa_prelocal_pretrained_classifier_only_32ch_128hz_2s_microvolts_no_zscore_lr_0.005_batch_16_epochs_10_patience_5_seed_42,J15,9,9,0.684869268009843,0.684869268009843,0.5340909090909091,0.5340909090909091,0.0001,True,True,True,True,/Users/nini/ASC/models/data_signal_jepa_prelocal_32ch_128hz_2s_uv_signal_jepa_prelocal_pretrained_classifier_only_32ch_128hz_2s_microvolts_no_zscore_lr_0.005_batch_16_epochs_10_patience_5_seed_42/best_model_fold_J15.pt,True
Pré-entraîné — complet,data_signal_jepa_prelocal_32ch_128hz_2s_uv_signal_jepa_prelocal_pretrained_full_finetuning_32ch_128hz_2s_microvolts_no_zscore_lr_0.005_batch_16_epochs_10_patience_5_seed_42,J1,5,5,0.2545611769611702,0.2545611769611702,0.9642857142857144,0.9642857142857144,0.0001,True,True,True,True,/Users/nini/ASC/models/data_signal_jepa_prelocal_32ch_128hz_2s_uv_signal_jepa_prelocal_pretrained_full_finetuning_32ch_128hz_2s_microvolts_no_zscore_lr_0.005_batch_16_epochs_10_patience_5_seed_42/best_model_fold_J1.pt,True
Pré-entraîné — complet,data_signal_jepa_prelocal_32ch_128hz_2s_uv_signal_jepa_prelocal_pretrained_full_finetuning_32ch_128hz_2s_microvolts_no_zscore_lr_0.005_batch_16_epochs_10_patience_5_seed_42,J2,7,7,0.2972260934172616,0.2972260934172616,0.875,0.875,0.0001,True,True,True,True,/Users/nini/ASC/models/data_signal_jepa_prelocal_32ch_128hz_2s_uv_signal_jepa_prelocal_pretrained_full_finetuning_32ch_128hz_2s_microvolts_no_zscore_lr_0.005_batch_16_epochs_10_patience_5_seed_42/best_model_fold_J2.pt,True
Pré-entraîné — complet,data_signal_jepa_prelocal_32ch_128hz_2s_uv_signal_jepa_prelocal_pretrained_full_finetuning_32ch_128hz_2s_microvolts_no_zscore_lr_0.005_batch_16_epochs_10_patience_5_seed_42,J4,8,8,0.2825581033923099,0.2825581033923099,0.8977272727272727,0.8977272727272727,0.0001,True,True,True,True,/Users/nini/ASC/models/data_signal_jepa_prelocal_32ch_128hz_2s_uv_signal_jepa_prelocal_pretrained_full_finetuning_32ch_128hz_2s_microvolts_no_zscore_lr_0.005_batch_16_epochs_10_patience_5_seed_42/best_model_fold_J4.pt,True
Pré-entraîné — complet,data_signal_jepa_prelocal_32ch_128hz_2s_uv_signal_jepa_prelocal_pretrained_full_finetuning_32ch_128hz_2s_microvolts_no_zscore_lr_0.005_batch_16_epochs_10_patience_5_seed_42,J5,9,9,0.2919197993424416,0.2919197993424416,0.8863636363636364,0.8863636363636364,0.0001,True,True,True,True,/Users/nini/ASC/models/data_signal_jepa_prelocal_32ch_128hz_2s_uv_signal_jepa_prelocal_pretrained_full_finetuning_32ch_128hz_2s_microvolts_no_zscore_lr_0.005_batch_16_epochs_10_patience_5_seed_42/best_model_fold_J5.pt,True
Pré-entraîné — complet,data_signal_jepa_prelocal_32ch_128hz_2s_uv_signal_jepa_prelocal_pretrained_full_finetuning_32ch_128hz_2s_microvolts_no_zscore_lr_0.005_batch_16_epochs_10_patience_5_seed_42,J7,5,5,0.4779163923062371,0.4779163923062371,0.8181818181818182,0.8181818181818182,0.0001,True,True,True,True,/Users/nini/ASC/models/data_signal_jepa_prelocal_32ch_128hz_2s_uv_signal_jepa_prelocal_pretrained_full_finetuning_32ch_128hz_2s_microvolts_no_zscore_lr_0.005_batch_16_epochs_10_patience_5_seed_42/best_model_fold_J7.pt,True
Pré-entraîné — complet,data_signal_jepa_prelocal_32ch_128hz_2s_uv_signal_jepa_prelocal_pretrained_full_finetuning_32ch_128hz_2s_microvolts_no_zscore_lr_0.005_batch_16_epochs_10_patience_5_seed_42,J8,4,4,0.4931685421217344,0.4931685421217344,0.796875,0.796875,0.0001,True,True,True,True,/Users/nini/ASC/models/data_signal_jepa_prelocal_32ch_128hz_2s_uv_signal_jepa_prelocal_pretrained_full_finetuning_32ch_128hz_2s_microvolts_no_zscore_lr_0.005_batch_16_epochs_10_patience_5_seed_42/best_model_fold_J8.pt,True
Pré-entraîné — complet,data_signal_jepa_prelocal_32ch_128hz_2s_uv_signal_jepa_prelocal_pretrained_full_finetuning_32ch_128hz_2s_microvolts_no_zscore_lr_0.005_batch_16_epochs_10_patience_5_seed_42,J10,8,8,0.1894039589896326,0.1894039589896326,0.9431818181818182,0.9431818181818182,0.0001,True,True,True,True,/Users/nini/ASC/models/data_signal_jepa_prelocal_32ch_128hz_2s_uv_signal_jepa_prelocal_pretrained_full_finetuning_32ch_128hz_2s_microvolts_no_zscore_lr_0.005_batch_16_epochs_10_patience_5_seed_42/best_model_fold_J10.pt,True
Pré-entraîné — complet,data_signal_jepa_prelocal_32ch_128hz_2s_uv_signal_jepa_prelocal_pretrained_full_finetuning_32ch_128hz_2s_microvolts_no_zscore_lr_0.005_batch_16_epochs_10_patience_5_seed_42,J15,8,8,0.2980434613168809,0.2980434613168809,0.8636363636363636,0.8636363636363636,0.0001,True,True,True,True,/Users/nini/ASC/models/data_signal_jepa_prelocal_32ch_128hz_2s_uv_signal_jepa_prelocal_pretrained_full_finetuning_32ch_128hz_2s_microvolts_no_zscore_lr_0.005_batch_16_epochs_10_patience_5_seed_42/best_model_fold_J15.pt,True
