figure,input,operation,dimensions_reduced,output,x_axis,y_axis,unit,warning
amplitudes_by_participant.png,"Chaque fichier EEG [2 participants, 32 canaux, 5120 temps]","Pour chaque fichier et participant : max(abs(x)) sur les 32×5120 valeurs, puis moyenne de ces maxima sur les fichiers d'une dyade.",max sur axes canal et temps ; moyenne sur axe fichier,Une barre par couple dyade/participant : amplitude absolue maximale moyenne.,Dyade,"Amplitude absolue maximale moyenne, échelle logarithmique",Volt si les fichiers source sont en volts,"Une grande barre localise une amplitude atypique, mais ne prouve pas à elle seule une cause d'acquisition."
heatmap_electrodes_outliers.png,Pour chaque participant/canal : 5120 amplitudes temporelles,"n = somme_t 1(|x_t| > seuil), puis somme sur participants et fichiers appartenant à la même dyade.","somme sur temps, participants et fichiers",Chaque cellule = nombre total de valeurs hors seuil,"Électrode, dans l'ordre réel des 32 canaux",Dyade,Nombre de points temporels,"Le seuil absolu 0,01 reste exploratoire ; la figure décrit ce critère et ne valide pas sa pertinence physiologique."
outliers_by_region.png,Nombre de valeurs hors seuil par électrode,Somme des nombres d'outliers des électrodes rattachées à une même région large.,somme sur électrodes d'une région,Une barre = total de points hors seuil dans la région,Nombre total de valeurs hors seuil,Région cérébrale,Nombre de points temporels,Les régions ne contiennent pas toutes le même nombre d'électrodes ; le total brut dépend aussi de cette taille.
acquisition_vs_physiology.png,Nombre d'outliers P1 et P2 agrégé par dyade,ratio = outliers_P1 / (outliers_P1 + outliers_P2),"somme préalable sur fichiers, canaux et temps",Une barre = part des outliers portée par P1,Dyade,Ratio compris entre 0 et 1,Sans unité,"Un ratio extrême localise l'anomalie sur un participant. Il ne permet pas, seul, de distinguer acquisition et physiologie."
electrode_positions_and_neighbors.png,Dictionnaire externe de coordonnées 2D des 32 électrodes,Distance euclidienne via cdist ; filtrage même région ; sélection des quatre plus proches ; interpolation pondérée par 1/distance.,aucune statistique EEG sur cette figure,Montage 2D et segments entre FC5 et ses voisins retenus,Coordonnée gauche-droite relative,Coordonnée arrière-avant relative,Coordonnées relatives,Les positions ne sont pas stockées dans les fichiers .npy.
boxplot_<groupe>.png,"8 best_validation_accuracy, une par fold LODO","Médiane, Q1, Q3 et moustaches du boxplot ; tous les folds sont aussi affichés comme points ; moyenne affichée par un losange.",distribution sur l'axe dyade,Une boîte par configuration expérimentale,Configuration,Accuracy au checkpoint de loss minimale (%),Pourcentage,Les huit dyades ne sont pas des répétitions totalement indépendantes : leurs ensembles d'entraînement se recouvrent.
<experience>_loss_8folds.png,Historique train_loss et validation_loss à chaque epoch,Aucune moyenne entre folds ; une sous-figure par dyade,loss déjà moyennée sur les exemples du loader,Deux courbes et une ligne verticale au meilleur checkpoint,Epoch,BCE moyenne,Sans unité,"Pour SignalJEPA, les courbes train/validation sont au niveau fenêtre ; le checkpoint est sélectionné au niveau participant."
<experience>_accuracy_8folds.png,Historique train_accuracy et validation_accuracy par epoch,"Aucune moyenne entre folds, une sous-figure par dyade",moyenne des décisions correctes sur les exemples,Courbes train/validation et époque du meilleur checkpoint,Epoch,Accuracy entre 0 et 1,Proportion,"La sélection du checkpoint repose sur la loss, pas l'accuracy."
architecture_<modele>.png,"Tenseur factice [1, 32, 5120]",Forward hooks sur chaque couche feuille du modèle,"selon les convolutions, poolings et flatten","Ordre réel, forme de sortie et paramètres de chaque couche",Sans objet,Ordre des couches,Nombre de tenseurs / paramètres,"Le schéma décrit l'architecture, pas les performances."
