sample_id,window_index,true_label,true_class,logit_yf,probability_yo,probability_yf,predicted_label,predicted_class
J10/J10_E000_C1_YF_S6_5A15.npy/P1,0,1,YF,-0.09357522428035736,0.5233767032623291,0.4766232967376709,0,YO
J10/J10_E000_C1_YF_S6_5A15.npy/P1,1,1,YF,0.22170396149158478,0.44479990005493164,0.5552000999450684,1,YF
J10/J10_E000_C1_YF_S6_5A15.npy/P1,2,1,YF,0.2557917833328247,0.436398446559906,0.563601553440094,1,YF
J10/J10_E000_C1_YF_S6_5A15.npy/P1,3,1,YF,-0.7171055674552917,0.6719692945480347,0.32803067564964294,0,YO
J10/J10_E000_C1_YF_S6_5A15.npy/P1,4,1,YF,-0.04998387396335602,0.512493371963501,0.48750659823417664,0,YO
J10/J10_E000_C1_YF_S6_5A15.npy/P2,0,1,YF,0.1942894011735916,0.45157986879348755,0.5484201312065125,1,YF
J10/J10_E000_C1_YF_S6_5A15.npy/P2,1,1,YF,0.12072812020778656,0.46985453367233276,0.5301454663276672,1,YF
J10/J10_E000_C1_YF_S6_5A15.npy/P2,2,1,YF,-0.2667010426521301,0.5662828683853149,0.43371716141700745,0,YO
J10/J10_E000_C1_YF_S6_5A15.npy/P2,3,1,YF,-0.29726141691207886,0.5737729072570801,0.4262270927429199,0,YO
J10/J10_E000_C1_YF_S6_5A15.npy/P2,4,1,YF,0.23740486800670624,0.4409260153770447,0.5590739846229553,1,YF
J10/J10_E001_C1_YF_S6_25A35.npy/P1,0,1,YF,0.14120949804782867,0.4647561311721802,0.5352438688278198,1,YF
J10/J10_E001_C1_YF_S6_25A35.npy/P1,1,1,YF,0.04695945978164673,0.4882622957229614,0.5117377042770386,1,YF
J10/J10_E001_C1_YF_S6_25A35.npy/P1,2,1,YF,0.25491148233413696,0.436614990234375,0.563385009765625,1,YF
J10/J10_E001_C1_YF_S6_25A35.npy/P1,3,1,YF,-0.312247097492218,0.5774336457252502,0.42256635427474976,0,YO
J10/J10_E001_C1_YF_S6_25A35.npy/P1,4,1,YF,0.13888509571552277,0.465334415435791,0.534665584564209,1,YF
J10/J10_E001_C1_YF_S6_25A35.npy/P2,0,1,YF,0.43872731924057007,0.3920443058013916,0.6079556941986084,1,YF
J10/J10_E001_C1_YF_S6_25A35.npy/P2,1,1,YF,-0.07571320980787277,0.5189192891120911,0.48108071088790894,0,YO
J10/J10_E001_C1_YF_S6_25A35.npy/P2,2,1,YF,-0.022726163268089294,0.5056812763214111,0.4943186938762665,0,YO
J10/J10_E001_C1_YF_S6_25A35.npy/P2,3,1,YF,-0.2250768095254898,0.5560328960418701,0.44396713376045227,0,YO
J10/J10_E001_C1_YF_S6_25A35.npy/P2,4,1,YF,0.21950586140155792,0.4453428387641907,0.5546571612358093,1,YF
J10/J10_E002_C2_YO_S7_5A15.npy/P1,0,0,YO,-0.16664791107177734,0.5415658354759216,0.45843416452407837,0,YO
J10/J10_E002_C2_YO_S7_5A15.npy/P1,1,0,YO,0.13573263585567474,0.46611881256103516,0.5338811874389648,1,YF
J10/J10_E002_C2_YO_S7_5A15.npy/P1,2,0,YO,0.13188153505325317,0.4670773148536682,0.5329226851463318,1,YF
J10/J10_E002_C2_YO_S7_5A15.npy/P1,3,0,YO,-0.10835110396146774,0.5270613431930542,0.4729386866092682,0,YO
J10/J10_E002_C2_YO_S7_5A15.npy/P1,4,0,YO,0.0641472339630127,0.48396867513656616,0.5160313248634338,1,YF
J10/J10_E002_C2_YO_S7_5A15.npy/P2,0,0,YO,-0.025850635021924973,0.5064623355865479,0.49353769421577454,0,YO
J10/J10_E002_C2_YO_S7_5A15.npy/P2,1,0,YO,0.023131534457206726,0.4942173957824707,0.5057826042175293,1,YF
J10/J10_E002_C2_YO_S7_5A15.npy/P2,2,0,YO,-0.12117531150579453,0.5302568078041077,0.46974319219589233,0,YO
J10/J10_E002_C2_YO_S7_5A15.npy/P2,3,0,YO,-0.054470814764499664,0.513614296913147,0.48638567328453064,0,YO
J10/J10_E002_C2_YO_S7_5A15.npy/P2,4,0,YO,-0.15436528623104095,0.5385148525238037,0.4614851772785187,0,YO
J10/J10_E003_C2_YO_S7_25A35.npy/P1,0,0,YO,-0.010610543191432953,0.502652645111084,0.4973473846912384,0,YO
J10/J10_E003_C2_YO_S7_25A35.npy/P1,1,0,YO,0.34015601873397827,0.4157715439796448,0.5842284560203552,1,YF
J10/J10_E003_C2_YO_S7_25A35.npy/P1,2,0,YO,0.0221547931432724,0.4944615364074707,0.5055384635925293,1,YF
J10/J10_E003_C2_YO_S7_25A35.npy/P1,3,0,YO,0.39839833974838257,0.40169721841812134,0.5983027815818787,1,YF
J10/J10_E003_C2_YO_S7_25A35.npy/P1,4,0,YO,-0.14800572395324707,0.5369340777397156,0.4630659222602844,0,YO
J10/J10_E003_C2_YO_S7_25A35.npy/P2,0,0,YO,0.38865572214126587,0.4040409326553345,0.5959590673446655,1,YF
J10/J10_E003_C2_YO_S7_25A35.npy/P2,1,0,YO,0.17243392765522003,0.45699799060821533,0.5430020093917847,1,YF
J10/J10_E003_C2_YO_S7_25A35.npy/P2,2,0,YO,-0.03740496188402176,0.5093501806259155,0.49064984917640686,0,YO
J10/J10_E003_C2_YO_S7_25A35.npy/P2,3,0,YO,0.015093721449375153,0.4962266683578491,0.5037733316421509,1,YF
J10/J10_E003_C2_YO_S7_25A35.npy/P2,4,0,YO,-0.04709664732217789,0.5117720365524292,0.4882279634475708,0,YO
J10/J10_E004_C4_YF_S12_5A15.npy/P1,0,1,YF,0.45384514331817627,0.38844698667526245,0.6115530133247375,1,YF
J10/J10_E004_C4_YF_S12_5A15.npy/P1,1,1,YF,0.13664835691452026,0.46589094400405884,0.5341090559959412,1,YF
J10/J10_E004_C4_YF_S12_5A15.npy/P1,2,1,YF,-0.14421002566814423,0.5359901189804077,0.4640098810195923,0,YO
J10/J10_E004_C4_YF_S12_5A15.npy/P1,3,1,YF,0.1838458925485611,0.45416754484176636,0.5458324551582336,1,YF
J10/J10_E004_C4_YF_S12_5A15.npy/P1,4,1,YF,0.190409317612648,0.4525409936904907,0.5474590063095093,1,YF
J10/J10_E004_C4_YF_S12_5A15.npy/P2,0,1,YF,0.3062364459037781,0.42403364181518555,0.5759663581848145,1,YF
J10/J10_E004_C4_YF_S12_5A15.npy/P2,1,1,YF,0.0190122127532959,0.4952470660209656,0.5047529339790344,1,YF
J10/J10_E004_C4_YF_S12_5A15.npy/P2,2,1,YF,0.019197210669517517,0.49520087242126465,0.5047991275787354,1,YF
J10/J10_E004_C4_YF_S12_5A15.npy/P2,3,1,YF,-0.3140970468521118,0.5778850317001343,0.4221149981021881,0,YO
J10/J10_E004_C4_YF_S12_5A15.npy/P2,4,1,YF,-0.12011570483446121,0.5299928784370422,0.47000712156295776,0,YO
J10/J10_E005_C4_YO_S12_25A35.npy/P1,0,0,YO,0.23744632303714752,0.4409157633781433,0.5590842366218567,1,YF
J10/J10_E005_C4_YO_S12_25A35.npy/P1,1,0,YO,0.11205123364925385,0.47201645374298096,0.527983546257019,1,YF
J10/J10_E005_C4_YO_S12_25A35.npy/P1,2,0,YO,-0.06955615431070328,0.517382025718689,0.48261797428131104,0,YO
J10/J10_E005_C4_YO_S12_25A35.npy/P1,3,0,YO,0.41602063179016113,0.39746934175491333,0.6025306582450867,1,YF
J10/J10_E005_C4_YO_S12_25A35.npy/P1,4,0,YO,-0.06813418120145798,0.517026960849762,0.48297303915023804,0,YO
J10/J10_E005_C4_YO_S12_25A35.npy/P2,0,0,YO,0.14462801814079285,0.463905930519104,0.536094069480896,1,YF
J10/J10_E005_C4_YO_S12_25A35.npy/P2,1,0,YO,-0.024453379213809967,0.5061130523681641,0.4938869774341583,0,YO
J10/J10_E005_C4_YO_S12_25A35.npy/P2,2,0,YO,0.023779861629009247,0.4940553307533264,0.5059446692466736,1,YF
J10/J10_E005_C4_YO_S12_25A35.npy/P2,3,0,YO,0.009069405496120453,0.49773263931274414,0.5022673606872559,1,YF
J10/J10_E005_C4_YO_S12_25A35.npy/P2,4,0,YO,-0.010445840656757355,0.5026113986968994,0.4973886013031006,0,YO
J10/J10_E006_C4_YF_S12_5A15.npy/P1,0,1,YF,0.2479131668806076,0.43833720684051514,0.5616627931594849,1,YF
J10/J10_E006_C4_YF_S12_5A15.npy/P1,1,1,YF,-0.0028946995735168457,0.5007237195968628,0.4992763102054596,0,YO
J10/J10_E006_C4_YF_S12_5A15.npy/P1,2,1,YF,0.2058880776166916,0.44870907068252563,0.5512909293174744,1,YF
J10/J10_E006_C4_YF_S12_5A15.npy/P1,3,1,YF,-0.3489546775817871,0.5863640308380127,0.4136359393596649,0,YO
J10/J10_E006_C4_YF_S12_5A15.npy/P1,4,1,YF,0.015570484101772308,0.49610745906829834,0.5038925409317017,1,YF
J10/J10_E006_C4_YF_S12_5A15.npy/P2,0,1,YF,-0.0005935430526733398,0.5001484155654907,0.49985161423683167,0,YO
J10/J10_E006_C4_YF_S12_5A15.npy/P2,1,1,YF,-0.18979597091674805,0.5473070740699768,0.4526929259300232,0,YO
J10/J10_E006_C4_YF_S12_5A15.npy/P2,2,1,YF,0.26703834533691406,0.43363434076309204,0.566365659236908,1,YF
J10/J10_E006_C4_YF_S12_5A15.npy/P2,3,1,YF,0.3120523691177368,0.42261385917663574,0.5773861408233643,1,YF
J10/J10_E006_C4_YF_S12_5A15.npy/P2,4,1,YF,-0.08326117694377899,0.5208032727241516,0.4791967272758484,0,YO
J10/J10_E007_C4_YO_S12_25A35.npy/P1,0,0,YO,-0.0481882318854332,0.5120447278022766,0.4879552721977234,0,YO
J10/J10_E007_C4_YO_S12_25A35.npy/P1,1,0,YO,0.01594620943069458,0.4960135221481323,0.5039864778518677,1,YF
J10/J10_E007_C4_YO_S12_25A35.npy/P1,2,0,YO,0.34738296270370483,0.4140171408653259,0.5859828591346741,1,YF
J10/J10_E007_C4_YO_S12_25A35.npy/P1,3,0,YO,-0.0024148374795913696,0.5006037354469299,0.49939626455307007,0,YO
J10/J10_E007_C4_YO_S12_25A35.npy/P1,4,0,YO,-0.02691931277513504,0.5067294239997864,0.4932705760002136,0,YO
J10/J10_E007_C4_YO_S12_25A35.npy/P2,0,0,YO,0.09462006390094757,0.4763626456260681,0.5236373543739319,1,YF
J10/J10_E007_C4_YO_S12_25A35.npy/P2,1,0,YO,-0.21176119148731232,0.5527433156967163,0.4472566545009613,0,YO
J10/J10_E007_C4_YO_S12_25A35.npy/P2,2,0,YO,0.38530635833740234,0.4048476815223694,0.5951523184776306,1,YF
J10/J10_E007_C4_YO_S12_25A35.npy/P2,3,0,YO,0.3348565101623535,0.41705942153930664,0.5829405784606934,1,YF
J10/J10_E007_C4_YO_S12_25A35.npy/P2,4,0,YO,-0.2206076681613922,0.5549293756484985,0.44507065415382385,0,YO
J10/J10_E008_C4_YF_S12_5A15.npy/P1,0,1,YF,0.0963263213634491,0.47593700885772705,0.524062991142273,1,YF
J10/J10_E008_C4_YF_S12_5A15.npy/P1,1,1,YF,0.2224167138338089,0.4446239471435547,0.5553760528564453,1,YF
J10/J10_E008_C4_YF_S12_5A15.npy/P1,2,1,YF,-0.06259466707706451,0.5156435966491699,0.48435643315315247,0,YO
J10/J10_E008_C4_YF_S12_5A15.npy/P1,3,1,YF,0.36910319328308105,0.408757746219635,0.591242253780365,1,YF
J10/J10_E008_C4_YF_S12_5A15.npy/P1,4,1,YF,0.14721234142780304,0.46326321363449097,0.536736786365509,1,YF
J10/J10_E008_C4_YF_S12_5A15.npy/P2,0,1,YF,0.08968348801136017,0.47759413719177246,0.5224058628082275,1,YF
J10/J10_E008_C4_YF_S12_5A15.npy/P2,1,1,YF,0.05506284534931183,0.4862377643585205,0.5137622356414795,1,YF
J10/J10_E008_C4_YF_S12_5A15.npy/P2,2,1,YF,0.20463164150714874,0.4490198493003845,0.5509801506996155,1,YF
J10/J10_E008_C4_YF_S12_5A15.npy/P2,3,1,YF,0.054700180888175964,0.4863283634185791,0.5136716365814209,1,YF
J10/J10_E008_C4_YF_S12_5A15.npy/P2,4,1,YF,-0.08879844099283218,0.5221849679946899,0.47781500220298767,0,YO
J10/J10_E009_C4_YO_S12_25A35.npy/P1,0,0,YO,0.16048790514469147,0.45996391773223877,0.5400360822677612,1,YF
J10/J10_E009_C4_YO_S12_25A35.npy/P1,1,0,YO,0.31331872940063477,0.4223048686981201,0.5776951313018799,1,YF
J10/J10_E009_C4_YO_S12_25A35.npy/P1,2,0,YO,0.09383915364742279,0.4765574336051941,0.5234425663948059,1,YF
J10/J10_E009_C4_YO_S12_25A35.npy/P1,3,0,YO,0.24438653886318207,0.4392056465148926,0.5607943534851074,1,YF
J10/J10_E009_C4_YO_S12_25A35.npy/P1,4,0,YO,0.006326913833618164,0.49841827154159546,0.5015817284584045,1,YF
J10/J10_E009_C4_YO_S12_25A35.npy/P2,0,0,YO,-0.0867123156785965,0.5216645002365112,0.47833549976348877,0,YO
J10/J10_E009_C4_YO_S12_25A35.npy/P2,1,0,YO,-0.122496098279953,0.5305858254432678,0.4694141745567322,0,YO
J10/J10_E009_C4_YO_S12_25A35.npy/P2,2,0,YO,-0.2624930441379547,0.5652490258216858,0.4347509741783142,0,YO
J10/J10_E009_C4_YO_S12_25A35.npy/P2,3,0,YO,0.028547532856464386,0.49286359548568726,0.5071364045143127,1,YF
J10/J10_E009_C4_YO_S12_25A35.npy/P2,4,0,YO,-0.416306734085083,0.6025991439819336,0.3974008858203888,0,YO
J10/J10_E010_C4_YF_S12_5A15.npy/P1,0,1,YF,0.021601378917694092,0.4945998787879944,0.5054001212120056,1,YF
J10/J10_E010_C4_YF_S12_5A15.npy/P1,1,1,YF,-0.20257781445980072,0.5504720211029053,0.4495280086994171,0,YO
J10/J10_E010_C4_YF_S12_5A15.npy/P1,2,1,YF,-0.09677821397781372,0.5241756439208984,0.4758243262767792,0,YO
J10/J10_E010_C4_YF_S12_5A15.npy/P1,3,1,YF,0.2567436099052429,0.43616437911987305,0.563835620880127,1,YF
J10/J10_E010_C4_YF_S12_5A15.npy/P1,4,1,YF,0.23468978703022003,0.4415953755378723,0.5584046244621277,1,YF
J10/J10_E010_C4_YF_S12_5A15.npy/P2,0,1,YF,0.09723176062107086,0.47571122646331787,0.5242887735366821,1,YF
J10/J10_E010_C4_YF_S12_5A15.npy/P2,1,1,YF,0.12383328378200531,0.46908116340637207,0.5309188365936279,1,YF
J10/J10_E010_C4_YF_S12_5A15.npy/P2,2,1,YF,-0.07130400091409683,0.5178184509277344,0.4821815490722656,0,YO
J10/J10_E010_C4_YF_S12_5A15.npy/P2,3,1,YF,-0.08528729528188705,0.5213088989257812,0.47869110107421875,0,YO
J10/J10_E010_C4_YF_S12_5A15.npy/P2,4,1,YF,-0.06624690443277359,0.516555666923523,0.48344433307647705,0,YO
J10/J10_E011_C4_YO_S12_25A35.npy/P1,0,0,YO,-0.2923015356063843,0.5725594758987427,0.42744049429893494,0,YO
J10/J10_E011_C4_YO_S12_25A35.npy/P1,1,0,YO,-0.0071451738476753235,0.5017862319946289,0.4982137382030487,0,YO
J10/J10_E011_C4_YO_S12_25A35.npy/P1,2,0,YO,0.10743263363838196,0.47316765785217285,0.5268323421478271,1,YF
J10/J10_E011_C4_YO_S12_25A35.npy/P1,3,0,YO,0.2242138534784317,0.4441801905632019,0.5558198094367981,1,YF
J10/J10_E011_C4_YO_S12_25A35.npy/P1,4,0,YO,-0.1330859214067459,0.5332224369049072,0.4667775630950928,0,YO
J10/J10_E011_C4_YO_S12_25A35.npy/P2,0,0,YO,0.026794105768203735,0.4933018684387207,0.5066981315612793,1,YF
J10/J10_E011_C4_YO_S12_25A35.npy/P2,1,0,YO,-0.030804794281721115,0.5077006220817566,0.4922993779182434,0,YO
J10/J10_E011_C4_YO_S12_25A35.npy/P2,2,0,YO,-0.21459706127643585,0.5534443259239197,0.4465556740760803,0,YO
J10/J10_E011_C4_YO_S12_25A35.npy/P2,3,0,YO,0.33696532249450684,0.4165468215942383,0.5834531784057617,1,YF
J10/J10_E011_C4_YO_S12_25A35.npy/P2,4,0,YO,-0.23350481688976288,0.5581124424934387,0.4418875575065613,0,YO
J10/J10_E012_C4_YF_S12_5A15.npy/P1,0,1,YF,-0.0634317398071289,0.515852689743042,0.4841473400592804,0,YO
J10/J10_E012_C4_YF_S12_5A15.npy/P1,1,1,YF,-0.17065118253231049,0.5425595045089722,0.45744046568870544,0,YO
J10/J10_E012_C4_YF_S12_5A15.npy/P1,2,1,YF,-0.27648696303367615,0.5686847567558289,0.43131524324417114,0,YO
J10/J10_E012_C4_YF_S12_5A15.npy/P1,3,1,YF,-0.2756045460700989,0.5684682726860046,0.43153172731399536,0,YO
J10/J10_E012_C4_YF_S12_5A15.npy/P1,4,1,YF,0.25776535272598267,0.4359131455421448,0.5640868544578552,1,YF
J10/J10_E012_C4_YF_S12_5A15.npy/P2,0,1,YF,-0.2702500820159912,0.5671542882919312,0.43284571170806885,0,YO
J10/J10_E012_C4_YF_S12_5A15.npy/P2,1,1,YF,0.10890801250934601,0.4727998971939087,0.5272001028060913,1,YF
J10/J10_E012_C4_YF_S12_5A15.npy/P2,2,1,YF,0.10443057119846344,0.47391605377197266,0.5260839462280273,1,YF
J10/J10_E012_C4_YF_S12_5A15.npy/P2,3,1,YF,-0.03625667095184326,0.509063184261322,0.490936815738678,0,YO
J10/J10_E012_C4_YF_S12_5A15.npy/P2,4,1,YF,-0.011104032397270203,0.502776026725769,0.49722397327423096,0,YO
J10/J10_E013_C4_YO_S12_25A35.npy/P1,0,0,YO,-0.16767679154872894,0.5418212413787842,0.4581787586212158,0,YO
J10/J10_E013_C4_YO_S12_25A35.npy/P1,1,0,YO,-0.09825211018323898,0.524543285369873,0.47545668482780457,0,YO
J10/J10_E013_C4_YO_S12_25A35.npy/P1,2,0,YO,-0.00355539470911026,0.5008888244628906,0.499111145734787,0,YO
J10/J10_E013_C4_YO_S12_25A35.npy/P1,3,0,YO,-0.5654732584953308,0.6377179622650146,0.36228200793266296,0,YO
J10/J10_E013_C4_YO_S12_25A35.npy/P1,4,0,YO,-0.06841076910495758,0.5170960426330566,0.48290398716926575,0,YO
J10/J10_E013_C4_YO_S12_25A35.npy/P2,0,0,YO,0.024606861174106598,0.49384862184524536,0.5061513781547546,1,YF
J10/J10_E013_C4_YO_S12_25A35.npy/P2,1,0,YO,-0.30887001752853394,0.5766093730926514,0.42339059710502625,0,YO
J10/J10_E013_C4_YO_S12_25A35.npy/P2,2,0,YO,-0.08276504278182983,0.5206794738769531,0.47932055592536926,0,YO
J10/J10_E013_C4_YO_S12_25A35.npy/P2,3,0,YO,-0.09551370143890381,0.5238603353500366,0.47613969445228577,0,YO
J10/J10_E013_C4_YO_S12_25A35.npy/P2,4,0,YO,-0.16688501834869385,0.5416246652603149,0.45837533473968506,0,YO
J10/J10_E014_C4_YF_S12_5A15.npy/P1,0,1,YF,0.05837656557559967,0.4854099750518799,0.5145900249481201,1,YF
J10/J10_E014_C4_YF_S12_5A15.npy/P1,1,1,YF,-0.05649939179420471,0.5141210556030273,0.48587891459465027,0,YO
J10/J10_E014_C4_YF_S12_5A15.npy/P1,2,1,YF,-0.17822299897670746,0.5444381833076477,0.4555618166923523,0,YO
J10/J10_E014_C4_YF_S12_5A15.npy/P1,3,1,YF,0.155273899435997,0.4612593650817871,0.5387406349182129,1,YF
J10/J10_E014_C4_YF_S12_5A15.npy/P1,4,1,YF,-0.0052214115858078,0.501305341720581,0.49869462847709656,0,YO
J10/J10_E014_C4_YF_S12_5A15.npy/P2,0,1,YF,-0.24062815308570862,0.5598684549331665,0.4401315450668335,0,YO
J10/J10_E014_C4_YF_S12_5A15.npy/P2,1,1,YF,-0.14961199462413788,0.5373333692550659,0.4626666009426117,0,YO
J10/J10_E014_C4_YF_S12_5A15.npy/P2,2,1,YF,-0.18621012568473816,0.5464184880256653,0.4535815119743347,0,YO
J10/J10_E014_C4_YF_S12_5A15.npy/P2,3,1,YF,0.1400870531797409,0.46503543853759766,0.5349645614624023,1,YF
J10/J10_E014_C4_YF_S12_5A15.npy/P2,4,1,YF,-0.1853337585926056,0.5462012887001038,0.45379871129989624,0,YO
J10/J10_E015_C4_YO_S12_25A35.npy/P1,0,0,YO,-0.21733005344867706,0.5541197061538696,0.44588032364845276,0,YO
J10/J10_E015_C4_YO_S12_25A35.npy/P1,1,0,YO,-0.2581595480442047,0.5641838312149048,0.4358161687850952,0,YO
J10/J10_E015_C4_YO_S12_25A35.npy/P1,2,0,YO,-0.07685784250497818,0.5192049741744995,0.4807949960231781,0,YO
J10/J10_E015_C4_YO_S12_25A35.npy/P1,3,0,YO,-0.26572075486183167,0.5660420656204224,0.43395793437957764,0,YO
J10/J10_E015_C4_YO_S12_25A35.npy/P1,4,0,YO,0.12893785536289215,0.46781009435653687,0.5321899056434631,1,YF
J10/J10_E015_C4_YO_S12_25A35.npy/P2,0,0,YO,0.15716330707073212,0.46078985929489136,0.5392101407051086,1,YF
J10/J10_E015_C4_YO_S12_25A35.npy/P2,1,0,YO,0.230063334107399,0.44273650646209717,0.5572634935379028,1,YF
J10/J10_E015_C4_YO_S12_25A35.npy/P2,2,0,YO,0.1499965637922287,0.4625709652900696,0.5374290347099304,1,YF
J10/J10_E015_C4_YO_S12_25A35.npy/P2,3,0,YO,0.1669871062040329,0.45834994316101074,0.5416500568389893,1,YF
J10/J10_E015_C4_YO_S12_25A35.npy/P2,4,0,YO,-0.13232263922691345,0.5330325365066528,0.46696749329566956,0,YO
J10/J10_E016_C3_YF_S11_5A15.npy/P1,0,1,YF,-0.31544411182403564,0.5782135725021362,0.42178645730018616,0,YO
J10/J10_E016_C3_YF_S11_5A15.npy/P1,1,1,YF,0.09661151468753815,0.47586590051651,0.52413409948349,1,YF
J10/J10_E016_C3_YF_S11_5A15.npy/P1,2,1,YF,0.441012978553772,0.3914996385574341,0.6085003614425659,1,YF
J10/J10_E016_C3_YF_S11_5A15.npy/P1,3,1,YF,0.16179092228412628,0.4596402645111084,0.5403597354888916,1,YF
J10/J10_E016_C3_YF_S11_5A15.npy/P1,4,1,YF,0.4256237745285034,0.39517176151275635,0.6048282384872437,1,YF
J10/J10_E016_C3_YF_S11_5A15.npy/P2,0,1,YF,0.3164623975753784,0.4215381145477295,0.5784618854522705,1,YF
J10/J10_E016_C3_YF_S11_5A15.npy/P2,1,1,YF,-0.3353840708732605,0.58306884765625,0.4169311821460724,0,YO
J10/J10_E016_C3_YF_S11_5A15.npy/P2,2,1,YF,0.19791747629642487,0.45068150758743286,0.5493184924125671,1,YF
J10/J10_E016_C3_YF_S11_5A15.npy/P2,3,1,YF,-0.13486793637275696,0.5336659550666809,0.4663340449333191,0,YO
J10/J10_E016_C3_YF_S11_5A15.npy/P2,4,1,YF,-0.025726936757564545,0.5064313411712646,0.49356865882873535,0,YO
J10/J10_E017_C3_YO_S11_25A35.npy/P1,0,0,YO,0.1624048352241516,0.45948779582977295,0.540512204170227,1,YF
J10/J10_E017_C3_YO_S11_25A35.npy/P1,1,0,YO,-0.28624022006988525,0.571075439453125,0.428924560546875,0,YO
J10/J10_E017_C3_YO_S11_25A35.npy/P1,2,0,YO,-0.020727574825286865,0.5051816701889038,0.4948183000087738,0,YO
J10/J10_E017_C3_YO_S11_25A35.npy/P1,3,0,YO,0.23480473458766937,0.441567063331604,0.558432936668396,1,YF
J10/J10_E017_C3_YO_S11_25A35.npy/P1,4,0,YO,0.02113485336303711,0.49471646547317505,0.505283534526825,1,YF
J10/J10_E017_C3_YO_S11_25A35.npy/P2,0,0,YO,-0.09893310070037842,0.5247131586074829,0.4752868711948395,0,YO
J10/J10_E017_C3_YO_S11_25A35.npy/P2,1,0,YO,0.18706293404102325,0.4533701539039612,0.5466298460960388,1,YF
J10/J10_E017_C3_YO_S11_25A35.npy/P2,2,0,YO,0.4145774841308594,0.3978149890899658,0.6021850109100342,1,YF
J10/J10_E017_C3_YO_S11_25A35.npy/P2,3,0,YO,0.20327480137348175,0.4493556022644043,0.5506443977355957,1,YF
J10/J10_E017_C3_YO_S11_25A35.npy/P2,4,0,YO,0.009830951690673828,0.49754226207733154,0.5024577379226685,1,YF
J10/J10_E018_C3_YF_S11_5A15.npy/P1,0,1,YF,-0.36271607875823975,0.5896977186203003,0.4103022515773773,0,YO
J10/J10_E018_C3_YF_S11_5A15.npy/P1,1,1,YF,0.27386415004730225,0.4319586753845215,0.5680413246154785,1,YF
J10/J10_E018_C3_YF_S11_5A15.npy/P1,2,1,YF,0.280823290348053,0.43025195598602295,0.569748044013977,1,YF
J10/J10_E018_C3_YF_S11_5A15.npy/P1,3,1,YF,0.21971027553081512,0.44529229402542114,0.5547077059745789,1,YF
J10/J10_E018_C3_YF_S11_5A15.npy/P1,4,1,YF,0.2349499613046646,0.441531240940094,0.558468759059906,1,YF
J10/J10_E018_C3_YF_S11_5A15.npy/P2,0,1,YF,0.0666201263666153,0.48335111141204834,0.5166488885879517,1,YF
J10/J10_E018_C3_YF_S11_5A15.npy/P2,1,1,YF,-0.11060507595539093,0.5276230573654175,0.47237691283226013,0,YO
J10/J10_E018_C3_YF_S11_5A15.npy/P2,2,1,YF,0.1643238216638565,0.4590112566947937,0.5409887433052063,1,YF
J10/J10_E018_C3_YF_S11_5A15.npy/P2,3,1,YF,0.10772167146205902,0.4730955958366394,0.5269044041633606,1,YF
J10/J10_E018_C3_YF_S11_5A15.npy/P2,4,1,YF,-0.09470316022634506,0.523658037185669,0.47634193301200867,0,YO
J10/J10_E019_C3_YO_S11_25A35.npy/P1,0,0,YO,0.06476984918117523,0.48381322622299194,0.5161867737770081,1,YF
J10/J10_E019_C3_YO_S11_25A35.npy/P1,1,0,YO,-0.12275483459234238,0.53065025806427,0.46934977173805237,0,YO
J10/J10_E019_C3_YO_S11_25A35.npy/P1,2,0,YO,-0.14322631061077118,0.5357455015182495,0.4642544984817505,0,YO
J10/J10_E019_C3_YO_S11_25A35.npy/P1,3,0,YO,0.045307427644729614,0.488675057888031,0.511324942111969,1,YF
J10/J10_E019_C3_YO_S11_25A35.npy/P1,4,0,YO,-0.3180667757987976,0.5788530111312866,0.421146959066391,0,YO
J10/J10_E019_C3_YO_S11_25A35.npy/P2,0,0,YO,-0.11405004560947418,0.5284816026687622,0.4715183675289154,0,YO
J10/J10_E019_C3_YO_S11_25A35.npy/P2,1,0,YO,-0.14830845594406128,0.5370092988014221,0.4629907011985779,0,YO
J10/J10_E019_C3_YO_S11_25A35.npy/P2,2,0,YO,-0.25571224093437195,0.5635819435119629,0.4364180266857147,0,YO
J10/J10_E019_C3_YO_S11_25A35.npy/P2,3,0,YO,-0.03253784030675888,0.5081337690353394,0.49186626076698303,0,YO
J10/J10_E019_C3_YO_S11_25A35.npy/P2,4,0,YO,0.1205509603023529,0.46989870071411133,0.5301012992858887,1,YF
J10/J10_E020_C3_YF_S11_5A15.npy/P1,0,1,YF,0.031846195459365845,0.49203914403915405,0.507960855960846,1,YF
J10/J10_E020_C3_YF_S11_5A15.npy/P1,1,1,YF,0.07896433770656586,0.4802691340446472,0.5197308659553528,1,YF
J10/J10_E020_C3_YF_S11_5A15.npy/P1,2,1,YF,0.3101615309715271,0.4230753183364868,0.5769246816635132,1,YF
J10/J10_E020_C3_YF_S11_5A15.npy/P1,3,1,YF,0.03288647532463074,0.491779088973999,0.508220911026001,1,YF
J10/J10_E020_C3_YF_S11_5A15.npy/P1,4,1,YF,0.14637607336044312,0.4634711742401123,0.5365288257598877,1,YF
J10/J10_E020_C3_YF_S11_5A15.npy/P2,0,1,YF,-0.2556192874908447,0.5635591745376587,0.4364408552646637,0,YO
J10/J10_E020_C3_YF_S11_5A15.npy/P2,1,1,YF,0.007835276424884796,0.49804121255874634,0.5019587874412537,1,YF
J10/J10_E020_C3_YF_S11_5A15.npy/P2,2,1,YF,0.037895962595939636,0.4905271530151367,0.5094728469848633,1,YF
J10/J10_E020_C3_YF_S11_5A15.npy/P2,3,1,YF,-0.12175152450799942,0.530400276184082,0.46959972381591797,0,YO
J10/J10_E020_C3_YF_S11_5A15.npy/P2,4,1,YF,0.018186375498771667,0.49545353651046753,0.5045464634895325,1,YF
J10/J10_E021_C3_YO_S11_25A35.npy/P1,0,0,YO,0.22114969789981842,0.4449368119239807,0.5550631880760193,1,YF
J10/J10_E021_C3_YO_S11_25A35.npy/P1,1,0,YO,0.2550531029701233,0.43658018112182617,0.5634198188781738,1,YF
J10/J10_E021_C3_YO_S11_25A35.npy/P1,2,0,YO,0.24252386391162872,0.43966448307037354,0.5603355169296265,1,YF
J10/J10_E021_C3_YO_S11_25A35.npy/P1,3,0,YO,0.343855082988739,0.41487330198287964,0.5851266980171204,1,YF
J10/J10_E021_C3_YO_S11_25A35.npy/P1,4,0,YO,0.11704453825950623,0.47077226638793945,0.5292277336120605,1,YF
J10/J10_E021_C3_YO_S11_25A35.npy/P2,0,0,YO,0.38298356533050537,0.40540748834609985,0.5945925116539001,1,YF
J10/J10_E021_C3_YO_S11_25A35.npy/P2,1,0,YO,-0.41854327917099,0.6031346321105957,0.3968653976917267,0,YO
J10/J10_E021_C3_YO_S11_25A35.npy/P2,2,0,YO,0.5348989367485046,0.36937499046325684,0.6306250095367432,1,YF
J10/J10_E021_C3_YO_S11_25A35.npy/P2,3,0,YO,-0.005092240869998932,0.5012730360031128,0.4987269341945648,0,YO
J10/J10_E021_C3_YO_S11_25A35.npy/P2,4,0,YO,-0.25319135189056396,0.5629618167877197,0.4370381534099579,0,YO
J10/J10_E022_C3_YF_S11_5A15.npy/P1,0,1,YF,0.07206453382968903,0.48199164867401123,0.5180083513259888,1,YF
J10/J10_E022_C3_YF_S11_5A15.npy/P1,1,1,YF,0.09425489604473114,0.4764537215232849,0.5235462784767151,1,YF
J10/J10_E022_C3_YF_S11_5A15.npy/P1,2,1,YF,-0.184642493724823,0.5460299253463745,0.4539700746536255,0,YO
J10/J10_E022_C3_YF_S11_5A15.npy/P1,3,1,YF,-0.001161232590675354,0.5002903342247009,0.4997096657752991,0,YO
J10/J10_E022_C3_YF_S11_5A15.npy/P1,4,1,YF,0.09230206906795502,0.4769408702850342,0.5230591297149658,1,YF
J10/J10_E022_C3_YF_S11_5A15.npy/P2,0,1,YF,0.2763099670410156,0.4313586950302124,0.5686413049697876,1,YF
J10/J10_E022_C3_YF_S11_5A15.npy/P2,1,1,YF,-0.14306733012199402,0.5357059836387634,0.4642940163612366,0,YO
J10/J10_E022_C3_YF_S11_5A15.npy/P2,2,1,YF,-0.013252615928649902,0.5033131241798401,0.4966868758201599,0,YO
J10/J10_E022_C3_YF_S11_5A15.npy/P2,3,1,YF,0.16821543872356415,0.45804500579833984,0.5419549942016602,1,YF
J10/J10_E022_C3_YF_S11_5A15.npy/P2,4,1,YF,0.10614815354347229,0.47348785400390625,0.5265121459960938,1,YF
J10/J10_E023_C3_YO_S11_25A35.npy/P1,0,0,YO,-0.1561259627342224,0.5389524102210999,0.46104758977890015,0,YO
J10/J10_E023_C3_YO_S11_25A35.npy/P1,1,0,YO,-0.2182888686656952,0.554356575012207,0.44564342498779297,0,YO
J10/J10_E023_C3_YO_S11_25A35.npy/P1,2,0,YO,-0.04733007401227951,0.5118303298950195,0.48816967010498047,0,YO
J10/J10_E023_C3_YO_S11_25A35.npy/P1,3,0,YO,-0.2239300161600113,0.555749773979187,0.4442502558231354,0,YO
J10/J10_E023_C3_YO_S11_25A35.npy/P1,4,0,YO,0.05425812304019928,0.4864388108253479,0.5135611891746521,1,YF
J10/J10_E023_C3_YO_S11_25A35.npy/P2,0,0,YO,0.4729298949241638,0.3839229941368103,0.6160770058631897,1,YF
J10/J10_E023_C3_YO_S11_25A35.npy/P2,1,0,YO,-0.39028745889663696,0.5963519215583801,0.4036480784416199,0,YO
J10/J10_E023_C3_YO_S11_25A35.npy/P2,2,0,YO,0.1838836818933487,0.4541581869125366,0.5458418130874634,1,YF
J10/J10_E023_C3_YO_S11_25A35.npy/P2,3,0,YO,0.14125610888004303,0.46474456787109375,0.5352554321289062,1,YF
J10/J10_E023_C3_YO_S11_25A35.npy/P2,4,0,YO,0.11104801297187805,0.4722664952278137,0.5277335047721863,1,YF
J10/J10_E024_C3_YF_S11_5A15.npy/P1,0,1,YF,-0.08967608213424683,0.5224039554595947,0.4775960147380829,0,YO
J10/J10_E024_C3_YF_S11_5A15.npy/P1,1,1,YF,-0.09539400041103363,0.5238304138183594,0.4761695861816406,0,YO
J10/J10_E024_C3_YF_S11_5A15.npy/P1,2,1,YF,0.024587728083133698,0.4938533902168274,0.5061466097831726,1,YF
J10/J10_E024_C3_YF_S11_5A15.npy/P1,3,1,YF,-0.6585579514503479,0.6589363813400269,0.34106358885765076,0,YO
J10/J10_E024_C3_YF_S11_5A15.npy/P1,4,1,YF,0.25824201107025146,0.4357959032058716,0.5642040967941284,1,YF
J10/J10_E024_C3_YF_S11_5A15.npy/P2,0,1,YF,0.0069489553570747375,0.49826276302337646,0.5017372369766235,1,YF
J10/J10_E024_C3_YF_S11_5A15.npy/P2,1,1,YF,0.06036435067653656,0.48491352796554565,0.5150864720344543,1,YF
J10/J10_E024_C3_YF_S11_5A15.npy/P2,2,1,YF,0.1536208838224411,0.4616701602935791,0.5383298397064209,1,YF
J10/J10_E024_C3_YF_S11_5A15.npy/P2,3,1,YF,0.5925336480140686,0.35605376958847046,0.6439462304115295,1,YF
J10/J10_E024_C3_YF_S11_5A15.npy/P2,4,1,YF,0.06500247120857239,0.48375511169433594,0.5162448883056641,1,YF
J10/J10_E025_C3_YO_S11_25A35.npy/P1,0,0,YO,0.30940282344818115,0.42326050996780396,0.576739490032196,1,YF
J10/J10_E025_C3_YO_S11_25A35.npy/P1,1,0,YO,-0.06357696652412415,0.5158888697624207,0.48411113023757935,0,YO
J10/J10_E025_C3_YO_S11_25A35.npy/P1,2,0,YO,-0.495269238948822,0.6213469505310059,0.37865301966667175,0,YO
J10/J10_E025_C3_YO_S11_25A35.npy/P1,3,0,YO,-0.09713961184024811,0.5242657661437988,0.4757342040538788,0,YO
J10/J10_E025_C3_YO_S11_25A35.npy/P1,4,0,YO,0.18166111409664154,0.4547092318534851,0.5452907681465149,1,YF
J10/J10_E025_C3_YO_S11_25A35.npy/P2,0,0,YO,-0.3682510256767273,0.591036319732666,0.40896371006965637,0,YO
J10/J10_E025_C3_YO_S11_25A35.npy/P2,1,0,YO,0.13778264820575714,0.46560871601104736,0.5343912839889526,1,YF
J10/J10_E025_C3_YO_S11_25A35.npy/P2,2,0,YO,-0.11202456057071686,0.5279768705368042,0.4720231294631958,0,YO
J10/J10_E025_C3_YO_S11_25A35.npy/P2,3,0,YO,0.0185747891664505,0.4953564405441284,0.5046435594558716,1,YF
J10/J10_E025_C3_YO_S11_25A35.npy/P2,4,0,YO,0.07208584249019623,0.4819863438606262,0.5180136561393738,1,YF
J10/J10_E026_C3_YF_S11_5A15.npy/P1,0,1,YF,0.421756386756897,0.39609652757644653,0.6039034724235535,1,YF
J10/J10_E026_C3_YF_S11_5A15.npy/P1,1,1,YF,-0.05194101482629776,0.5129823684692383,0.4870176315307617,0,YO
J10/J10_E026_C3_YF_S11_5A15.npy/P1,2,1,YF,-0.08429121971130371,0.5210603475570679,0.47893965244293213,0,YO
J10/J10_E026_C3_YF_S11_5A15.npy/P1,3,1,YF,0.46243876218795776,0.38640743494033813,0.6135925650596619,1,YF
J10/J10_E026_C3_YF_S11_5A15.npy/P1,4,1,YF,0.09255336225032806,0.47687816619873047,0.5231218338012695,1,YF
J10/J10_E026_C3_YF_S11_5A15.npy/P2,0,1,YF,0.05098601430654526,0.4872562885284424,0.5127437114715576,1,YF
J10/J10_E026_C3_YF_S11_5A15.npy/P2,1,1,YF,0.1703464388847351,0.457516074180603,0.542483925819397,1,YF
J10/J10_E026_C3_YF_S11_5A15.npy/P2,2,1,YF,0.14662815630435944,0.4634084701538086,0.5365915298461914,1,YF
J10/J10_E026_C3_YF_S11_5A15.npy/P2,3,1,YF,0.22556908428668976,0.44384562969207764,0.5561543703079224,1,YF
J10/J10_E026_C3_YF_S11_5A15.npy/P2,4,1,YF,0.053739771246910095,0.48656827211380005,0.5134317278862,1,YF
J10/J10_E027_C3_YO_S11_25A35.npy/P1,0,0,YO,0.03168804943561554,0.49207866191864014,0.5079213380813599,1,YF
J10/J10_E027_C3_YO_S11_25A35.npy/P1,1,0,YO,-0.2378748506307602,0.5591898560523987,0.4408101439476013,0,YO
J10/J10_E027_C3_YO_S11_25A35.npy/P1,2,0,YO,0.11421903967857361,0.4714762568473816,0.5285237431526184,1,YF
J10/J10_E027_C3_YO_S11_25A35.npy/P1,3,0,YO,-0.013679452240467072,0.503419816493988,0.49658018350601196,0,YO
J10/J10_E027_C3_YO_S11_25A35.npy/P1,4,0,YO,0.35181158781051636,0.41294318437576294,0.5870568156242371,1,YF
J10/J10_E027_C3_YO_S11_25A35.npy/P2,0,0,YO,0.23584474623203278,0.4413106441497803,0.5586893558502197,1,YF
J10/J10_E027_C3_YO_S11_25A35.npy/P2,1,0,YO,-0.10917095839977264,0.5272656679153442,0.4727343022823334,0,YO
J10/J10_E027_C3_YO_S11_25A35.npy/P2,2,0,YO,-0.11956465244293213,0.5298556089401245,0.4701444208621979,0,YO
J10/J10_E027_C3_YO_S11_25A35.npy/P2,3,0,YO,0.033561885356903076,0.4916102886199951,0.5083897113800049,1,YF
J10/J10_E027_C3_YO_S11_25A35.npy/P2,4,0,YO,0.037289656698703766,0.49067866802215576,0.5093213319778442,1,YF
J10/J10_E028_C5_YF_S1_5A15.npy/P1,0,1,YF,0.030314847826957703,0.49242186546325684,0.5075781345367432,1,YF
J10/J10_E028_C5_YF_S1_5A15.npy/P1,1,1,YF,-0.14556655287742615,0.5363274812698364,0.4636724889278412,0,YO
J10/J10_E028_C5_YF_S1_5A15.npy/P1,2,1,YF,-0.08722508698701859,0.5217924118041992,0.4782075583934784,0,YO
J10/J10_E028_C5_YF_S1_5A15.npy/P1,3,1,YF,0.2161075323820114,0.4461824297904968,0.5538175702095032,1,YF
J10/J10_E028_C5_YF_S1_5A15.npy/P1,4,1,YF,0.05378164350986481,0.48655784130096436,0.5134421586990356,1,YF
J10/J10_E028_C5_YF_S1_5A15.npy/P2,0,1,YF,0.12057836353778839,0.46989190578460693,0.5301080942153931,1,YF
J10/J10_E028_C5_YF_S1_5A15.npy/P2,1,1,YF,0.09278257191181183,0.47682100534439087,0.5231789946556091,1,YF
J10/J10_E028_C5_YF_S1_5A15.npy/P2,2,1,YF,0.31254589557647705,0.42249345779418945,0.5775065422058105,1,YF
J10/J10_E028_C5_YF_S1_5A15.npy/P2,3,1,YF,0.006179347634315491,0.4984551668167114,0.5015448331832886,1,YF
J10/J10_E028_C5_YF_S1_5A15.npy/P2,4,1,YF,-0.5819386839866638,0.6415134072303772,0.3584865927696228,0,YO
J10/J10_E029_C5_YO_S1_25A35.npy/P1,0,0,YO,-0.5638221502304077,0.6373364925384521,0.36266353726387024,0,YO
J10/J10_E029_C5_YO_S1_25A35.npy/P1,1,0,YO,0.08745633065700531,0.4781498312950134,0.5218501687049866,1,YF
J10/J10_E029_C5_YO_S1_25A35.npy/P1,2,0,YO,-0.2977851331233978,0.5739009380340576,0.42609903216362,0,YO
J10/J10_E029_C5_YO_S1_25A35.npy/P1,3,0,YO,-0.05004589259624481,0.5125088691711426,0.4874911308288574,0,YO
J10/J10_E029_C5_YO_S1_25A35.npy/P1,4,0,YO,0.029005199670791626,0.4927492141723633,0.5072507858276367,1,YF
J10/J10_E029_C5_YO_S1_25A35.npy/P2,0,0,YO,-0.016514167189598083,0.5041284561157227,0.49587157368659973,0,YO
J10/J10_E029_C5_YO_S1_25A35.npy/P2,1,0,YO,-0.23168055713176727,0.5576624274253845,0.4423375725746155,0,YO
J10/J10_E029_C5_YO_S1_25A35.npy/P2,2,0,YO,0.16051708161830902,0.45995664596557617,0.5400433540344238,1,YF
J10/J10_E029_C5_YO_S1_25A35.npy/P2,3,0,YO,0.0867592990398407,0.478323757648468,0.521676242351532,1,YF
J10/J10_E029_C5_YO_S1_25A35.npy/P2,4,0,YO,0.1733708381652832,0.4567655324935913,0.5432344675064087,1,YF
J10/J10_E030_C5_YF_S1_5A15.npy/P1,0,1,YF,-0.4812746047973633,0.6180487871170044,0.3819512128829956,0,YO
J10/J10_E030_C5_YF_S1_5A15.npy/P1,1,1,YF,0.4346737861633301,0.39301085472106934,0.6069891452789307,1,YF
J10/J10_E030_C5_YF_S1_5A15.npy/P1,2,1,YF,0.32647329568862915,0.41909897327423096,0.580901026725769,1,YF
J10/J10_E030_C5_YF_S1_5A15.npy/P1,3,1,YF,-0.15030889213085175,0.5375066995620728,0.46249333024024963,0,YO
J10/J10_E030_C5_YF_S1_5A15.npy/P1,4,1,YF,0.10400865972042084,0.4740212559700012,0.5259787440299988,1,YF
J10/J10_E030_C5_YF_S1_5A15.npy/P2,0,1,YF,0.1844130903482437,0.4540269374847412,0.5459730625152588,1,YF
J10/J10_E030_C5_YF_S1_5A15.npy/P2,1,1,YF,0.1667007952928543,0.4584210515022278,0.5415789484977722,1,YF
J10/J10_E030_C5_YF_S1_5A15.npy/P2,2,1,YF,0.3818182349205017,0.40568840503692627,0.5943115949630737,1,YF
J10/J10_E030_C5_YF_S1_5A15.npy/P2,3,1,YF,0.13424856960773468,0.46648818254470825,0.5335118174552917,1,YF
J10/J10_E030_C5_YF_S1_5A15.npy/P2,4,1,YF,0.1140792965888977,0.4715110659599304,0.5284889340400696,1,YF
J10/J10_E031_C5_YO_S1_25A35.npy/P1,0,0,YO,-0.11130895465612411,0.5277985334396362,0.47220146656036377,0,YO
J10/J10_E031_C5_YO_S1_25A35.npy/P1,1,0,YO,0.03270334005355835,0.4918249249458313,0.5081750750541687,1,YF
J10/J10_E031_C5_YO_S1_25A35.npy/P1,2,0,YO,-0.681484043598175,0.6640698313713074,0.3359301686286926,0,YO
J10/J10_E031_C5_YO_S1_25A35.npy/P1,3,0,YO,0.20339907705783844,0.4493247866630554,0.5506752133369446,1,YF
J10/J10_E031_C5_YO_S1_25A35.npy/P1,4,0,YO,-0.1778573989868164,0.5443475246429443,0.45565250515937805,0,YO
J10/J10_E031_C5_YO_S1_25A35.npy/P2,0,0,YO,-0.3345741033554077,0.5828719139099121,0.4171281158924103,0,YO
J10/J10_E031_C5_YO_S1_25A35.npy/P2,1,0,YO,0.3114131689071655,0.42276984453201294,0.5772301554679871,1,YF
J10/J10_E031_C5_YO_S1_25A35.npy/P2,2,0,YO,-0.05446958541870117,0.5136139988899231,0.4863860011100769,0,YO
J10/J10_E031_C5_YO_S1_25A35.npy/P2,3,0,YO,-0.03620658814907074,0.5090506076812744,0.4909493625164032,0,YO
J10/J10_E031_C5_YO_S1_25A35.npy/P2,4,0,YO,-0.5632212162017822,0.6371975541114807,0.3628024458885193,0,YO
J10/J10_E032_C5_YF_S1_5A15.npy/P1,0,1,YF,0.1701299101114273,0.45756983757019043,0.5424301624298096,1,YF
J10/J10_E032_C5_YF_S1_5A15.npy/P1,1,1,YF,0.2211652249097824,0.4449329972267151,0.5550670027732849,1,YF
J10/J10_E032_C5_YF_S1_5A15.npy/P1,2,1,YF,-0.11461459845304489,0.5286223292350769,0.4713776707649231,0,YO
J10/J10_E032_C5_YF_S1_5A15.npy/P1,3,1,YF,-0.1374104768037796,0.5342986583709717,0.4657013714313507,0,YO
J10/J10_E032_C5_YF_S1_5A15.npy/P1,4,1,YF,-0.040075503289699554,0.5100175142288208,0.4899824857711792,0,YO
J10/J10_E032_C5_YF_S1_5A15.npy/P2,0,1,YF,-0.2419600784778595,0.5601966381072998,0.4398033618927002,0,YO
J10/J10_E032_C5_YF_S1_5A15.npy/P2,1,1,YF,0.16516751050949097,0.4588017463684082,0.5411982536315918,1,YF
J10/J10_E032_C5_YF_S1_5A15.npy/P2,2,1,YF,0.3525683879852295,0.4127597212791443,0.5872402787208557,1,YF
J10/J10_E032_C5_YF_S1_5A15.npy/P2,3,1,YF,0.01659870147705078,0.4958503842353821,0.5041496157646179,1,YF
J10/J10_E032_C5_YF_S1_5A15.npy/P2,4,1,YF,0.33064937591552734,0.418082594871521,0.581917405128479,1,YF
J10/J10_E033_C5_YO_S1_25A35.npy/P1,0,0,YO,0.06138987839221954,0.484657347202301,0.515342652797699,1,YF
J10/J10_E033_C5_YO_S1_25A35.npy/P1,1,0,YO,0.34316521883010864,0.4150407910346985,0.5849592089653015,1,YF
J10/J10_E033_C5_YO_S1_25A35.npy/P1,2,0,YO,0.5486997961997986,0.3661661148071289,0.6338338851928711,1,YF
J10/J10_E033_C5_YO_S1_25A35.npy/P1,3,0,YO,-0.12999144196510315,0.5324522256851196,0.46754780411720276,0,YO
J10/J10_E033_C5_YO_S1_25A35.npy/P1,4,0,YO,0.3821621537208557,0.4056054949760437,0.5943945050239563,1,YF
J10/J10_E033_C5_YO_S1_25A35.npy/P2,0,0,YO,-0.13182701170444489,0.532909095287323,0.467090904712677,0,YO
J10/J10_E033_C5_YO_S1_25A35.npy/P2,1,0,YO,-0.17619726061820984,0.5439356565475464,0.4560643136501312,0,YO
J10/J10_E033_C5_YO_S1_25A35.npy/P2,2,0,YO,0.06430335342884064,0.48392969369888306,0.5160703063011169,1,YF
J10/J10_E033_C5_YO_S1_25A35.npy/P2,3,0,YO,-0.0012367963790893555,0.5003092288970947,0.4996907711029053,0,YO
J10/J10_E033_C5_YO_S1_25A35.npy/P2,4,0,YO,-0.017058085650205612,0.5042643547058105,0.49573561549186707,0,YO
J10/J10_E034_C5_YF_S2_5A15.npy/P1,0,1,YF,0.02833617478609085,0.49291640520095825,0.5070835947990417,1,YF
J10/J10_E034_C5_YF_S2_5A15.npy/P1,1,1,YF,-0.07253821194171906,0.5181266069412231,0.48187339305877686,0,YO
J10/J10_E034_C5_YF_S2_5A15.npy/P1,2,1,YF,0.06580124795436859,0.4835556149482727,0.5164443850517273,1,YF
J10/J10_E034_C5_YF_S2_5A15.npy/P1,3,1,YF,-0.0022369399666786194,0.5005592107772827,0.4994407594203949,0,YO
J10/J10_E034_C5_YF_S2_5A15.npy/P1,4,1,YF,0.21632267534732819,0.4461292624473572,0.5538707375526428,1,YF
J10/J10_E034_C5_YF_S2_5A15.npy/P2,0,1,YF,0.2592180371284485,0.43555599451065063,0.5644440054893494,1,YF
J10/J10_E034_C5_YF_S2_5A15.npy/P2,1,1,YF,0.13847890496253967,0.4654355049133301,0.5345644950866699,1,YF
J10/J10_E034_C5_YF_S2_5A15.npy/P2,2,1,YF,0.40727490186691284,0.39956575632095337,0.6004342436790466,1,YF
J10/J10_E034_C5_YF_S2_5A15.npy/P2,3,1,YF,0.2684372663497925,0.4332907795906067,0.5667092204093933,1,YF
J10/J10_E034_C5_YF_S2_5A15.npy/P2,4,1,YF,0.11860391497612,0.4703837037086487,0.5296162962913513,1,YF
J10/J10_E035_C5_YO_S2_25A35.npy/P1,0,0,YO,0.13062892854213715,0.46738916635513306,0.5326108336448669,1,YF
J10/J10_E035_C5_YO_S2_25A35.npy/P1,1,0,YO,-0.1215178444981575,0.5303421020507812,0.46965786814689636,0,YO
J10/J10_E035_C5_YO_S2_25A35.npy/P1,2,0,YO,-0.11763327568769455,0.5293744802474976,0.47062551975250244,0,YO
J10/J10_E035_C5_YO_S2_25A35.npy/P1,3,0,YO,-0.021079368889331818,0.5052696466445923,0.4947303235530853,0,YO
J10/J10_E035_C5_YO_S2_25A35.npy/P1,4,0,YO,-0.11505983769893646,0.5287332534790039,0.4712667167186737,0,YO
J10/J10_E035_C5_YO_S2_25A35.npy/P2,0,0,YO,-0.14572443068027496,0.5363667607307434,0.4636332392692566,0,YO
J10/J10_E035_C5_YO_S2_25A35.npy/P2,1,0,YO,0.002673521637916565,0.49933165311813354,0.5006683468818665,1,YF
J10/J10_E035_C5_YO_S2_25A35.npy/P2,2,0,YO,-0.6832141280174255,0.6644556522369385,0.33554431796073914,0,YO
J10/J10_E035_C5_YO_S2_25A35.npy/P2,3,0,YO,-0.049020908772945404,0.5122528076171875,0.4877471923828125,0,YO
J10/J10_E035_C5_YO_S2_25A35.npy/P2,4,0,YO,-0.017316825687885284,0.5043290853500366,0.49567094445228577,0,YO
J10/J10_E036_C5_YF_S2_5A15.npy/P1,0,1,YF,0.0825517326593399,0.4793737530708313,0.5206262469291687,1,YF
J10/J10_E036_C5_YF_S2_5A15.npy/P1,1,1,YF,-0.05405865237116814,0.5135114192962646,0.48648861050605774,0,YO
J10/J10_E036_C5_YF_S2_5A15.npy/P1,2,1,YF,0.17743165791034698,0.45575809478759766,0.5442419052124023,1,YF
J10/J10_E036_C5_YF_S2_5A15.npy/P1,3,1,YF,-0.016814321279525757,0.5042034387588501,0.4957965612411499,0,YO
J10/J10_E036_C5_YF_S2_5A15.npy/P1,4,1,YF,0.07792395353317261,0.4805288314819336,0.5194711685180664,1,YF
J10/J10_E036_C5_YF_S2_5A15.npy/P2,0,1,YF,-0.1248566061258316,0.5311737060546875,0.4688263237476349,0,YO
J10/J10_E036_C5_YF_S2_5A15.npy/P2,1,1,YF,0.18924181163311005,0.4528302550315857,0.5471697449684143,1,YF
J10/J10_E036_C5_YF_S2_5A15.npy/P2,2,1,YF,-0.3685259222984314,0.5911027193069458,0.4088972806930542,0,YO
J10/J10_E036_C5_YF_S2_5A15.npy/P2,3,1,YF,0.23458589613437653,0.44162100553512573,0.5583789944648743,1,YF
J10/J10_E036_C5_YF_S2_5A15.npy/P2,4,1,YF,-0.020962417125701904,0.5052404403686523,0.49475955963134766,0,YO
J10/J10_E037_C5_YO_S2_25A35.npy/P1,0,0,YO,-0.027494139969348907,0.5068731307983398,0.49312686920166016,0,YO
J10/J10_E037_C5_YO_S2_25A35.npy/P1,1,0,YO,-0.09998886287212372,0.524976372718811,0.4750235974788666,0,YO
J10/J10_E037_C5_YO_S2_25A35.npy/P1,2,0,YO,-0.13786493241786957,0.5344117283821106,0.4655882716178894,0,YO
J10/J10_E037_C5_YO_S2_25A35.npy/P1,3,0,YO,-0.0627308264374733,0.5156775712966919,0.4843224287033081,0,YO
J10/J10_E037_C5_YO_S2_25A35.npy/P1,4,0,YO,0.04405100643634796,0.488988995552063,0.511011004447937,1,YF
J10/J10_E037_C5_YO_S2_25A35.npy/P2,0,0,YO,0.26987695693969727,0.43293726444244385,0.5670627355575562,1,YF
J10/J10_E037_C5_YO_S2_25A35.npy/P2,1,0,YO,-0.11732713133096695,0.5292981863021851,0.47070184350013733,0,YO
J10/J10_E037_C5_YO_S2_25A35.npy/P2,2,0,YO,0.2526698708534241,0.4371665120124817,0.5628334879875183,1,YF
J10/J10_E037_C5_YO_S2_25A35.npy/P2,3,0,YO,0.10396154224872589,0.474032998085022,0.525967001914978,1,YF
J10/J10_E037_C5_YO_S2_25A35.npy/P2,4,0,YO,0.07730083167552948,0.48068439960479736,0.5193156003952026,1,YF
J10/J10_E038_C5_YF_S2_5A15.npy/P1,0,1,YF,0.4573131799697876,0.3876233696937561,0.6123766303062439,1,YF
J10/J10_E038_C5_YF_S2_5A15.npy/P1,1,1,YF,0.21175210177898407,0.4472588896751404,0.5527411103248596,1,YF
J10/J10_E038_C5_YF_S2_5A15.npy/P1,2,1,YF,0.4883968234062195,0.380271315574646,0.619728684425354,1,YF
J10/J10_E038_C5_YF_S2_5A15.npy/P1,3,1,YF,0.136502206325531,0.4659273028373718,0.5340726971626282,1,YF
J10/J10_E038_C5_YF_S2_5A15.npy/P1,4,1,YF,0.17136390507221222,0.4572635889053345,0.5427364110946655,1,YF
J10/J10_E038_C5_YF_S2_5A15.npy/P2,0,1,YF,0.1012357622385025,0.47471266984939575,0.5252873301506042,1,YF
J10/J10_E038_C5_YF_S2_5A15.npy/P2,1,1,YF,0.03829266130924225,0.49042797088623047,0.5095720291137695,1,YF
J10/J10_E038_C5_YF_S2_5A15.npy/P2,2,1,YF,0.0789264589548111,0.4802786111831665,0.5197213888168335,1,YF
J10/J10_E038_C5_YF_S2_5A15.npy/P2,3,1,YF,0.20696164667606354,0.4484434723854065,0.5515565276145935,1,YF
J10/J10_E038_C5_YF_S2_5A15.npy/P2,4,1,YF,0.09707625210285187,0.47575002908706665,0.5242499709129333,1,YF
J10/J10_E039_C5_YO_S2_25A35.npy/P1,0,0,YO,0.3133547306060791,0.42229610681533813,0.5777038931846619,1,YF
J10/J10_E039_C5_YO_S2_25A35.npy/P1,1,0,YO,0.11657321453094482,0.4708896279335022,0.5291103720664978,1,YF
J10/J10_E039_C5_YO_S2_25A35.npy/P1,2,0,YO,0.26114875078201294,0.4350813627243042,0.5649186372756958,1,YF
J10/J10_E039_C5_YO_S2_25A35.npy/P1,3,0,YO,0.07565997540950775,0.48109400272369385,0.5189059972763062,1,YF
J10/J10_E039_C5_YO_S2_25A35.npy/P1,4,0,YO,0.3128344416618347,0.42242300510406494,0.5775769948959351,1,YF
J10/J10_E039_C5_YO_S2_25A35.npy/P2,0,0,YO,-0.15082745254039764,0.5376355648040771,0.46236446499824524,0,YO
J10/J10_E039_C5_YO_S2_25A35.npy/P2,1,0,YO,-0.18196913599967957,0.5453672409057617,0.45463278889656067,0,YO
J10/J10_E039_C5_YO_S2_25A35.npy/P2,2,0,YO,0.5221443176269531,0.37235093116760254,0.6276490688323975,1,YF
J10/J10_E039_C5_YO_S2_25A35.npy/P2,3,0,YO,-0.048396363854408264,0.5120967030525208,0.48790329694747925,0,YO
J10/J10_E039_C5_YO_S2_25A35.npy/P2,4,0,YO,-0.46520674228668213,0.6142486333847046,0.3857513666152954,0,YO
J10/J10_E040_C2_YO_S7_5A15.npy/P1,0,0,YO,-0.24647678434848785,0.5613090991973877,0.4386908710002899,0,YO
J10/J10_E040_C2_YO_S7_5A15.npy/P1,1,0,YO,-0.1356496959924698,0.5338605046272278,0.4661394953727722,0,YO
J10/J10_E040_C2_YO_S7_5A15.npy/P1,2,0,YO,-0.034558240324258804,0.5086387395858765,0.49136126041412354,0,YO
J10/J10_E040_C2_YO_S7_5A15.npy/P1,3,0,YO,0.09975843131542206,0.47508102655410767,0.5249189734458923,1,YF
J10/J10_E040_C2_YO_S7_5A15.npy/P1,4,0,YO,0.05026038736104965,0.48743754625320435,0.5125624537467957,1,YF
J10/J10_E040_C2_YO_S7_5A15.npy/P2,0,0,YO,0.1930578500032425,0.4518848657608032,0.5481151342391968,1,YF
J10/J10_E040_C2_YO_S7_5A15.npy/P2,1,0,YO,-0.06341246515512466,0.5158478617668152,0.4841521382331848,0,YO
J10/J10_E040_C2_YO_S7_5A15.npy/P2,2,0,YO,0.09986501932144165,0.4750545024871826,0.5249454975128174,1,YF
J10/J10_E040_C2_YO_S7_5A15.npy/P2,3,0,YO,-0.14693914353847504,0.5366688370704651,0.4633311629295349,0,YO
J10/J10_E040_C2_YO_S7_5A15.npy/P2,4,0,YO,0.32721012830734253,0.4189196228981018,0.5810803771018982,1,YF
J10/J10_E041_C2_YO_S7_25A35.npy/P1,0,0,YO,0.07575021684169769,0.48107147216796875,0.5189285278320312,1,YF
J10/J10_E041_C2_YO_S7_25A35.npy/P1,1,0,YO,0.2390817552804947,0.44051259756088257,0.5594874024391174,1,YF
J10/J10_E041_C2_YO_S7_25A35.npy/P1,2,0,YO,-0.20739302039146423,0.5516632199287415,0.44833678007125854,0,YO
J10/J10_E041_C2_YO_S7_25A35.npy/P1,3,0,YO,0.04620674252510071,0.4884503483772278,0.5115496516227722,1,YF
J10/J10_E041_C2_YO_S7_25A35.npy/P1,4,0,YO,-0.24049495160579681,0.55983567237854,0.44016432762145996,0,YO
J10/J10_E041_C2_YO_S7_25A35.npy/P2,0,0,YO,-0.00580964982509613,0.5014523863792419,0.49854761362075806,0,YO
J10/J10_E041_C2_YO_S7_25A35.npy/P2,1,0,YO,-0.14081040024757385,0.535144567489624,0.464855432510376,0,YO
J10/J10_E041_C2_YO_S7_25A35.npy/P2,2,0,YO,0.04995747655630112,0.4875132441520691,0.5124867558479309,1,YF
J10/J10_E041_C2_YO_S7_25A35.npy/P2,3,0,YO,0.16734297573566437,0.4582616090774536,0.5417383909225464,1,YF
J10/J10_E041_C2_YO_S7_25A35.npy/P2,4,0,YO,0.26929396390914917,0.43308043479919434,0.5669195652008057,1,YF
J10/J10_E042_C1_YF_S6_5A15.npy/P1,0,1,YF,0.07040898501873016,0.48240500688552856,0.5175949931144714,1,YF
J10/J10_E042_C1_YF_S6_5A15.npy/P1,1,1,YF,0.24149386584758759,0.4399182200431824,0.5600817799568176,1,YF
J10/J10_E042_C1_YF_S6_5A15.npy/P1,2,1,YF,0.2171878069639206,0.44591546058654785,0.5540845394134521,1,YF
J10/J10_E042_C1_YF_S6_5A15.npy/P1,3,1,YF,0.0367489829659462,0.4908137917518616,0.5091862082481384,1,YF
J10/J10_E042_C1_YF_S6_5A15.npy/P1,4,1,YF,-0.1191321313381195,0.5297478437423706,0.4702521562576294,0,YO
J10/J10_E042_C1_YF_S6_5A15.npy/P2,0,1,YF,0.42998558282852173,0.39412975311279297,0.605870246887207,1,YF
J10/J10_E042_C1_YF_S6_5A15.npy/P2,1,1,YF,0.17114834487438202,0.457317054271698,0.542682945728302,1,YF
J10/J10_E042_C1_YF_S6_5A15.npy/P2,2,1,YF,0.10330019891262054,0.4741978645324707,0.5258021354675293,1,YF
J10/J10_E042_C1_YF_S6_5A15.npy/P2,3,1,YF,-0.12978167831897736,0.5324000120162964,0.467600017786026,0,YO
J10/J10_E042_C1_YF_S6_5A15.npy/P2,4,1,YF,0.12712876498699188,0.4682605266571045,0.5317394733428955,1,YF
J10/J10_E043_C1_YF_S6_25A35.npy/P1,0,1,YF,-0.035653114318847656,0.5089123249053955,0.4910876452922821,0,YO
J10/J10_E043_C1_YF_S6_25A35.npy/P1,1,1,YF,-0.029359500855207443,0.507339358329773,0.49266067147254944,0,YO
J10/J10_E043_C1_YF_S6_25A35.npy/P1,2,1,YF,-0.41455358266830444,0.602179229259491,0.39782077074050903,0,YO
J10/J10_E043_C1_YF_S6_25A35.npy/P1,3,1,YF,0.11878515779972076,0.4703385829925537,0.5296614170074463,1,YF
J10/J10_E043_C1_YF_S6_25A35.npy/P1,4,1,YF,-0.2537693381309509,0.5631040334701538,0.4368959367275238,0,YO
J10/J10_E043_C1_YF_S6_25A35.npy/P2,0,1,YF,0.24865101277828217,0.4381555914878845,0.5618444085121155,1,YF
J10/J10_E043_C1_YF_S6_25A35.npy/P2,1,1,YF,-0.09514296799898148,0.5237678289413452,0.4762321710586548,0,YO
J10/J10_E043_C1_YF_S6_25A35.npy/P2,2,1,YF,-0.3003292679786682,0.5745229721069336,0.4254770278930664,0,YO
J10/J10_E043_C1_YF_S6_25A35.npy/P2,3,1,YF,-0.002507515251636505,0.5006268620491028,0.4993731379508972,0,YO
J10/J10_E043_C1_YF_S6_25A35.npy/P2,4,1,YF,0.09033800661563873,0.47743088006973267,0.5225691199302673,1,YF
