display_name,field_name,value_text,source_url,extraction_method,confidence,collected_at
Georgios-Ak/EEGNet_Identification_Model,asc_32_status,non,rule://asc-32-channel-compatibility-v1,deterministic_compatibility_rule,faible,2026-08-20T17:44:55.669299+00:00
Georgios-Ak/EEGNet_Identification_Model,preprocessing,Batch normalization | 1. Bandpass filtering (1–40 Hz) | 2. Resampling to 160 Hz | 4. Channel name normalization,https://huggingface.co/Georgios-Ak/EEGNet_Identification_Model/resolve/83940949cb4b04ca05cbba3112990ad5f4f29273/README.md,readme_preprocessing_lines,faible,2026-08-20T17:44:55.669287+00:00
Georgios-Ak/EEGNet_Identification_Model,sampling_frequency,160.0,https://huggingface.co/Georgios-Ak/EEGNet_Identification_Model/resolve/83940949cb4b04ca05cbba3112990ad5f4f29273/README.md,readme_regex,faible,2026-08-20T17:44:55.669268+00:00
Kkuntal990/test-eegnet-braindecode,asc_32_status,à adapter,rule://asc-32-channel-compatibility-v1,deterministic_compatibility_rule,moyenne,2026-08-20T17:44:59.884787+00:00
Kkuntal990/test-eegnet-braindecode,channel_count,22,https://huggingface.co/Kkuntal990/test-eegnet-braindecode/resolve/cc39574a294667e939a1755a888564ab553ac74f/config.json,json:n_chans,forte,2026-08-20T17:44:59.884756+00:00
Kkuntal990/test-eegnet-braindecode,sampling_frequency,250.0,https://huggingface.co/Kkuntal990/test-eegnet-braindecode/resolve/cc39574a294667e939a1755a888564ab553ac74f/config.json,json:sfreq,forte,2026-08-20T17:44:59.884769+00:00
Kkuntal990/test-eegnet-braindecode,timepoints,1000,https://huggingface.co/Kkuntal990/test-eegnet-braindecode/resolve/cc39574a294667e939a1755a888564ab553ac74f/config.json,json:n_times,forte,2026-08-20T17:44:59.884778+00:00
Kkuntal990/test-eegnet-braindecode,window_duration,4.0,https://huggingface.co/Kkuntal990/test-eegnet-braindecode/resolve/cc39574a294667e939a1755a888564ab553ac74f/config.json,calculated:n_timepoints/sfreq,moyenne,2026-08-20T17:44:59.884741+00:00
PierreGtch/EEGNetv4/EEGNetv4_AlexMI,asc_32_status,à adapter,rule://asc-32-channel-compatibility-v1,deterministic_compatibility_rule,moyenne,2026-08-20T17:44:55.301161+00:00
PierreGtch/EEGNetv4/EEGNetv4_AlexMI,channel_count,3,https://huggingface.co/PierreGtch/EEGNetv4/resolve/33f06d333678bbdad928055aa1ff0544e8573fea/EEGNetv4_AlexMI/kwargs.pkl,pickletools:in_chans,forte,2026-08-20T17:44:55.301127+00:00
PierreGtch/EEGNetv4/EEGNetv4_AlexMI,timepoints,385,https://huggingface.co/PierreGtch/EEGNetv4/resolve/33f06d333678bbdad928055aa1ff0544e8573fea/EEGNetv4_AlexMI/kwargs.pkl,pickletools:input_window_samples,forte,2026-08-20T17:44:55.301147+00:00
PierreGtch/EEGNetv4/EEGNetv4_BNCI2014001,asc_32_status,à adapter,rule://asc-32-channel-compatibility-v1,deterministic_compatibility_rule,moyenne,2026-08-20T17:44:55.303979+00:00
PierreGtch/EEGNetv4/EEGNetv4_BNCI2014001,channel_count,3,https://huggingface.co/PierreGtch/EEGNetv4/resolve/33f06d333678bbdad928055aa1ff0544e8573fea/EEGNetv4_BNCI2014001/kwargs.pkl,pickletools:in_chans,forte,2026-08-20T17:44:55.303945+00:00
PierreGtch/EEGNetv4/EEGNetv4_BNCI2014001,timepoints,385,https://huggingface.co/PierreGtch/EEGNetv4/resolve/33f06d333678bbdad928055aa1ff0544e8573fea/EEGNetv4_BNCI2014001/kwargs.pkl,pickletools:input_window_samples,forte,2026-08-20T17:44:55.303965+00:00
PierreGtch/EEGNetv4/EEGNetv4_BNCI2014004,asc_32_status,à adapter,rule://asc-32-channel-compatibility-v1,deterministic_compatibility_rule,moyenne,2026-08-20T17:44:55.306722+00:00
PierreGtch/EEGNetv4/EEGNetv4_BNCI2014004,channel_count,3,https://huggingface.co/PierreGtch/EEGNetv4/resolve/33f06d333678bbdad928055aa1ff0544e8573fea/EEGNetv4_BNCI2014004/kwargs.pkl,pickletools:in_chans,forte,2026-08-20T17:44:55.306687+00:00
PierreGtch/EEGNetv4/EEGNetv4_BNCI2014004,timepoints,385,https://huggingface.co/PierreGtch/EEGNetv4/resolve/33f06d333678bbdad928055aa1ff0544e8573fea/EEGNetv4_BNCI2014004/kwargs.pkl,pickletools:input_window_samples,forte,2026-08-20T17:44:55.306707+00:00
PierreGtch/EEGNetv4/EEGNetv4_BNCI2015001,asc_32_status,à adapter,rule://asc-32-channel-compatibility-v1,deterministic_compatibility_rule,moyenne,2026-08-20T17:44:55.309988+00:00
PierreGtch/EEGNetv4/EEGNetv4_BNCI2015001,channel_count,3,https://huggingface.co/PierreGtch/EEGNetv4/resolve/33f06d333678bbdad928055aa1ff0544e8573fea/EEGNetv4_BNCI2015001/kwargs.pkl,pickletools:in_chans,forte,2026-08-20T17:44:55.309945+00:00
PierreGtch/EEGNetv4/EEGNetv4_BNCI2015001,timepoints,385,https://huggingface.co/PierreGtch/EEGNetv4/resolve/33f06d333678bbdad928055aa1ff0544e8573fea/EEGNetv4_BNCI2015001/kwargs.pkl,pickletools:input_window_samples,forte,2026-08-20T17:44:55.309971+00:00
PierreGtch/EEGNetv4/EEGNetv4_BNCI2015004,asc_32_status,à adapter,rule://asc-32-channel-compatibility-v1,deterministic_compatibility_rule,moyenne,2026-08-20T17:44:55.313485+00:00
PierreGtch/EEGNetv4/EEGNetv4_BNCI2015004,channel_count,3,https://huggingface.co/PierreGtch/EEGNetv4/resolve/33f06d333678bbdad928055aa1ff0544e8573fea/EEGNetv4_BNCI2015004/kwargs.pkl,pickletools:in_chans,forte,2026-08-20T17:44:55.313450+00:00
PierreGtch/EEGNetv4/EEGNetv4_BNCI2015004,timepoints,385,https://huggingface.co/PierreGtch/EEGNetv4/resolve/33f06d333678bbdad928055aa1ff0544e8573fea/EEGNetv4_BNCI2015004/kwargs.pkl,pickletools:input_window_samples,forte,2026-08-20T17:44:55.313470+00:00
PierreGtch/EEGNetv4/EEGNetv4_Cho2017,asc_32_status,à adapter,rule://asc-32-channel-compatibility-v1,deterministic_compatibility_rule,moyenne,2026-08-20T17:44:55.316032+00:00
PierreGtch/EEGNetv4/EEGNetv4_Cho2017,channel_count,3,https://huggingface.co/PierreGtch/EEGNetv4/resolve/33f06d333678bbdad928055aa1ff0544e8573fea/EEGNetv4_Cho2017/kwargs.pkl,pickletools:in_chans,forte,2026-08-20T17:44:55.315999+00:00
PierreGtch/EEGNetv4/EEGNetv4_Cho2017,timepoints,385,https://huggingface.co/PierreGtch/EEGNetv4/resolve/33f06d333678bbdad928055aa1ff0544e8573fea/EEGNetv4_Cho2017/kwargs.pkl,pickletools:input_window_samples,forte,2026-08-20T17:44:55.316017+00:00
PierreGtch/EEGNetv4/EEGNetv4_Lee2019_MI,asc_32_status,à adapter,rule://asc-32-channel-compatibility-v1,deterministic_compatibility_rule,moyenne,2026-08-20T17:44:55.318354+00:00
PierreGtch/EEGNetv4/EEGNetv4_Lee2019_MI,channel_count,3,https://huggingface.co/PierreGtch/EEGNetv4/resolve/33f06d333678bbdad928055aa1ff0544e8573fea/EEGNetv4_Lee2019_MI/kwargs.pkl,pickletools:in_chans,forte,2026-08-20T17:44:55.318326+00:00
PierreGtch/EEGNetv4/EEGNetv4_Lee2019_MI,timepoints,385,https://huggingface.co/PierreGtch/EEGNetv4/resolve/33f06d333678bbdad928055aa1ff0544e8573fea/EEGNetv4_Lee2019_MI/kwargs.pkl,pickletools:input_window_samples,forte,2026-08-20T17:44:55.318341+00:00
PierreGtch/EEGNetv4/EEGNetv4_Ofner2017,asc_32_status,à adapter,rule://asc-32-channel-compatibility-v1,deterministic_compatibility_rule,moyenne,2026-08-20T17:44:55.321055+00:00
PierreGtch/EEGNetv4/EEGNetv4_Ofner2017,channel_count,3,https://huggingface.co/PierreGtch/EEGNetv4/resolve/33f06d333678bbdad928055aa1ff0544e8573fea/EEGNetv4_Ofner2017/kwargs.pkl,pickletools:in_chans,forte,2026-08-20T17:44:55.321021+00:00
PierreGtch/EEGNetv4/EEGNetv4_Ofner2017,timepoints,385,https://huggingface.co/PierreGtch/EEGNetv4/resolve/33f06d333678bbdad928055aa1ff0544e8573fea/EEGNetv4_Ofner2017/kwargs.pkl,pickletools:input_window_samples,forte,2026-08-20T17:44:55.321041+00:00
PierreGtch/EEGNetv4/EEGNetv4_PhysionetMI,asc_32_status,à adapter,rule://asc-32-channel-compatibility-v1,deterministic_compatibility_rule,moyenne,2026-08-20T17:44:55.323625+00:00
PierreGtch/EEGNetv4/EEGNetv4_PhysionetMI,channel_count,3,https://huggingface.co/PierreGtch/EEGNetv4/resolve/33f06d333678bbdad928055aa1ff0544e8573fea/EEGNetv4_PhysionetMI/kwargs.pkl,pickletools:in_chans,forte,2026-08-20T17:44:55.323595+00:00
PierreGtch/EEGNetv4/EEGNetv4_PhysionetMI,timepoints,385,https://huggingface.co/PierreGtch/EEGNetv4/resolve/33f06d333678bbdad928055aa1ff0544e8573fea/EEGNetv4_PhysionetMI/kwargs.pkl,pickletools:input_window_samples,forte,2026-08-20T17:44:55.323613+00:00
PierreGtch/EEGNetv4/EEGNetv4_Schirrmeister2017,asc_32_status,à adapter,rule://asc-32-channel-compatibility-v1,deterministic_compatibility_rule,moyenne,2026-08-20T17:44:55.326400+00:00
PierreGtch/EEGNetv4/EEGNetv4_Schirrmeister2017,channel_count,3,https://huggingface.co/PierreGtch/EEGNetv4/resolve/33f06d333678bbdad928055aa1ff0544e8573fea/EEGNetv4_Schirrmeister2017/kwargs.pkl,pickletools:in_chans,forte,2026-08-20T17:44:55.326287+00:00
PierreGtch/EEGNetv4/EEGNetv4_Schirrmeister2017,timepoints,385,https://huggingface.co/PierreGtch/EEGNetv4/resolve/33f06d333678bbdad928055aa1ff0544e8573fea/EEGNetv4_Schirrmeister2017/kwargs.pkl,pickletools:input_window_samples,forte,2026-08-20T17:44:55.326350+00:00
PierreGtch/EEGNetv4/EEGNetv4_Weibo2014,asc_32_status,à adapter,rule://asc-32-channel-compatibility-v1,deterministic_compatibility_rule,moyenne,2026-08-20T17:44:55.329395+00:00
PierreGtch/EEGNetv4/EEGNetv4_Weibo2014,channel_count,3,https://huggingface.co/PierreGtch/EEGNetv4/resolve/33f06d333678bbdad928055aa1ff0544e8573fea/EEGNetv4_Weibo2014/kwargs.pkl,pickletools:in_chans,forte,2026-08-20T17:44:55.329362+00:00
PierreGtch/EEGNetv4/EEGNetv4_Weibo2014,timepoints,385,https://huggingface.co/PierreGtch/EEGNetv4/resolve/33f06d333678bbdad928055aa1ff0544e8573fea/EEGNetv4_Weibo2014/kwargs.pkl,pickletools:input_window_samples,forte,2026-08-20T17:44:55.329382+00:00
PierreGtch/EEGNetv4/EEGNetv4_Zhou2016,asc_32_status,à adapter,rule://asc-32-channel-compatibility-v1,deterministic_compatibility_rule,moyenne,2026-08-20T17:44:55.331331+00:00
PierreGtch/EEGNetv4/EEGNetv4_Zhou2016,channel_count,3,https://huggingface.co/PierreGtch/EEGNetv4/resolve/33f06d333678bbdad928055aa1ff0544e8573fea/EEGNetv4_Zhou2016/kwargs.pkl,pickletools:in_chans,forte,2026-08-20T17:44:55.331306+00:00
PierreGtch/EEGNetv4/EEGNetv4_Zhou2016,timepoints,385,https://huggingface.co/PierreGtch/EEGNetv4/resolve/33f06d333678bbdad928055aa1ff0544e8573fea/EEGNetv4_Zhou2016/kwargs.pkl,pickletools:input_window_samples,forte,2026-08-20T17:44:55.331320+00:00
PierreGtch/EEGNetv4/toy,asc_32_status,à vérifier,rule://asc-32-channel-compatibility-v1,deterministic_compatibility_rule,faible,2026-08-20T17:44:55.332917+00:00
ardor924/EEGNetV4-10channel-baseline13.7-classfication-TS-R-TEST,architecture,EEGNetV4,https://huggingface.co/ardor924/EEGNetV4-10channel-baseline13.7-classfication-TS-R-TEST/resolve/96ecbccd5e80d691e43ff4f01ab85d42f32b4492/config.json,json:model_type,forte,2026-08-20T17:44:58.931908+00:00
ardor924/EEGNetV4-10channel-baseline13.7-classfication-TS-R-TEST,asc_32_status,à vérifier,rule://asc-32-channel-compatibility-v1,deterministic_compatibility_rule,moyenne,2026-08-20T17:44:58.931937+00:00
ardor924/EEGNetV4-10channel-baseline13.7-classfication-TS-R-TEST40,architecture,EEGNetV4,https://huggingface.co/ardor924/EEGNetV4-10channel-baseline13.7-classfication-TS-R-TEST40/resolve/dff473d1eee974c256b458b22defccb5d262a43a/config.json,json:model_type,forte,2026-08-20T17:44:59.268533+00:00
ardor924/EEGNetV4-10channel-baseline13.7-classfication-TS-R-TEST40,asc_32_status,à vérifier,rule://asc-32-channel-compatibility-v1,deterministic_compatibility_rule,moyenne,2026-08-20T17:44:59.268562+00:00
ardor924/EEGNetV4-10channel-baseline15-classfication-TS-R-SAMPLE,architecture,EEGNetV4,https://huggingface.co/ardor924/EEGNetV4-10channel-baseline15-classfication-TS-R-SAMPLE/resolve/3ade498a35606edf05e72672cadc815f687565dc/config.json,json:model_type,forte,2026-08-20T17:44:59.710990+00:00
ardor924/EEGNetV4-10channel-baseline15-classfication-TS-R-SAMPLE,asc_32_status,à vérifier,rule://asc-32-channel-compatibility-v1,deterministic_compatibility_rule,moyenne,2026-08-20T17:44:59.711020+00:00
ardor924/EEGNetV4-12channel-baseline11-classfication,architecture,EEGNetV4,https://huggingface.co/ardor924/EEGNetV4-12channel-baseline11-classfication/resolve/88c85f4e41f3de8683e07c87e83b3b82106bfeb0/config.json,json:model_type,forte,2026-08-20T17:44:56.308160+00:00
ardor924/EEGNetV4-12channel-baseline11-classfication,asc_32_status,à vérifier,rule://asc-32-channel-compatibility-v1,deterministic_compatibility_rule,moyenne,2026-08-20T17:44:56.308189+00:00
ardor924/EEGNetV4-12channel-baseline13-classfication,architecture,EEGNetV4,https://huggingface.co/ardor924/EEGNetV4-12channel-baseline13-classfication/resolve/5d4073293931bd176d854f3119ec49025770d870/config.json,json:model_type,forte,2026-08-20T17:44:56.659457+00:00
ardor924/EEGNetV4-12channel-baseline13-classfication,asc_32_status,à vérifier,rule://asc-32-channel-compatibility-v1,deterministic_compatibility_rule,moyenne,2026-08-20T17:44:56.659477+00:00
ardor924/EEGNetV4-12channel-baseline13.5-classfication,architecture,EEGNetV4,https://huggingface.co/ardor924/EEGNetV4-12channel-baseline13.5-classfication/resolve/9adbbed24267caeb26395483eec3b26ba82272c6/config.json,json:model_type,forte,2026-08-20T17:44:57.665618+00:00
ardor924/EEGNetV4-12channel-baseline13.5-classfication,asc_32_status,à vérifier,rule://asc-32-channel-compatibility-v1,deterministic_compatibility_rule,moyenne,2026-08-20T17:44:57.665644+00:00
ardor924/EEGNetV4-12channel-baseline13.6-classfication,architecture,EEGNetV4,https://huggingface.co/ardor924/EEGNetV4-12channel-baseline13.6-classfication/resolve/5e7b1e81b6d14e1500ccb298a0eaa6a484abd56e/config.json,json:model_type,forte,2026-08-20T17:44:57.981223+00:00
ardor924/EEGNetV4-12channel-baseline13.6-classfication,asc_32_status,à vérifier,rule://asc-32-channel-compatibility-v1,deterministic_compatibility_rule,moyenne,2026-08-20T17:44:57.981248+00:00
ardor924/EEGNetV4-12channel-baseline13.6-classfication-ts-all,architecture,EEGNetV4,https://huggingface.co/ardor924/EEGNetV4-12channel-baseline13.6-classfication-ts-all/resolve/d2507418d2ea6b8cbef7cbedd86566e98b18ab02/config.json,json:model_type,forte,2026-08-20T17:44:58.297951+00:00
ardor924/EEGNetV4-12channel-baseline13.6-classfication-ts-all,asc_32_status,à vérifier,rule://asc-32-channel-compatibility-v1,deterministic_compatibility_rule,moyenne,2026-08-20T17:44:58.297965+00:00
ardor924/EEGNetV4-12channel-baseline13.7-classfication-TS-R-TEST,architecture,EEGNetV4,https://huggingface.co/ardor924/EEGNetV4-12channel-baseline13.7-classfication-TS-R-TEST/resolve/30df3784a910f558eaf99c7215d1311a9413dd1d/config.json,json:model_type,forte,2026-08-20T17:44:58.606820+00:00
ardor924/EEGNetV4-12channel-baseline13.7-classfication-TS-R-TEST,asc_32_status,à vérifier,rule://asc-32-channel-compatibility-v1,deterministic_compatibility_rule,moyenne,2026-08-20T17:44:58.606851+00:00
ardor924/EEGNetV4-4channel-baseline13-classfication,architecture,EEGNetV4,https://huggingface.co/ardor924/EEGNetV4-4channel-baseline13-classfication/resolve/d8407d5e5cc938c6be4b341c200a454ed01d2ad7/config.json,json:model_type,forte,2026-08-20T17:44:56.981840+00:00
ardor924/EEGNetV4-4channel-baseline13-classfication,asc_32_status,à vérifier,rule://asc-32-channel-compatibility-v1,deterministic_compatibility_rule,moyenne,2026-08-20T17:44:56.981851+00:00
ardor924/EEGNetV4-8channel-baseline13-classfication,architecture,EEGNetV4,https://huggingface.co/ardor924/EEGNetV4-8channel-baseline13-classfication/resolve/a21a94c24883b1866cf99ebf5038520321ab33e9/config.json,json:model_type,forte,2026-08-20T17:44:57.334305+00:00
ardor924/EEGNetV4-8channel-baseline13-classfication,asc_32_status,à vérifier,rule://asc-32-channel-compatibility-v1,deterministic_compatibility_rule,moyenne,2026-08-20T17:44:57.334335+00:00
ardor924/EEGNetV4-baseline-classfication,architecture,EEGNetV4,https://huggingface.co/ardor924/EEGNetV4-baseline-classfication/resolve/d694d0da30b7a13a02a931e6fe5b0791de6e9fbd/config.json,json:model_type,forte,2026-08-20T17:44:55.974850+00:00
ardor924/EEGNetV4-baseline-classfication,asc_32_status,à vérifier,rule://asc-32-channel-compatibility-v1,deterministic_compatibility_rule,moyenne,2026-08-20T17:44:55.974898+00:00
braindecode/CBraMod,asc_32_status,non,rule://asc-32-channel-compatibility-v1,deterministic_compatibility_rule,faible,2026-08-20T17:45:09.177367+00:00
braindecode/CBraMod,channel_count,22,https://huggingface.co/braindecode/CBraMod/resolve/43f0c51c311cb623003d46b09841888eb78761f7/README.md,readme_regex,faible,2026-08-20T17:45:09.177237+00:00
braindecode/EEGConformer,asc_32_status,non,rule://asc-32-channel-compatibility-v1,deterministic_compatibility_rule,faible,2026-08-20T17:45:00.225225+00:00
braindecode/EEGConformer,channel_count,22,https://huggingface.co/braindecode/EEGConformer/resolve/b6d7045ad194b0d7773ae2239c4f2a96e435fbd4/README.md,readme_regex,faible,2026-08-20T17:45:00.225200+00:00
braindecode/EEGConformer,preprocessing,"| `n_filters_time: int` | — | Number of temporal filters, defines also embedding size. | | | `filter_time_length: int` | — | Length of the temporal filter. | | | `pool_time_length: int` | — | Length of temporal pooling filter. | | | `pool_time_stride: int` | — | Length of stride between temporal pooling filters. |",https://huggingface.co/braindecode/EEGConformer/resolve/b6d7045ad194b0d7773ae2239c4f2a96e435fbd4/README.md,readme_preprocessing_lines,faible,2026-08-20T17:45:00.225215+00:00
braindecode/EEGITNet,asc_32_status,non,rule://asc-32-channel-compatibility-v1,deterministic_compatibility_rule,faible,2026-08-20T17:45:00.398364+00:00
braindecode/EEGITNet,channel_count,22,https://huggingface.co/braindecode/EEGITNet/resolve/4f7574af6868c2fa7b94d0bc1cbe12023cdacb43/README.md,readme_regex,faible,2026-08-20T17:45:00.398340+00:00
braindecode/EEGInceptionERP,asc_32_status,non,rule://asc-32-channel-compatibility-v1,deterministic_compatibility_rule,faible,2026-08-20T17:45:00.578710+00:00
braindecode/EEGInceptionERP,channel_count,22,https://huggingface.co/braindecode/EEGInceptionERP/resolve/447ad5644c0deb7f8f87cccecbc106bc697a2929/README.md,readme_regex,faible,2026-08-20T17:45:00.578674+00:00
braindecode/EEGInceptionERP,preprocessing,"| `n_filters` | int, optional | Initial number of convolutional filters. Defaults to 8 as in [santamaria2020]. |",https://huggingface.co/braindecode/EEGInceptionERP/resolve/447ad5644c0deb7f8f87cccecbc106bc697a2929/README.md,readme_preprocessing_lines,faible,2026-08-20T17:45:00.578694+00:00
braindecode/EEGInceptionMI,asc_32_status,non,rule://asc-32-channel-compatibility-v1,deterministic_compatibility_rule,faible,2026-08-20T17:45:00.738308+00:00
braindecode/EEGInceptionMI,channel_count,22,https://huggingface.co/braindecode/EEGInceptionMI/resolve/819b88fc5419d1346e7eca14f4f69af215dee597/README.md,readme_regex,faible,2026-08-20T17:45:00.738265+00:00
braindecode/EEGInceptionMI,preprocessing,"| `n_filters` | int, optional | Number of convolutional filters for all layers of this type. Set to 48 as in [1] for dataset BCI IV 2a. |",https://huggingface.co/braindecode/EEGInceptionMI/resolve/819b88fc5419d1346e7eca14f4f69af215dee597/README.md,readme_preprocessing_lines,faible,2026-08-20T17:45:00.738291+00:00
braindecode/EEGMiner,asc_32_status,non,rule://asc-32-channel-compatibility-v1,deterministic_compatibility_rule,faible,2026-08-20T17:45:00.899146+00:00
braindecode/EEGMiner,channel_count,22,https://huggingface.co/braindecode/EEGMiner/resolve/76d29db8fb8325d9789b35d0e19b96afe5f45545/README.md,readme_regex,faible,2026-08-20T17:45:00.899094+00:00
braindecode/EEGMiner,preprocessing,"| `filter_f_mean` | list of float, default=[23.0, 23.0] | Mean frequencies for the generalized Gaussian filters. | | | `filter_bandwidth` | list of float, default=[44.0, 44.0] | Bandwidths for the generalized Gaussian filters. | | | `filter_shape` | list of float, default=[2.0, 2.0] | Shape parameters for the generalized Gaussian filters. | | | `group_delay` | tuple of float, default=(20.0, 20.0) | Group delay values for the filters in milliseconds. |",https://huggingface.co/braindecode/EEGMiner/resolve/76d29db8fb8325d9789b35d0e19b96afe5f45545/README.md,readme_preprocessing_lines,faible,2026-08-20T17:45:00.899125+00:00
braindecode/EEGNeX,asc_32_status,non,rule://asc-32-channel-compatibility-v1,deterministic_compatibility_rule,faible,2026-08-20T17:45:01.099353+00:00
braindecode/EEGNeX,channel_count,22,https://huggingface.co/braindecode/EEGNeX/resolve/a45d943a73929846f5cde03d85ffc4766dd9f125/README.md,readme_regex,faible,2026-08-20T17:45:01.099305+00:00
braindecode/EEGNeX,preprocessing,"| `filter_1` | int, optional | Number of filters in the first convolutional layer. Default is 8. | | | `filter_2` | int, optional | Number of filters in the second convolutional layer. Default is 32. |",https://huggingface.co/braindecode/EEGNeX/resolve/a45d943a73929846f5cde03d85ffc4766dd9f125/README.md,readme_preprocessing_lines,faible,2026-08-20T17:45:01.099333+00:00
braindecode/EEGNet,asc_32_status,non,rule://asc-32-channel-compatibility-v1,deterministic_compatibility_rule,faible,2026-08-20T17:45:01.295800+00:00
braindecode/EEGNet,channel_count,22,https://huggingface.co/braindecode/EEGNet/resolve/c6a73364704c1b6be469be250c2fc546b64ef4ec/README.md,readme_regex,faible,2026-08-20T17:45:01.295781+00:00
braindecode/EEGNet,preprocessing,"| `F1` | int, default=8 | Number of temporal filters in the first convolutional layer. | | | `F2` | int or None, default=None | Number of pointwise filters in the separable convolution. Usually set to `F1 * D`. | | | `batch_norm_momentum` | float, default=0.01 | Momentum for instance normalization in batch norm layers. |",https://huggingface.co/braindecode/EEGNet/resolve/c6a73364704c1b6be469be250c2fc546b64ef4ec/README.md,readme_preprocessing_lines,faible,2026-08-20T17:45:01.295792+00:00
braindecode/EEGNetv4,asc_32_status,non,rule://asc-32-channel-compatibility-v1,deterministic_compatibility_rule,faible,2026-08-20T17:45:01.469964+00:00
braindecode/EEGNetv4,channel_count,22,https://huggingface.co/braindecode/EEGNetv4/resolve/225546fd836d9302db55995f69d68ea6ea39622b/README.md,readme_regex,faible,2026-08-20T17:45:01.469954+00:00
braindecode/EEGPT,asc_32_status,non,rule://asc-32-channel-compatibility-v1,deterministic_compatibility_rule,faible,2026-08-20T17:45:01.635594+00:00
braindecode/EEGPT,channel_count,22,https://huggingface.co/braindecode/EEGPT/resolve/a9acad845bb6d69e1aa7707b6fb3041d4e7efd65/README.md,readme_regex,faible,2026-08-20T17:45:01.635543+00:00
braindecode/EEGPT,preprocessing,"| `norm_layer` | torch.nn.Module, default=None | Normalization layer. If None, defaults to `nn.LayerNorm` with epsilon `layer_norm_eps`. | | | `layer_norm_eps` | float, default=1e-6 | Epsilon value for the normalization layer. |",https://huggingface.co/braindecode/EEGPT/resolve/a9acad845bb6d69e1aa7707b6fb3041d4e7efd65/README.md,readme_preprocessing_lines,faible,2026-08-20T17:45:01.635574+00:00
braindecode/EEGSimpleConv,asc_32_status,non,rule://asc-32-channel-compatibility-v1,deterministic_compatibility_rule,faible,2026-08-20T17:45:01.794353+00:00
braindecode/EEGSimpleConv,channel_count,22,https://huggingface.co/braindecode/EEGSimpleConv/resolve/b90cb6f848da6229a8acc379c63b1474e2daa4c8/README.md,readme_regex,faible,2026-08-20T17:45:01.794201+00:00
braindecode/EEGSimpleConv,preprocessing,| `resampling: int` | — | Resampling Frequency. |,https://huggingface.co/braindecode/EEGSimpleConv/resolve/b90cb6f848da6229a8acc379c63b1474e2daa4c8/README.md,readme_preprocessing_lines,faible,2026-08-20T17:45:01.794314+00:00
braindecode/EEGSym,asc_32_status,non,rule://asc-32-channel-compatibility-v1,deterministic_compatibility_rule,faible,2026-08-20T17:45:01.971557+00:00
braindecode/EEGSym,channel_count,22,https://huggingface.co/braindecode/EEGSym/resolve/c801f25cdbf12885518f8840ef8477e6a5791169/README.md,readme_regex,faible,2026-08-20T17:45:01.971508+00:00
braindecode/EEGSym,preprocessing,"| `filters_per_branch` | int, optional | Number of filters in each inception branch. Should be a multiple of 8. Default is 12 [eegsym2022]. |",https://huggingface.co/braindecode/EEGSym/resolve/c801f25cdbf12885518f8840ef8477e6a5791169/README.md,readme_preprocessing_lines,faible,2026-08-20T17:45:01.971537+00:00
braindecode/EEGTCNet,asc_32_status,non,rule://asc-32-channel-compatibility-v1,deterministic_compatibility_rule,faible,2026-08-20T17:45:02.320625+00:00
braindecode/EEGTCNet,channel_count,22,https://huggingface.co/braindecode/EEGTCNet/resolve/7fa1ff4cf34aabfe575c6553d2025724d0a7313c/README.md,readme_regex,faible,2026-08-20T17:45:02.320575+00:00
braindecode/EEGTCNet,preprocessing,"| `filter_1` | int, optional | Number of temporal filters in the first convolutional layer. Default is 8. | | | `filters` | int, optional | Number of filters in the TCN convolutional layers. Default is 12. |",https://huggingface.co/braindecode/EEGTCNet/resolve/7fa1ff4cf34aabfe575c6553d2025724d0a7313c/README.md,readme_preprocessing_lines,faible,2026-08-20T17:45:02.320605+00:00
braindecode/Labram,asc_32_status,non,rule://asc-32-channel-compatibility-v1,deterministic_compatibility_rule,faible,2026-08-20T17:45:06.162737+00:00
braindecode/Labram,channel_count,22,https://huggingface.co/braindecode/Labram/resolve/014817361085e4277e1b2a5638cf1192ddb59938/README.md,readme_regex,faible,2026-08-20T17:45:06.162717+00:00
braindecode/Labram,preprocessing,"| `qk_norm` | Pytorch Normalize layer (default=nn.LayerNorm) | If not None, apply LayerNorm to the query and key tensors. Default is nn.LayerNorm for better weight transfer from original LaBraM. Set to None to disable Q,K normalization. | | | `norm_layer` | Pytorch Normalize layer (default=nn.LayerNorm) | The normalization layer to be used. |",https://huggingface.co/braindecode/Labram/resolve/014817361085e4277e1b2a5638cf1192ddb59938/README.md,readme_preprocessing_lines,faible,2026-08-20T17:45:06.162729+00:00
braindecode/Labram-Braindecode,asc_32_status,à adapter,rule://asc-32-channel-compatibility-v1,deterministic_compatibility_rule,faible,2026-08-20T17:45:04.592567+00:00
braindecode/Labram-Braindecode,channel_count,64,https://huggingface.co/braindecode/Labram-Braindecode/resolve/1f261c98703d4c6a67a0c9e5cdac1661736eee37/README.md,readme_regex,faible,2026-08-20T17:45:04.592470+00:00
braindecode/Labram-Braindecode,timepoints,1600,https://huggingface.co/braindecode/Labram-Braindecode/resolve/1f261c98703d4c6a67a0c9e5cdac1661736eee37/README.md,readme_regex,faible,2026-08-20T17:45:04.592539+00:00
braindecode/SignalJEPA,asc_32_status,à vérifier,rule://asc-32-channel-compatibility-v1,deterministic_compatibility_rule,faible,2026-08-20T17:45:13.360815+00:00
braindecode/cbramod-pretrained,asc_32_status,à vérifier,rule://asc-32-channel-compatibility-v1,deterministic_compatibility_rule,faible,2026-08-20T17:45:08.381844+00:00
braindecode/eegdino-medium-pretrained,asc_32_status,à adapter,rule://asc-32-channel-compatibility-v1,deterministic_compatibility_rule,moyenne,2026-08-20T17:44:55.121509+00:00
braindecode/eegdino-medium-pretrained,channel_count,19,https://huggingface.co/braindecode/eegdino-medium-pretrained/resolve/191f73eb50d68a184b4cabb623938df914235d3c/config.json,json:n_chans,forte,2026-08-20T17:44:55.121436+00:00
braindecode/eegdino-medium-pretrained,preprocessing,"Temple University Hospital EEG Corpus (TUEG), 19 common 10-20 channels resampled to 200 Hz (>9000 hours), following CBraMod's preprocessing. Pretrained by hierarchical self-distillation. | (where available) or resample channels with MNE before fine-tuning. | Sampling rate matters.** Resample your data to 200 Hz before",https://huggingface.co/braindecode/eegdino-medium-pretrained/resolve/191f73eb50d68a184b4cabb623938df914235d3c/README.md,readme_preprocessing_lines,faible,2026-08-20T17:44:55.121491+00:00
braindecode/eegdino-medium-pretrained,sampling_frequency,200.0,https://huggingface.co/braindecode/eegdino-medium-pretrained/resolve/191f73eb50d68a184b4cabb623938df914235d3c/README.md,readme_regex,faible,2026-08-20T17:44:55.121455+00:00
braindecode/eegdino-medium-pretrained,timepoints,1000,https://huggingface.co/braindecode/eegdino-medium-pretrained/resolve/191f73eb50d68a184b4cabb623938df914235d3c/config.json,json:n_times,forte,2026-08-20T17:44:55.121474+00:00
braindecode/eegdino-medium-pretrained,window_duration,5.0,https://huggingface.co/braindecode/eegdino-medium-pretrained/resolve/191f73eb50d68a184b4cabb623938df914235d3c/config.json,calculated:n_timepoints/sfreq,moyenne,2026-08-20T17:44:55.121408+00:00
braindecode/eegdino-small-pretrained,asc_32_status,à adapter,rule://asc-32-channel-compatibility-v1,deterministic_compatibility_rule,moyenne,2026-08-20T17:44:54.951080+00:00
braindecode/eegdino-small-pretrained,channel_count,19,https://huggingface.co/braindecode/eegdino-small-pretrained/resolve/d2a879b5b48488536c61aa7024a9f2a7fc140ebb/config.json,json:n_chans,forte,2026-08-20T17:44:54.951004+00:00
braindecode/eegdino-small-pretrained,preprocessing,"Temple University Hospital EEG Corpus (TUEG), 19 common 10-20 channels resampled to 200 Hz (>9000 hours), following CBraMod's preprocessing. Pretrained by hierarchical self-distillation. | (where available) or resample channels with MNE before fine-tuning. | Sampling rate matters.** Resample your data to 200 Hz before",https://huggingface.co/braindecode/eegdino-small-pretrained/resolve/d2a879b5b48488536c61aa7024a9f2a7fc140ebb/README.md,readme_preprocessing_lines,faible,2026-08-20T17:44:54.951061+00:00
braindecode/eegdino-small-pretrained,sampling_frequency,200.0,https://huggingface.co/braindecode/eegdino-small-pretrained/resolve/d2a879b5b48488536c61aa7024a9f2a7fc140ebb/README.md,readme_regex,faible,2026-08-20T17:44:54.951026+00:00
braindecode/eegdino-small-pretrained,timepoints,1000,https://huggingface.co/braindecode/eegdino-small-pretrained/resolve/d2a879b5b48488536c61aa7024a9f2a7fc140ebb/config.json,json:n_times,forte,2026-08-20T17:44:54.951044+00:00
braindecode/eegdino-small-pretrained,window_duration,5.0,https://huggingface.co/braindecode/eegdino-small-pretrained/resolve/d2a879b5b48488536c61aa7024a9f2a7fc140ebb/config.json,calculated:n_timepoints/sfreq,moyenne,2026-08-20T17:44:54.950974+00:00
braindecode/eegpt-pretrained,asc_32_status,à adapter,rule://asc-32-channel-compatibility-v1,deterministic_compatibility_rule,moyenne,2026-08-20T17:44:54.779782+00:00
braindecode/eegpt-pretrained,channel_count,62,https://huggingface.co/braindecode/eegpt-pretrained/resolve/e41cb3ae2ce4fd9eb736862292c91f8128d15618/config.json,json:n_chans,forte,2026-08-20T17:44:54.779670+00:00
braindecode/eegpt-pretrained,electrode_names,"FP1, FPZ, FP2, AF7, AF3, AF4, AF8, F7, F5, F3, F1, FZ, F2, F4, F6, F8, FT7, FC5, FC3, FC1, FCZ, FC2, FC4, FC6, FT8, T7, C5, C3, C1, CZ, C2, C4, C6, T8, TP7, CP5, CP3, CP1, CPZ, CP2, CP4, CP6, TP8, P7, P5, P3, P1, PZ, P2, P4, P6, P8, PO7, PO5, PO3, POZ, PO4, PO6, PO8, O1, OZ, O2",https://huggingface.co/braindecode/eegpt-pretrained/resolve/e41cb3ae2ce4fd9eb736862292c91f8128d15618/config.json,json:chs_info:names,forte,2026-08-20T17:44:54.779696+00:00
braindecode/eegpt-pretrained,electrode_positions,"(-0.0294367, 0.08391710000000001, -0.0069900000000000006), (0.00011229999999999999, 0.088247, -0.0017130000000000001), (0.029872299999999997, 0.0848959, -0.00708), (-0.0548397, 0.0685722, -0.01059), (-0.0337007, 0.0768371, 0.021227), (0.0357123, 0.0777259, 0.021956), (0.055743299999999996, 0.0696568, -0.010755), (-0.0702629, 0.0424743, -0.01142), (-0.0644658, 0.048035299999999996, 0.016921), (-0.0502438, 0.0531112, 0.042192), (-0.0274958, 0.0569311, 0.060342), (0.0003122, 0.058512, 0.06646200000000001), (0.029514199999999997, 0.0576019, 0.059539999999999996), (0.0518362, 0.0543048, 0.040814), (0.0679142, 0.049829700000000005, 0.016367), (0.0730431, 0.0444217, -0.012), (-0.080775, 0.0141203, -0.011134999999999999), (-0.0772149, 0.0186433, 0.024460000000000003), (-0.060181899999999997, 0.0227162, 0.055543999999999996), (-0.0340619, 0.0260111, 0.07998699999999999), (0.0003761, 0.02739, 0.08866800000000001), (0.034784100000000005, 0.0264379, 0.078808), (0.062293100000000004, 0.0237228, 0.055630000000000006), (0.0795341, 0.0199357, 0.024437999999999998), (0.0818151, 0.0154167, -0.01133), (-0.0841611, -0.0160187, -0.009346), (-0.08028010000000001, -0.0137597, 0.02916), (-0.06535809999999999, -0.0116317, 0.064358), (-0.036158, -0.0099839, 0.089752), (0.0004009, -0.009167, 0.100244), (0.037672, -0.0096241, 0.088412), (0.06711790000000001, -0.0109003, 0.06358), (0.0834559, -0.0127763, 0.029207999999999998), (0.0850799, -0.0150203, -0.00949), (-0.08483020000000001, -0.046021700000000006, -0.007056), (-0.0795922, -0.0465507, 0.030949), (-0.0635562, -0.0470088, 0.065624), (-0.0355131, -0.0472919, 0.091315), (0.0003858, -0.047318, 0.099432), (0.0383838, -0.0470731, 0.090695), (0.0666118, -0.0466372, 0.06558), (0.0833218, -0.046101300000000005, 0.031206), (0.0855488, -0.0455453, -0.00713), (-0.0724343, -0.0734527, -0.002487), (-0.06727230000000001, -0.0762907, 0.028382), (-0.0530073, -0.0787878, 0.05594), (-0.0286203, -0.0805249, 0.075436), (0.0003247, -0.08111499999999999, 0.082615), (0.0319197, -0.08048709999999999, 0.07671599999999999), (0.0556667, -0.0785602, 0.056561), (0.0678877, -0.07590430000000001, 0.028091), (0.0730557, -0.07306829999999999, -0.00254), (-0.054840400000000004, -0.0975279, 0.0027919999999999998), (-0.0484244, -0.0993408, 0.021599), (-0.0365114, -0.10085290000000001, 0.037167), (0.0002156, -0.10217799999999999, 0.050608), (0.0367816, -0.10084910000000001, 0.036397), (0.0498196, -0.0994461, 0.021727), (0.055666600000000004, -0.0976251, 0.00273), (-0.0294134, -0.112449, 0.008839), (0.0001076, -0.114892, 0.014657), (0.0298426, -0.112156, 0.0088)",https://huggingface.co/braindecode/eegpt-pretrained/resolve/e41cb3ae2ce4fd9eb736862292c91f8128d15618/config.json,json:chs_info:positions,forte,2026-08-20T17:44:54.779716+00:00
braindecode/eegpt-pretrained,sampling_frequency,250.0,https://huggingface.co/braindecode/eegpt-pretrained/resolve/e41cb3ae2ce4fd9eb736862292c91f8128d15618/config.json,json:sfreq,forte,2026-08-20T17:44:54.779742+00:00
braindecode/eegpt-pretrained,timepoints,1000,https://huggingface.co/braindecode/eegpt-pretrained/resolve/e41cb3ae2ce4fd9eb736862292c91f8128d15618/config.json,json:n_times,forte,2026-08-20T17:44:54.779765+00:00
braindecode/eegpt-pretrained,window_duration,4.0,https://huggingface.co/braindecode/eegpt-pretrained/resolve/e41cb3ae2ce4fd9eb736862292c91f8128d15618/config.json,calculated:n_timepoints/sfreq,moyenne,2026-08-20T17:44:54.779584+00:00
braindecode/labram-pretrained,asc_32_status,à adapter,rule://asc-32-channel-compatibility-v1,deterministic_compatibility_rule,moyenne,2026-08-20T17:45:05.515331+00:00
braindecode/labram-pretrained,channel_count,128,https://huggingface.co/braindecode/labram-pretrained/resolve/0563b6c626e7b40d9a36653b763715db94d945d7/config.json,json:chs_info:length,forte,2026-08-20T17:45:05.515292+00:00
braindecode/labram-pretrained,electrode_names,"FP1, FPZ, FP2, AF9, AF7, AF5, AF3, AF1, AFZ, AF2, AF4, AF6, AF8, AF10, F9, F7, F5, F3, F1, FZ, F2, F4, F6, F8, F10, FT9, FT7, FC5, FC3, FC1, FCZ, FC2, FC4, FC6, FT8, FT10, T9, T7, C5, C3, C1, CZ, C2, C4, C6, T8, T10, TP9, TP7, CP5, CP3, CP1, CPZ, CP2, CP4, CP6, TP8, TP10, P9, P7, P5, P3, P1, PZ, P2, P4, P6, P8, P10, PO9, PO7, PO5, PO3, PO1, POZ, PO2, PO4, PO6, PO8, PO10, O1, OZ, O2, O9, CB1, CB2, IZ, O10, T3, T5, T4, T6, M1, M2, A1, A2, CFC1, CFC2, CFC3, CFC4, CFC5, CFC6, CFC7, CFC8, CCP1, CCP2, CCP3, CCP4, CCP5, CCP6, CCP7, CCP8, T1, T2, FTT9h, TTP7h, TPP9h, FTT10h, TPP8h, TPP10h, FP1-F7, F7-T7, T7-P7, P7-O1, FP2-F8, F8-T8, T8-P8, P8-O2",https://huggingface.co/braindecode/labram-pretrained/resolve/0563b6c626e7b40d9a36653b763715db94d945d7/config.json,json:chs_info:names,forte,2026-08-20T17:45:05.515303+00:00
braindecode/labram-pretrained,electrode_positions,"(None, None, None), (None, None, None), (None, None, None), (None, None, None), (None, None, None), (None, None, None), (None, None, None), (None, None, None), (None, None, None), (None, None, None), (None, None, None), (None, None, None), (None, None, None), (None, None, None), (None, None, None), (None, None, None), (None, None, None), (None, None, None), (None, None, None), (None, None, None), (None, None, None), (None, None, None), (None, None, None), (None, None, None), (None, None, None), (None, None, None), (None, None, None), (None, None, None), (None, None, None), (None, None, None), (None, None, None), (None, None, None), (None, None, None), (None, None, None), (None, None, None), (None, None, None), (None, None, None), (None, None, None), (None, None, None), (None, None, None), (None, None, None), (None, None, None), (None, None, None), (None, None, None), (None, None, None), (None, None, None), (None, None, None), (None, None, None), (None, None, None), (None, None, None), (None, None, None), (None, None, None), (None, None, None), (None, None, None), (None, None, None), (None, None, None), (None, None, None), (None, None, None), (None, None, None), (None, None, None), (None, None, None), (None, None, None), (None, None, None), (None, None, None), (None, None, None), (None, None, None), (None, None, None), (None, None, None), (None, None, None), (None, None, None), (None, None, None), (None, None, None), (None, None, None), (None, None, None), (None, None, None), (None, None, None), (None, None, None), (None, None, None), (None, None, None), (None, None, None), (None, None, None), (None, None, None), (None, None, None), (None, None, None), (None, None, None), (None, None, None), (None, None, None), (None, None, None), (None, None, None), (None, None, None), (None, None, None), (None, None, None), (None, None, None), (None, None, None), (None, None, None), (None, None, None), (None, None, None), (None, None, None), (None, None, None), (None, None, None), (None, None, None), (None, None, None), (None, None, None), (None, None, None), (None, None, None), (None, None, None), (None, None, None), (None, None, None), (None, None, None), (None, None, None), (None, None, None), (None, None, None), (None, None, None), (None, None, None), (None, None, None), (None, None, None), (None, None, None), (None, None, None), (None, None, None), (None, None, None), (None, None, None), (None, None, None), (None, None, None), (None, None, None), (None, None, None), (None, None, None), (None, None, None), (None, None, None)",https://huggingface.co/braindecode/labram-pretrained/resolve/0563b6c626e7b40d9a36653b763715db94d945d7/config.json,json:chs_info:positions,forte,2026-08-20T17:45:05.515315+00:00
braindecode/labram-pretrained,timepoints,3000,https://huggingface.co/braindecode/labram-pretrained/resolve/0563b6c626e7b40d9a36653b763715db94d945d7/config.json,json:n_times,forte,2026-08-20T17:45:05.515325+00:00
braindecode/plot_bcic_iv_2a_eegprep_cleaning,asc_32_status,à vérifier,rule://asc-32-channel-compatibility-v1,deterministic_compatibility_rule,faible,2026-08-20T17:45:00.058052+00:00
braindecode/signal-jepa,asc_32_status,oui,rule://asc-32-channel-compatibility-v1,deterministic_compatibility_rule,forte,2026-08-20T17:45:13.521100+00:00
braindecode/signal-jepa,channel_count,62,https://huggingface.co/braindecode/signal-jepa/resolve/51232ee0795a60e4378c17befe1e2ea5e94450c4/config.json,json:chs_info:length,forte,2026-08-20T17:45:13.520968+00:00
braindecode/signal-jepa,channel_mode,variables,https://huggingface.co/braindecode/signal-jepa/resolve/51232ee0795a60e4378c17befe1e2ea5e94450c4/config.json,json:channel_embedding,forte,2026-08-20T17:45:13.520988+00:00
braindecode/signal-jepa,dataset,Lee2019,https://huggingface.co/braindecode/signal-jepa/resolve/51232ee0795a60e4378c17befe1e2ea5e94450c4/README.md,readme_pretraining_dataset,moyenne,2026-08-20T17:45:13.521076+00:00
braindecode/signal-jepa,electrode_names,"Fp1, Fp2, F7, F3, Fz, F4, F8, FC5, FC1, FC2, FC6, T7, C3, Cz, C4, T8, TP9, CP5, CP1, CP2, CP6, TP10, P7, P3, Pz, P4, P8, PO9, O1, Oz, O2, PO10, FC3, FC4, C5, C1, C2, C6, CP3, CPz, CP4, P1, P2, POz, FT9, FTT9h, TTP7h, TP7, TPP9h, FT10, FTT10h, TPP8h, TP8, TPP10h, F9, F10, AF7, AF3, AF4, AF8, PO3, PO4",https://huggingface.co/braindecode/signal-jepa/resolve/51232ee0795a60e4378c17befe1e2ea5e94450c4/config.json,json:chs_info:names,forte,2026-08-20T17:45:13.521006+00:00
braindecode/signal-jepa,electrode_positions,"(-0.0294367, 0.0839171, -0.00699), (0.0298723, 0.0848959, -0.00708), (-0.0702629, 0.0424743, -0.01142), (-0.0502438, 0.0531112, 0.042192), (0.0003122, 0.058512, 0.066462), (0.0518362, 0.0543048, 0.040814), (0.0730431, 0.0444217, -0.012), (-0.0772149, 0.0186433, 0.02446), (-0.0340619, 0.0260111, 0.079987), (0.0347841, 0.0264379, 0.078808), (0.0795341, 0.0199357, 0.024438), (-0.0841611, -0.0160187, -0.009346), (-0.0653581, -0.0116317, 0.064358), (0.0004009, -0.009167, 0.100244), (0.0671179, -0.0109003, 0.06358), (0.0850799, -0.0150203, -0.00949), (-0.0856192, -0.0465147, -0.045707), (-0.0795922, -0.0465507, 0.030949), (-0.0355131, -0.0472919, 0.091315), (0.0383838, -0.0470731, 0.090695), (0.0833218, -0.0461013, 0.031206), (0.0861618, -0.0470353, -0.045869), (-0.0724343, -0.0734527, -0.002487), (-0.0530073, -0.0787878, 0.05594), (0.0003247, -0.081115, 0.082615), (0.0556667, -0.0785602, 0.056561), (0.0730557, -0.0730683, -0.00254), (-0.0549104, -0.0980448, -0.035465), (-0.0294134, -0.112449, 0.008839), (0.0001076, -0.114892, 0.014657), (0.0298426, -0.112156, 0.0088), (0.0549876, -0.0980911, -0.035541), (-0.0601819, 0.0227162, 0.055544), (0.0622931, 0.0237228, 0.05563), (-0.0802801, -0.0137597, 0.02916), (-0.036158, -0.0099839, 0.089752), (0.037672, -0.0096241, 0.088412), (0.0834559, -0.0127763, 0.029208), (-0.0635562, -0.0470088, 0.065624), (0.0003858, -0.047318, 0.099432), (0.0666118, -0.0466372, 0.06558), (-0.0286203, -0.0805249, 0.075436), (0.0319197, -0.0804871, 0.076716), (0.0002156, -0.102178, 0.050608), (-0.0840759, 0.0145673, -0.050429), (-0.084125, -0.0018467, -0.029794), (-0.0855651, -0.0306287, 0.011153), (-0.0848302, -0.0460217, -0.007056), (-0.0781602, -0.0607567, -0.023824), (0.0841131, 0.0143647, -0.050538), (0.084123, -0.0018083, -0.029638), (0.0785198, -0.0604323, 0.012902), (0.0855488, -0.0455453, -0.00713), (0.0789027, -0.0609553, -0.023805), (-0.0701019, 0.0416523, -0.049952), (0.0721141, 0.0420667, -0.050452), (-0.0548397, 0.0685722, -0.01059), (-0.0337007, 0.0768371, 0.021227), (0.0357123, 0.0777259, 0.021956), (0.0557433, 0.0696568, -0.010755), (-0.0365114, -0.1008529, 0.037167), (0.0367816, -0.1008491, 0.036397)",https://huggingface.co/braindecode/signal-jepa/resolve/51232ee0795a60e4378c17befe1e2ea5e94450c4/config.json,json:chs_info:positions,forte,2026-08-20T17:45:13.521024+00:00
braindecode/signal-jepa,sampling_frequency,128.0,https://huggingface.co/braindecode/signal-jepa/resolve/51232ee0795a60e4378c17befe1e2ea5e94450c4/config.json,json:sfreq,forte,2026-08-20T17:45:13.521043+00:00
braindecode/signal-jepa,timepoints,256,https://huggingface.co/braindecode/signal-jepa/resolve/51232ee0795a60e4378c17befe1e2ea5e94450c4/README.md,readme_regex,faible,2026-08-20T17:45:13.521060+00:00
braindecode/signal-jepa,window_duration,2.0,https://huggingface.co/braindecode/signal-jepa/resolve/51232ee0795a60e4378c17befe1e2ea5e94450c4/README.md,calculated:n_timepoints/sfreq,moyenne,2026-08-20T17:45:13.520939+00:00
braindecode/signal-jepa_without-chans,asc_32_status,à adapter,rule://asc-32-channel-compatibility-v1,deterministic_compatibility_rule,moyenne,2026-08-20T17:45:13.717400+00:00
braindecode/signal-jepa_without-chans,channel_count,62,https://huggingface.co/braindecode/signal-jepa_without-chans/resolve/213876ea30f0764fd25c055efcb55d1d1652a371/README.md,readme_eeg_channel_count,moyenne,2026-08-20T17:45:13.717328+00:00
braindecode/signal-jepa_without-chans,dataset,Lee2019,https://huggingface.co/braindecode/signal-jepa_without-chans/resolve/213876ea30f0764fd25c055efcb55d1d1652a371/README.md,readme_pretraining_dataset,moyenne,2026-08-20T17:45:13.717382+00:00
braindecode/signal-jepa_without-chans,sampling_frequency,128.0,https://huggingface.co/braindecode/signal-jepa_without-chans/resolve/213876ea30f0764fd25c055efcb55d1d1652a371/config.json,json:sfreq,forte,2026-08-20T17:45:13.717347+00:00
braindecode/signal-jepa_without-chans,timepoints,256,https://huggingface.co/braindecode/signal-jepa_without-chans/resolve/213876ea30f0764fd25c055efcb55d1d1652a371/README.md,readme_regex,faible,2026-08-20T17:45:13.717365+00:00
braindecode/signal-jepa_without-chans,window_duration,2.0,https://huggingface.co/braindecode/signal-jepa_without-chans/resolve/213876ea30f0764fd25c055efcb55d1d1652a371/README.md,calculated:n_timepoints/sfreq,moyenne,2026-08-20T17:45:13.717300+00:00
eeg-telecom-paris/cbramod-base-official,asc_32_status,à adapter,rule://asc-32-channel-compatibility-v1,deterministic_compatibility_rule,moyenne,2026-08-20T17:45:09.787047+00:00
eeg-telecom-paris/cbramod-base-official,electrode_names,"FP1, FP2, F3, F4, C3, C4, P3, P4, O1, O2, F7, F8, T3, T4, T5, T6, FZ, CZ, PZ",https://huggingface.co/eeg-telecom-paris/cbramod-base-official/resolve/103466ceb62ecc2fb780b64c220b2cfcd1e5566b/model_cfg.yaml,yaml:channels,forte,2026-08-20T17:45:09.786984+00:00
eeg-telecom-paris/cbramod-base-official,sampling_frequency,200.0,https://huggingface.co/eeg-telecom-paris/cbramod-base-official/resolve/103466ceb62ecc2fb780b64c220b2cfcd1e5566b/model_cfg.yaml,yaml:sfreq,forte,2026-08-20T17:45:09.787010+00:00
eeg-telecom-paris/cbramod-base-official,window_duration,4.0,https://huggingface.co/eeg-telecom-paris/cbramod-base-official/resolve/103466ceb62ecc2fb780b64c220b2cfcd1e5566b/model_cfg.yaml,yaml:input_window_seconds,forte,2026-08-20T17:45:09.787033+00:00
eeg-telecom-paris/eegpt-large-official,asc_32_status,à adapter,rule://asc-32-channel-compatibility-v1,deterministic_compatibility_rule,moyenne,2026-08-20T17:45:02.926575+00:00
eeg-telecom-paris/eegpt-large-official,electrode_names,"FP1, FPZ, FP2, AF3, AF4, F7, F5, F3, F1, FZ, F2, F4, F6, F8, FT7, FC5, FC3, FC1, FCZ, FC2, FC4, FC6, FT8, T7, C5, C3, C1, CZ, C2, C4, C6, T8, TP7, CP5, CP3, CP1, CPZ, CP2, CP4, CP6, TP8, P7, P5, P3, P1, PZ, P2, P4, P6, P8, PO7, PO3, POZ, PO4, PO8, O1, OZ, O2",https://huggingface.co/eeg-telecom-paris/eegpt-large-official/resolve/11e0075c388e282a2762496f7f3775652c9e3db9/model_cfg.yaml,yaml:channels,forte,2026-08-20T17:45:02.926497+00:00
eeg-telecom-paris/eegpt-large-official,sampling_frequency,256.0,https://huggingface.co/eeg-telecom-paris/eegpt-large-official/resolve/11e0075c388e282a2762496f7f3775652c9e3db9/model_cfg.yaml,yaml:sfreq,forte,2026-08-20T17:45:02.926534+00:00
eeg-telecom-paris/eegpt-large-official,window_duration,4.0,https://huggingface.co/eeg-telecom-paris/eegpt-large-official/resolve/11e0075c388e282a2762496f7f3775652c9e3db9/model_cfg.yaml,yaml:input_window_seconds,forte,2026-08-20T17:45:02.926556+00:00
eeg-telecom-paris/labram-base-official,asc_32_status,à adapter,rule://asc-32-channel-compatibility-v1,deterministic_compatibility_rule,moyenne,2026-08-20T17:45:06.766451+00:00
eeg-telecom-paris/labram-base-official,electrode_names,"Fz, FC3, FC1, FCz, FC2, FC4, C5, C3, C1, Cz, C2, C4, C6, CP3, CP1, CPz, CP2, CP4, P1, Pz, P2, POz",https://huggingface.co/eeg-telecom-paris/labram-base-official/resolve/99fffc632f3e9a9e8c500eefbc75d74777cb7d6d/model_cfg.yaml,yaml:channels,forte,2026-08-20T17:45:06.766425+00:00
eeg-telecom-paris/labram-base-official,sampling_frequency,200.0,https://huggingface.co/eeg-telecom-paris/labram-base-official/resolve/99fffc632f3e9a9e8c500eefbc75d74777cb7d6d/model_cfg.yaml,yaml:sfreq,forte,2026-08-20T17:45:06.766437+00:00
eeg-telecom-paris/labram-base-official,window_duration,4.0,https://huggingface.co/eeg-telecom-paris/labram-base-official/resolve/99fffc632f3e9a9e8c500eefbc75d74777cb7d6d/model_cfg.yaml,yaml:input_window_seconds,forte,2026-08-20T17:45:06.766444+00:00
guido151/EEGNetv4/EEGNetv4_Lee2019_ERP,asc_32_status,à adapter,rule://asc-32-channel-compatibility-v1,deterministic_compatibility_rule,faible,2026-08-20T17:44:55.495922+00:00
guido151/EEGNetv4/EEGNetv4_Lee2019_ERP,channel_count,19,https://huggingface.co/guido151/EEGNetv4/resolve/1fd2b09a4b271e8e60f228ffab42917223671b9d/README.md,readme_regex,faible,2026-08-20T17:44:55.495899+00:00
guido151/EEGNetv4/EEGNetv4_Lee2019_ERP,preprocessing,<li>8 spatial filters with 2 temporal filters per spatial filter</li>,https://huggingface.co/guido151/EEGNetv4/resolve/1fd2b09a4b271e8e60f228ffab42917223671b9d/README.md,readme_preprocessing_lines,faible,2026-08-20T17:44:55.495916+00:00
guido151/EEGNetv4/EEGNetv4_Lee2019_ERP,timepoints,128,https://huggingface.co/guido151/EEGNetv4/resolve/1fd2b09a4b271e8e60f228ffab42917223671b9d/README.md,readme_regex,faible,2026-08-20T17:44:55.495909+00:00
guido151/EEGNetv4/EEGNetv4_metric-key-subject_Lee2019_ERP,asc_32_status,à adapter,rule://asc-32-channel-compatibility-v1,deterministic_compatibility_rule,faible,2026-08-20T17:44:55.496700+00:00
guido151/EEGNetv4/EEGNetv4_metric-key-subject_Lee2019_ERP,channel_count,19,https://huggingface.co/guido151/EEGNetv4/resolve/1fd2b09a4b271e8e60f228ffab42917223671b9d/README.md,readme_regex,faible,2026-08-20T17:44:55.496679+00:00
guido151/EEGNetv4/EEGNetv4_metric-key-subject_Lee2019_ERP,preprocessing,<li>8 spatial filters with 2 temporal filters per spatial filter</li>,https://huggingface.co/guido151/EEGNetv4/resolve/1fd2b09a4b271e8e60f228ffab42917223671b9d/README.md,readme_preprocessing_lines,faible,2026-08-20T17:44:55.496694+00:00
guido151/EEGNetv4/EEGNetv4_metric-key-subject_Lee2019_ERP,timepoints,128,https://huggingface.co/guido151/EEGNetv4/resolve/1fd2b09a4b271e8e60f228ffab42917223671b9d/README.md,readme_regex,faible,2026-08-20T17:44:55.496687+00:00
hanhan05/cbramod-pretrained,asc_32_status,à vérifier,rule://asc-32-channel-compatibility-v1,deterministic_compatibility_rule,faible,2026-08-20T17:45:11.134543+00:00
oraculumai/CBraMod-CoreML-Apple/CBraModEmbedder.mlpackage/Data/com.apple.CoreML/weights,asc_32_status,à vérifier,rule://asc-32-channel-compatibility-v1,deterministic_compatibility_rule,faible,2026-08-20T17:45:12.540668+00:00
oraculumai/CBraMod-CoreML-Apple/CBraModEmbedder.mlpackage/Data/com.apple.CoreML/weights,preprocessing,"4. Resample to 200 Hz (polyphase), crop/zero-pad to exactly 1000 samples.",https://huggingface.co/oraculumai/CBraMod-CoreML-Apple/resolve/77fe966085638848dd7704ab89b16f6f64beb6ba/README.md,readme_preprocessing_lines,faible,2026-08-20T17:45:12.540638+00:00
oraculumai/CBraMod-MI-CoreML,asc_32_status,à vérifier,rule://asc-32-channel-compatibility-v1,deterministic_compatibility_rule,faible,2026-08-20T17:45:13.184439+00:00
oraculumai/CBraMod-MI-CoreML,preprocessing,| Preprocessing | average reference over the 14 channels → global z-score of the window → resample to 200 Hz (polyphase) → zero-pad to 1000 samples | | then resampled to 200 Hz and zero-padded to 1000 samples:,https://huggingface.co/oraculumai/CBraMod-MI-CoreML/resolve/d55282f2386a2f6353477702868207e7b4fbbfa8/README.md,readme_preprocessing_lines,faible,2026-08-20T17:45:13.184419+00:00
oraculumai/CBraMod-MI-CoreML,sampling_frequency,200.0,https://huggingface.co/oraculumai/CBraMod-MI-CoreML/resolve/d55282f2386a2f6353477702868207e7b4fbbfa8/README.md,readme_regex,faible,2026-08-20T17:45:13.184390+00:00
oraculumai/CBraMod-MI-CoreML/CBraModMI.mlpackage/Data/com.apple.CoreML/weights,asc_32_status,à vérifier,rule://asc-32-channel-compatibility-v1,deterministic_compatibility_rule,faible,2026-08-20T17:45:13.187337+00:00
oraculumai/CBraMod-MI-CoreML/CBraModMI.mlpackage/Data/com.apple.CoreML/weights,preprocessing,| Preprocessing | average reference over the 14 channels → global z-score of the window → resample to 200 Hz (polyphase) → zero-pad to 1000 samples | | then resampled to 200 Hz and zero-padded to 1000 samples:,https://huggingface.co/oraculumai/CBraMod-MI-CoreML/resolve/d55282f2386a2f6353477702868207e7b4fbbfa8/README.md,readme_preprocessing_lines,faible,2026-08-20T17:45:13.187316+00:00
oraculumai/CBraMod-MI-CoreML/CBraModMI.mlpackage/Data/com.apple.CoreML/weights,sampling_frequency,200.0,https://huggingface.co/oraculumai/CBraMod-MI-CoreML/resolve/d55282f2386a2f6353477702868207e7b4fbbfa8/README.md,readme_regex,faible,2026-08-20T17:45:13.187293+00:00
preetham/labra_model1,asc_32_status,non,rule://asc-32-channel-compatibility-v1,deterministic_compatibility_rule,faible,2026-08-20T17:45:03.255711+00:00
preetham/labra_model2,asc_32_status,à vérifier,rule://asc-32-channel-compatibility-v1,deterministic_compatibility_rule,faible,2026-08-20T17:45:03.935765+00:00
preetham/labra_model2/checkpoint-100,asc_32_status,à vérifier,rule://asc-32-channel-compatibility-v1,deterministic_compatibility_rule,faible,2026-08-20T17:45:03.937094+00:00
preetham/labra_model2/checkpoint-200,asc_32_status,à vérifier,rule://asc-32-channel-compatibility-v1,deterministic_compatibility_rule,faible,2026-08-20T17:45:03.938461+00:00
preetham/labra_model2/checkpoint-300,asc_32_status,à vérifier,rule://asc-32-channel-compatibility-v1,deterministic_compatibility_rule,faible,2026-08-20T17:45:03.939809+00:00
preetham/labra_model2/checkpoint-400,asc_32_status,à vérifier,rule://asc-32-channel-compatibility-v1,deterministic_compatibility_rule,faible,2026-08-20T17:45:03.941519+00:00
preetham/labra_model2/checkpoint-500,asc_32_status,à vérifier,rule://asc-32-channel-compatibility-v1,deterministic_compatibility_rule,faible,2026-08-20T17:45:03.944212+00:00
smoking11/CBraMod,asc_32_status,à vérifier,rule://asc-32-channel-compatibility-v1,deterministic_compatibility_rule,faible,2026-08-20T17:45:11.815745+00:00
weighting666/CBraMod,asc_32_status,à vérifier,rule://asc-32-channel-compatibility-v1,deterministic_compatibility_rule,faible,2026-08-20T17:45:07.417558+00:00
