display_name,electrode_order,electrode_name,x,y,z,source_url
braindecode/eegpt-pretrained,0,FP1,-0.0294367,0.08391710000000001,-0.0069900000000000006,https://huggingface.co/braindecode/eegpt-pretrained/resolve/e41cb3ae2ce4fd9eb736862292c91f8128d15618/config.json
braindecode/eegpt-pretrained,1,FPZ,0.00011229999999999999,0.088247,-0.0017130000000000001,https://huggingface.co/braindecode/eegpt-pretrained/resolve/e41cb3ae2ce4fd9eb736862292c91f8128d15618/config.json
braindecode/eegpt-pretrained,2,FP2,0.029872299999999997,0.0848959,-0.00708,https://huggingface.co/braindecode/eegpt-pretrained/resolve/e41cb3ae2ce4fd9eb736862292c91f8128d15618/config.json
braindecode/eegpt-pretrained,3,AF7,-0.0548397,0.0685722,-0.01059,https://huggingface.co/braindecode/eegpt-pretrained/resolve/e41cb3ae2ce4fd9eb736862292c91f8128d15618/config.json
braindecode/eegpt-pretrained,4,AF3,-0.0337007,0.0768371,0.021227,https://huggingface.co/braindecode/eegpt-pretrained/resolve/e41cb3ae2ce4fd9eb736862292c91f8128d15618/config.json
braindecode/eegpt-pretrained,5,AF4,0.0357123,0.0777259,0.021956,https://huggingface.co/braindecode/eegpt-pretrained/resolve/e41cb3ae2ce4fd9eb736862292c91f8128d15618/config.json
braindecode/eegpt-pretrained,6,AF8,0.055743299999999996,0.0696568,-0.010755,https://huggingface.co/braindecode/eegpt-pretrained/resolve/e41cb3ae2ce4fd9eb736862292c91f8128d15618/config.json
braindecode/eegpt-pretrained,7,F7,-0.0702629,0.0424743,-0.01142,https://huggingface.co/braindecode/eegpt-pretrained/resolve/e41cb3ae2ce4fd9eb736862292c91f8128d15618/config.json
braindecode/eegpt-pretrained,8,F5,-0.0644658,0.048035299999999996,0.016921,https://huggingface.co/braindecode/eegpt-pretrained/resolve/e41cb3ae2ce4fd9eb736862292c91f8128d15618/config.json
braindecode/eegpt-pretrained,9,F3,-0.0502438,0.0531112,0.042192,https://huggingface.co/braindecode/eegpt-pretrained/resolve/e41cb3ae2ce4fd9eb736862292c91f8128d15618/config.json
braindecode/eegpt-pretrained,10,F1,-0.0274958,0.0569311,0.060342,https://huggingface.co/braindecode/eegpt-pretrained/resolve/e41cb3ae2ce4fd9eb736862292c91f8128d15618/config.json
braindecode/eegpt-pretrained,11,FZ,0.0003122,0.058512,0.06646200000000001,https://huggingface.co/braindecode/eegpt-pretrained/resolve/e41cb3ae2ce4fd9eb736862292c91f8128d15618/config.json
braindecode/eegpt-pretrained,12,F2,0.029514199999999997,0.0576019,0.059539999999999996,https://huggingface.co/braindecode/eegpt-pretrained/resolve/e41cb3ae2ce4fd9eb736862292c91f8128d15618/config.json
braindecode/eegpt-pretrained,13,F4,0.0518362,0.0543048,0.040814,https://huggingface.co/braindecode/eegpt-pretrained/resolve/e41cb3ae2ce4fd9eb736862292c91f8128d15618/config.json
braindecode/eegpt-pretrained,14,F6,0.0679142,0.049829700000000005,0.016367,https://huggingface.co/braindecode/eegpt-pretrained/resolve/e41cb3ae2ce4fd9eb736862292c91f8128d15618/config.json
braindecode/eegpt-pretrained,15,F8,0.0730431,0.0444217,-0.012,https://huggingface.co/braindecode/eegpt-pretrained/resolve/e41cb3ae2ce4fd9eb736862292c91f8128d15618/config.json
braindecode/eegpt-pretrained,16,FT7,-0.080775,0.0141203,-0.011134999999999999,https://huggingface.co/braindecode/eegpt-pretrained/resolve/e41cb3ae2ce4fd9eb736862292c91f8128d15618/config.json
braindecode/eegpt-pretrained,17,FC5,-0.0772149,0.0186433,0.024460000000000003,https://huggingface.co/braindecode/eegpt-pretrained/resolve/e41cb3ae2ce4fd9eb736862292c91f8128d15618/config.json
braindecode/eegpt-pretrained,18,FC3,-0.060181899999999997,0.0227162,0.055543999999999996,https://huggingface.co/braindecode/eegpt-pretrained/resolve/e41cb3ae2ce4fd9eb736862292c91f8128d15618/config.json
braindecode/eegpt-pretrained,19,FC1,-0.0340619,0.0260111,0.07998699999999999,https://huggingface.co/braindecode/eegpt-pretrained/resolve/e41cb3ae2ce4fd9eb736862292c91f8128d15618/config.json
braindecode/eegpt-pretrained,20,FCZ,0.0003761,0.02739,0.08866800000000001,https://huggingface.co/braindecode/eegpt-pretrained/resolve/e41cb3ae2ce4fd9eb736862292c91f8128d15618/config.json
braindecode/eegpt-pretrained,21,FC2,0.034784100000000005,0.0264379,0.078808,https://huggingface.co/braindecode/eegpt-pretrained/resolve/e41cb3ae2ce4fd9eb736862292c91f8128d15618/config.json
braindecode/eegpt-pretrained,22,FC4,0.062293100000000004,0.0237228,0.055630000000000006,https://huggingface.co/braindecode/eegpt-pretrained/resolve/e41cb3ae2ce4fd9eb736862292c91f8128d15618/config.json
braindecode/eegpt-pretrained,23,FC6,0.0795341,0.0199357,0.024437999999999998,https://huggingface.co/braindecode/eegpt-pretrained/resolve/e41cb3ae2ce4fd9eb736862292c91f8128d15618/config.json
braindecode/eegpt-pretrained,24,FT8,0.0818151,0.0154167,-0.01133,https://huggingface.co/braindecode/eegpt-pretrained/resolve/e41cb3ae2ce4fd9eb736862292c91f8128d15618/config.json
braindecode/eegpt-pretrained,25,T7,-0.0841611,-0.0160187,-0.009346,https://huggingface.co/braindecode/eegpt-pretrained/resolve/e41cb3ae2ce4fd9eb736862292c91f8128d15618/config.json
braindecode/eegpt-pretrained,26,C5,-0.08028010000000001,-0.0137597,0.02916,https://huggingface.co/braindecode/eegpt-pretrained/resolve/e41cb3ae2ce4fd9eb736862292c91f8128d15618/config.json
braindecode/eegpt-pretrained,27,C3,-0.06535809999999999,-0.0116317,0.064358,https://huggingface.co/braindecode/eegpt-pretrained/resolve/e41cb3ae2ce4fd9eb736862292c91f8128d15618/config.json
braindecode/eegpt-pretrained,28,C1,-0.036158,-0.0099839,0.089752,https://huggingface.co/braindecode/eegpt-pretrained/resolve/e41cb3ae2ce4fd9eb736862292c91f8128d15618/config.json
braindecode/eegpt-pretrained,29,CZ,0.0004009,-0.009167,0.100244,https://huggingface.co/braindecode/eegpt-pretrained/resolve/e41cb3ae2ce4fd9eb736862292c91f8128d15618/config.json
braindecode/eegpt-pretrained,30,C2,0.037672,-0.0096241,0.088412,https://huggingface.co/braindecode/eegpt-pretrained/resolve/e41cb3ae2ce4fd9eb736862292c91f8128d15618/config.json
braindecode/eegpt-pretrained,31,C4,0.06711790000000001,-0.0109003,0.06358,https://huggingface.co/braindecode/eegpt-pretrained/resolve/e41cb3ae2ce4fd9eb736862292c91f8128d15618/config.json
braindecode/eegpt-pretrained,32,C6,0.0834559,-0.0127763,0.029207999999999998,https://huggingface.co/braindecode/eegpt-pretrained/resolve/e41cb3ae2ce4fd9eb736862292c91f8128d15618/config.json
braindecode/eegpt-pretrained,33,T8,0.0850799,-0.0150203,-0.00949,https://huggingface.co/braindecode/eegpt-pretrained/resolve/e41cb3ae2ce4fd9eb736862292c91f8128d15618/config.json
braindecode/eegpt-pretrained,34,TP7,-0.08483020000000001,-0.046021700000000006,-0.007056,https://huggingface.co/braindecode/eegpt-pretrained/resolve/e41cb3ae2ce4fd9eb736862292c91f8128d15618/config.json
braindecode/eegpt-pretrained,35,CP5,-0.0795922,-0.0465507,0.030949,https://huggingface.co/braindecode/eegpt-pretrained/resolve/e41cb3ae2ce4fd9eb736862292c91f8128d15618/config.json
braindecode/eegpt-pretrained,36,CP3,-0.0635562,-0.0470088,0.065624,https://huggingface.co/braindecode/eegpt-pretrained/resolve/e41cb3ae2ce4fd9eb736862292c91f8128d15618/config.json
braindecode/eegpt-pretrained,37,CP1,-0.0355131,-0.0472919,0.091315,https://huggingface.co/braindecode/eegpt-pretrained/resolve/e41cb3ae2ce4fd9eb736862292c91f8128d15618/config.json
braindecode/eegpt-pretrained,38,CPZ,0.0003858,-0.047318,0.099432,https://huggingface.co/braindecode/eegpt-pretrained/resolve/e41cb3ae2ce4fd9eb736862292c91f8128d15618/config.json
braindecode/eegpt-pretrained,39,CP2,0.0383838,-0.0470731,0.090695,https://huggingface.co/braindecode/eegpt-pretrained/resolve/e41cb3ae2ce4fd9eb736862292c91f8128d15618/config.json
braindecode/eegpt-pretrained,40,CP4,0.0666118,-0.0466372,0.06558,https://huggingface.co/braindecode/eegpt-pretrained/resolve/e41cb3ae2ce4fd9eb736862292c91f8128d15618/config.json
braindecode/eegpt-pretrained,41,CP6,0.0833218,-0.046101300000000005,0.031206,https://huggingface.co/braindecode/eegpt-pretrained/resolve/e41cb3ae2ce4fd9eb736862292c91f8128d15618/config.json
braindecode/eegpt-pretrained,42,TP8,0.0855488,-0.0455453,-0.00713,https://huggingface.co/braindecode/eegpt-pretrained/resolve/e41cb3ae2ce4fd9eb736862292c91f8128d15618/config.json
braindecode/eegpt-pretrained,43,P7,-0.0724343,-0.0734527,-0.002487,https://huggingface.co/braindecode/eegpt-pretrained/resolve/e41cb3ae2ce4fd9eb736862292c91f8128d15618/config.json
braindecode/eegpt-pretrained,44,P5,-0.06727230000000001,-0.0762907,0.028382,https://huggingface.co/braindecode/eegpt-pretrained/resolve/e41cb3ae2ce4fd9eb736862292c91f8128d15618/config.json
braindecode/eegpt-pretrained,45,P3,-0.0530073,-0.0787878,0.05594,https://huggingface.co/braindecode/eegpt-pretrained/resolve/e41cb3ae2ce4fd9eb736862292c91f8128d15618/config.json
braindecode/eegpt-pretrained,46,P1,-0.0286203,-0.0805249,0.075436,https://huggingface.co/braindecode/eegpt-pretrained/resolve/e41cb3ae2ce4fd9eb736862292c91f8128d15618/config.json
braindecode/eegpt-pretrained,47,PZ,0.0003247,-0.08111499999999999,0.082615,https://huggingface.co/braindecode/eegpt-pretrained/resolve/e41cb3ae2ce4fd9eb736862292c91f8128d15618/config.json
braindecode/eegpt-pretrained,48,P2,0.0319197,-0.08048709999999999,0.07671599999999999,https://huggingface.co/braindecode/eegpt-pretrained/resolve/e41cb3ae2ce4fd9eb736862292c91f8128d15618/config.json
braindecode/eegpt-pretrained,49,P4,0.0556667,-0.0785602,0.056561,https://huggingface.co/braindecode/eegpt-pretrained/resolve/e41cb3ae2ce4fd9eb736862292c91f8128d15618/config.json
braindecode/eegpt-pretrained,50,P6,0.0678877,-0.07590430000000001,0.028091,https://huggingface.co/braindecode/eegpt-pretrained/resolve/e41cb3ae2ce4fd9eb736862292c91f8128d15618/config.json
braindecode/eegpt-pretrained,51,P8,0.0730557,-0.07306829999999999,-0.00254,https://huggingface.co/braindecode/eegpt-pretrained/resolve/e41cb3ae2ce4fd9eb736862292c91f8128d15618/config.json
braindecode/eegpt-pretrained,52,PO7,-0.054840400000000004,-0.0975279,0.0027919999999999998,https://huggingface.co/braindecode/eegpt-pretrained/resolve/e41cb3ae2ce4fd9eb736862292c91f8128d15618/config.json
braindecode/eegpt-pretrained,53,PO5,-0.0484244,-0.0993408,0.021599,https://huggingface.co/braindecode/eegpt-pretrained/resolve/e41cb3ae2ce4fd9eb736862292c91f8128d15618/config.json
braindecode/eegpt-pretrained,54,PO3,-0.0365114,-0.10085290000000001,0.037167,https://huggingface.co/braindecode/eegpt-pretrained/resolve/e41cb3ae2ce4fd9eb736862292c91f8128d15618/config.json
braindecode/eegpt-pretrained,55,POZ,0.0002156,-0.10217799999999999,0.050608,https://huggingface.co/braindecode/eegpt-pretrained/resolve/e41cb3ae2ce4fd9eb736862292c91f8128d15618/config.json
braindecode/eegpt-pretrained,56,PO4,0.0367816,-0.10084910000000001,0.036397,https://huggingface.co/braindecode/eegpt-pretrained/resolve/e41cb3ae2ce4fd9eb736862292c91f8128d15618/config.json
braindecode/eegpt-pretrained,57,PO6,0.0498196,-0.0994461,0.021727,https://huggingface.co/braindecode/eegpt-pretrained/resolve/e41cb3ae2ce4fd9eb736862292c91f8128d15618/config.json
braindecode/eegpt-pretrained,58,PO8,0.055666600000000004,-0.0976251,0.00273,https://huggingface.co/braindecode/eegpt-pretrained/resolve/e41cb3ae2ce4fd9eb736862292c91f8128d15618/config.json
braindecode/eegpt-pretrained,59,O1,-0.0294134,-0.112449,0.008839,https://huggingface.co/braindecode/eegpt-pretrained/resolve/e41cb3ae2ce4fd9eb736862292c91f8128d15618/config.json
braindecode/eegpt-pretrained,60,OZ,0.0001076,-0.114892,0.014657,https://huggingface.co/braindecode/eegpt-pretrained/resolve/e41cb3ae2ce4fd9eb736862292c91f8128d15618/config.json
braindecode/eegpt-pretrained,61,O2,0.0298426,-0.112156,0.0088,https://huggingface.co/braindecode/eegpt-pretrained/resolve/e41cb3ae2ce4fd9eb736862292c91f8128d15618/config.json
braindecode/labram-pretrained,0,FP1,,,,https://huggingface.co/braindecode/labram-pretrained/resolve/0563b6c626e7b40d9a36653b763715db94d945d7/config.json
braindecode/labram-pretrained,1,FPZ,,,,https://huggingface.co/braindecode/labram-pretrained/resolve/0563b6c626e7b40d9a36653b763715db94d945d7/config.json
braindecode/labram-pretrained,2,FP2,,,,https://huggingface.co/braindecode/labram-pretrained/resolve/0563b6c626e7b40d9a36653b763715db94d945d7/config.json
braindecode/labram-pretrained,3,AF9,,,,https://huggingface.co/braindecode/labram-pretrained/resolve/0563b6c626e7b40d9a36653b763715db94d945d7/config.json
braindecode/labram-pretrained,4,AF7,,,,https://huggingface.co/braindecode/labram-pretrained/resolve/0563b6c626e7b40d9a36653b763715db94d945d7/config.json
braindecode/labram-pretrained,5,AF5,,,,https://huggingface.co/braindecode/labram-pretrained/resolve/0563b6c626e7b40d9a36653b763715db94d945d7/config.json
braindecode/labram-pretrained,6,AF3,,,,https://huggingface.co/braindecode/labram-pretrained/resolve/0563b6c626e7b40d9a36653b763715db94d945d7/config.json
braindecode/labram-pretrained,7,AF1,,,,https://huggingface.co/braindecode/labram-pretrained/resolve/0563b6c626e7b40d9a36653b763715db94d945d7/config.json
braindecode/labram-pretrained,8,AFZ,,,,https://huggingface.co/braindecode/labram-pretrained/resolve/0563b6c626e7b40d9a36653b763715db94d945d7/config.json
braindecode/labram-pretrained,9,AF2,,,,https://huggingface.co/braindecode/labram-pretrained/resolve/0563b6c626e7b40d9a36653b763715db94d945d7/config.json
braindecode/labram-pretrained,10,AF4,,,,https://huggingface.co/braindecode/labram-pretrained/resolve/0563b6c626e7b40d9a36653b763715db94d945d7/config.json
braindecode/labram-pretrained,11,AF6,,,,https://huggingface.co/braindecode/labram-pretrained/resolve/0563b6c626e7b40d9a36653b763715db94d945d7/config.json
braindecode/labram-pretrained,12,AF8,,,,https://huggingface.co/braindecode/labram-pretrained/resolve/0563b6c626e7b40d9a36653b763715db94d945d7/config.json
braindecode/labram-pretrained,13,AF10,,,,https://huggingface.co/braindecode/labram-pretrained/resolve/0563b6c626e7b40d9a36653b763715db94d945d7/config.json
braindecode/labram-pretrained,14,F9,,,,https://huggingface.co/braindecode/labram-pretrained/resolve/0563b6c626e7b40d9a36653b763715db94d945d7/config.json
braindecode/labram-pretrained,15,F7,,,,https://huggingface.co/braindecode/labram-pretrained/resolve/0563b6c626e7b40d9a36653b763715db94d945d7/config.json
braindecode/labram-pretrained,16,F5,,,,https://huggingface.co/braindecode/labram-pretrained/resolve/0563b6c626e7b40d9a36653b763715db94d945d7/config.json
braindecode/labram-pretrained,17,F3,,,,https://huggingface.co/braindecode/labram-pretrained/resolve/0563b6c626e7b40d9a36653b763715db94d945d7/config.json
braindecode/labram-pretrained,18,F1,,,,https://huggingface.co/braindecode/labram-pretrained/resolve/0563b6c626e7b40d9a36653b763715db94d945d7/config.json
braindecode/labram-pretrained,19,FZ,,,,https://huggingface.co/braindecode/labram-pretrained/resolve/0563b6c626e7b40d9a36653b763715db94d945d7/config.json
braindecode/labram-pretrained,20,F2,,,,https://huggingface.co/braindecode/labram-pretrained/resolve/0563b6c626e7b40d9a36653b763715db94d945d7/config.json
braindecode/labram-pretrained,21,F4,,,,https://huggingface.co/braindecode/labram-pretrained/resolve/0563b6c626e7b40d9a36653b763715db94d945d7/config.json
braindecode/labram-pretrained,22,F6,,,,https://huggingface.co/braindecode/labram-pretrained/resolve/0563b6c626e7b40d9a36653b763715db94d945d7/config.json
braindecode/labram-pretrained,23,F8,,,,https://huggingface.co/braindecode/labram-pretrained/resolve/0563b6c626e7b40d9a36653b763715db94d945d7/config.json
braindecode/labram-pretrained,24,F10,,,,https://huggingface.co/braindecode/labram-pretrained/resolve/0563b6c626e7b40d9a36653b763715db94d945d7/config.json
braindecode/labram-pretrained,25,FT9,,,,https://huggingface.co/braindecode/labram-pretrained/resolve/0563b6c626e7b40d9a36653b763715db94d945d7/config.json
braindecode/labram-pretrained,26,FT7,,,,https://huggingface.co/braindecode/labram-pretrained/resolve/0563b6c626e7b40d9a36653b763715db94d945d7/config.json
braindecode/labram-pretrained,27,FC5,,,,https://huggingface.co/braindecode/labram-pretrained/resolve/0563b6c626e7b40d9a36653b763715db94d945d7/config.json
braindecode/labram-pretrained,28,FC3,,,,https://huggingface.co/braindecode/labram-pretrained/resolve/0563b6c626e7b40d9a36653b763715db94d945d7/config.json
braindecode/labram-pretrained,29,FC1,,,,https://huggingface.co/braindecode/labram-pretrained/resolve/0563b6c626e7b40d9a36653b763715db94d945d7/config.json
braindecode/labram-pretrained,30,FCZ,,,,https://huggingface.co/braindecode/labram-pretrained/resolve/0563b6c626e7b40d9a36653b763715db94d945d7/config.json
braindecode/labram-pretrained,31,FC2,,,,https://huggingface.co/braindecode/labram-pretrained/resolve/0563b6c626e7b40d9a36653b763715db94d945d7/config.json
braindecode/labram-pretrained,32,FC4,,,,https://huggingface.co/braindecode/labram-pretrained/resolve/0563b6c626e7b40d9a36653b763715db94d945d7/config.json
braindecode/labram-pretrained,33,FC6,,,,https://huggingface.co/braindecode/labram-pretrained/resolve/0563b6c626e7b40d9a36653b763715db94d945d7/config.json
braindecode/labram-pretrained,34,FT8,,,,https://huggingface.co/braindecode/labram-pretrained/resolve/0563b6c626e7b40d9a36653b763715db94d945d7/config.json
braindecode/labram-pretrained,35,FT10,,,,https://huggingface.co/braindecode/labram-pretrained/resolve/0563b6c626e7b40d9a36653b763715db94d945d7/config.json
braindecode/labram-pretrained,36,T9,,,,https://huggingface.co/braindecode/labram-pretrained/resolve/0563b6c626e7b40d9a36653b763715db94d945d7/config.json
braindecode/labram-pretrained,37,T7,,,,https://huggingface.co/braindecode/labram-pretrained/resolve/0563b6c626e7b40d9a36653b763715db94d945d7/config.json
braindecode/labram-pretrained,38,C5,,,,https://huggingface.co/braindecode/labram-pretrained/resolve/0563b6c626e7b40d9a36653b763715db94d945d7/config.json
braindecode/labram-pretrained,39,C3,,,,https://huggingface.co/braindecode/labram-pretrained/resolve/0563b6c626e7b40d9a36653b763715db94d945d7/config.json
braindecode/labram-pretrained,40,C1,,,,https://huggingface.co/braindecode/labram-pretrained/resolve/0563b6c626e7b40d9a36653b763715db94d945d7/config.json
braindecode/labram-pretrained,41,CZ,,,,https://huggingface.co/braindecode/labram-pretrained/resolve/0563b6c626e7b40d9a36653b763715db94d945d7/config.json
braindecode/labram-pretrained,42,C2,,,,https://huggingface.co/braindecode/labram-pretrained/resolve/0563b6c626e7b40d9a36653b763715db94d945d7/config.json
braindecode/labram-pretrained,43,C4,,,,https://huggingface.co/braindecode/labram-pretrained/resolve/0563b6c626e7b40d9a36653b763715db94d945d7/config.json
braindecode/labram-pretrained,44,C6,,,,https://huggingface.co/braindecode/labram-pretrained/resolve/0563b6c626e7b40d9a36653b763715db94d945d7/config.json
braindecode/labram-pretrained,45,T8,,,,https://huggingface.co/braindecode/labram-pretrained/resolve/0563b6c626e7b40d9a36653b763715db94d945d7/config.json
braindecode/labram-pretrained,46,T10,,,,https://huggingface.co/braindecode/labram-pretrained/resolve/0563b6c626e7b40d9a36653b763715db94d945d7/config.json
braindecode/labram-pretrained,47,TP9,,,,https://huggingface.co/braindecode/labram-pretrained/resolve/0563b6c626e7b40d9a36653b763715db94d945d7/config.json
braindecode/labram-pretrained,48,TP7,,,,https://huggingface.co/braindecode/labram-pretrained/resolve/0563b6c626e7b40d9a36653b763715db94d945d7/config.json
braindecode/labram-pretrained,49,CP5,,,,https://huggingface.co/braindecode/labram-pretrained/resolve/0563b6c626e7b40d9a36653b763715db94d945d7/config.json
braindecode/labram-pretrained,50,CP3,,,,https://huggingface.co/braindecode/labram-pretrained/resolve/0563b6c626e7b40d9a36653b763715db94d945d7/config.json
braindecode/labram-pretrained,51,CP1,,,,https://huggingface.co/braindecode/labram-pretrained/resolve/0563b6c626e7b40d9a36653b763715db94d945d7/config.json
braindecode/labram-pretrained,52,CPZ,,,,https://huggingface.co/braindecode/labram-pretrained/resolve/0563b6c626e7b40d9a36653b763715db94d945d7/config.json
braindecode/labram-pretrained,53,CP2,,,,https://huggingface.co/braindecode/labram-pretrained/resolve/0563b6c626e7b40d9a36653b763715db94d945d7/config.json
braindecode/labram-pretrained,54,CP4,,,,https://huggingface.co/braindecode/labram-pretrained/resolve/0563b6c626e7b40d9a36653b763715db94d945d7/config.json
braindecode/labram-pretrained,55,CP6,,,,https://huggingface.co/braindecode/labram-pretrained/resolve/0563b6c626e7b40d9a36653b763715db94d945d7/config.json
braindecode/labram-pretrained,56,TP8,,,,https://huggingface.co/braindecode/labram-pretrained/resolve/0563b6c626e7b40d9a36653b763715db94d945d7/config.json
braindecode/labram-pretrained,57,TP10,,,,https://huggingface.co/braindecode/labram-pretrained/resolve/0563b6c626e7b40d9a36653b763715db94d945d7/config.json
braindecode/labram-pretrained,58,P9,,,,https://huggingface.co/braindecode/labram-pretrained/resolve/0563b6c626e7b40d9a36653b763715db94d945d7/config.json
braindecode/labram-pretrained,59,P7,,,,https://huggingface.co/braindecode/labram-pretrained/resolve/0563b6c626e7b40d9a36653b763715db94d945d7/config.json
braindecode/labram-pretrained,60,P5,,,,https://huggingface.co/braindecode/labram-pretrained/resolve/0563b6c626e7b40d9a36653b763715db94d945d7/config.json
braindecode/labram-pretrained,61,P3,,,,https://huggingface.co/braindecode/labram-pretrained/resolve/0563b6c626e7b40d9a36653b763715db94d945d7/config.json
braindecode/labram-pretrained,62,P1,,,,https://huggingface.co/braindecode/labram-pretrained/resolve/0563b6c626e7b40d9a36653b763715db94d945d7/config.json
braindecode/labram-pretrained,63,PZ,,,,https://huggingface.co/braindecode/labram-pretrained/resolve/0563b6c626e7b40d9a36653b763715db94d945d7/config.json
braindecode/labram-pretrained,64,P2,,,,https://huggingface.co/braindecode/labram-pretrained/resolve/0563b6c626e7b40d9a36653b763715db94d945d7/config.json
braindecode/labram-pretrained,65,P4,,,,https://huggingface.co/braindecode/labram-pretrained/resolve/0563b6c626e7b40d9a36653b763715db94d945d7/config.json
braindecode/labram-pretrained,66,P6,,,,https://huggingface.co/braindecode/labram-pretrained/resolve/0563b6c626e7b40d9a36653b763715db94d945d7/config.json
braindecode/labram-pretrained,67,P8,,,,https://huggingface.co/braindecode/labram-pretrained/resolve/0563b6c626e7b40d9a36653b763715db94d945d7/config.json
braindecode/labram-pretrained,68,P10,,,,https://huggingface.co/braindecode/labram-pretrained/resolve/0563b6c626e7b40d9a36653b763715db94d945d7/config.json
braindecode/labram-pretrained,69,PO9,,,,https://huggingface.co/braindecode/labram-pretrained/resolve/0563b6c626e7b40d9a36653b763715db94d945d7/config.json
braindecode/labram-pretrained,70,PO7,,,,https://huggingface.co/braindecode/labram-pretrained/resolve/0563b6c626e7b40d9a36653b763715db94d945d7/config.json
braindecode/labram-pretrained,71,PO5,,,,https://huggingface.co/braindecode/labram-pretrained/resolve/0563b6c626e7b40d9a36653b763715db94d945d7/config.json
braindecode/labram-pretrained,72,PO3,,,,https://huggingface.co/braindecode/labram-pretrained/resolve/0563b6c626e7b40d9a36653b763715db94d945d7/config.json
braindecode/labram-pretrained,73,PO1,,,,https://huggingface.co/braindecode/labram-pretrained/resolve/0563b6c626e7b40d9a36653b763715db94d945d7/config.json
braindecode/labram-pretrained,74,POZ,,,,https://huggingface.co/braindecode/labram-pretrained/resolve/0563b6c626e7b40d9a36653b763715db94d945d7/config.json
braindecode/labram-pretrained,75,PO2,,,,https://huggingface.co/braindecode/labram-pretrained/resolve/0563b6c626e7b40d9a36653b763715db94d945d7/config.json
braindecode/labram-pretrained,76,PO4,,,,https://huggingface.co/braindecode/labram-pretrained/resolve/0563b6c626e7b40d9a36653b763715db94d945d7/config.json
braindecode/labram-pretrained,77,PO6,,,,https://huggingface.co/braindecode/labram-pretrained/resolve/0563b6c626e7b40d9a36653b763715db94d945d7/config.json
braindecode/labram-pretrained,78,PO8,,,,https://huggingface.co/braindecode/labram-pretrained/resolve/0563b6c626e7b40d9a36653b763715db94d945d7/config.json
braindecode/labram-pretrained,79,PO10,,,,https://huggingface.co/braindecode/labram-pretrained/resolve/0563b6c626e7b40d9a36653b763715db94d945d7/config.json
braindecode/labram-pretrained,80,O1,,,,https://huggingface.co/braindecode/labram-pretrained/resolve/0563b6c626e7b40d9a36653b763715db94d945d7/config.json
braindecode/labram-pretrained,81,OZ,,,,https://huggingface.co/braindecode/labram-pretrained/resolve/0563b6c626e7b40d9a36653b763715db94d945d7/config.json
braindecode/labram-pretrained,82,O2,,,,https://huggingface.co/braindecode/labram-pretrained/resolve/0563b6c626e7b40d9a36653b763715db94d945d7/config.json
braindecode/labram-pretrained,83,O9,,,,https://huggingface.co/braindecode/labram-pretrained/resolve/0563b6c626e7b40d9a36653b763715db94d945d7/config.json
braindecode/labram-pretrained,84,CB1,,,,https://huggingface.co/braindecode/labram-pretrained/resolve/0563b6c626e7b40d9a36653b763715db94d945d7/config.json
braindecode/labram-pretrained,85,CB2,,,,https://huggingface.co/braindecode/labram-pretrained/resolve/0563b6c626e7b40d9a36653b763715db94d945d7/config.json
braindecode/labram-pretrained,86,IZ,,,,https://huggingface.co/braindecode/labram-pretrained/resolve/0563b6c626e7b40d9a36653b763715db94d945d7/config.json
braindecode/labram-pretrained,87,O10,,,,https://huggingface.co/braindecode/labram-pretrained/resolve/0563b6c626e7b40d9a36653b763715db94d945d7/config.json
braindecode/labram-pretrained,88,T3,,,,https://huggingface.co/braindecode/labram-pretrained/resolve/0563b6c626e7b40d9a36653b763715db94d945d7/config.json
braindecode/labram-pretrained,89,T5,,,,https://huggingface.co/braindecode/labram-pretrained/resolve/0563b6c626e7b40d9a36653b763715db94d945d7/config.json
braindecode/labram-pretrained,90,T4,,,,https://huggingface.co/braindecode/labram-pretrained/resolve/0563b6c626e7b40d9a36653b763715db94d945d7/config.json
braindecode/labram-pretrained,91,T6,,,,https://huggingface.co/braindecode/labram-pretrained/resolve/0563b6c626e7b40d9a36653b763715db94d945d7/config.json
braindecode/labram-pretrained,92,M1,,,,https://huggingface.co/braindecode/labram-pretrained/resolve/0563b6c626e7b40d9a36653b763715db94d945d7/config.json
braindecode/labram-pretrained,93,M2,,,,https://huggingface.co/braindecode/labram-pretrained/resolve/0563b6c626e7b40d9a36653b763715db94d945d7/config.json
braindecode/labram-pretrained,94,A1,,,,https://huggingface.co/braindecode/labram-pretrained/resolve/0563b6c626e7b40d9a36653b763715db94d945d7/config.json
braindecode/labram-pretrained,95,A2,,,,https://huggingface.co/braindecode/labram-pretrained/resolve/0563b6c626e7b40d9a36653b763715db94d945d7/config.json
braindecode/labram-pretrained,96,CFC1,,,,https://huggingface.co/braindecode/labram-pretrained/resolve/0563b6c626e7b40d9a36653b763715db94d945d7/config.json
braindecode/labram-pretrained,97,CFC2,,,,https://huggingface.co/braindecode/labram-pretrained/resolve/0563b6c626e7b40d9a36653b763715db94d945d7/config.json
braindecode/labram-pretrained,98,CFC3,,,,https://huggingface.co/braindecode/labram-pretrained/resolve/0563b6c626e7b40d9a36653b763715db94d945d7/config.json
braindecode/labram-pretrained,99,CFC4,,,,https://huggingface.co/braindecode/labram-pretrained/resolve/0563b6c626e7b40d9a36653b763715db94d945d7/config.json
braindecode/labram-pretrained,100,CFC5,,,,https://huggingface.co/braindecode/labram-pretrained/resolve/0563b6c626e7b40d9a36653b763715db94d945d7/config.json
braindecode/labram-pretrained,101,CFC6,,,,https://huggingface.co/braindecode/labram-pretrained/resolve/0563b6c626e7b40d9a36653b763715db94d945d7/config.json
braindecode/labram-pretrained,102,CFC7,,,,https://huggingface.co/braindecode/labram-pretrained/resolve/0563b6c626e7b40d9a36653b763715db94d945d7/config.json
braindecode/labram-pretrained,103,CFC8,,,,https://huggingface.co/braindecode/labram-pretrained/resolve/0563b6c626e7b40d9a36653b763715db94d945d7/config.json
braindecode/labram-pretrained,104,CCP1,,,,https://huggingface.co/braindecode/labram-pretrained/resolve/0563b6c626e7b40d9a36653b763715db94d945d7/config.json
braindecode/labram-pretrained,105,CCP2,,,,https://huggingface.co/braindecode/labram-pretrained/resolve/0563b6c626e7b40d9a36653b763715db94d945d7/config.json
braindecode/labram-pretrained,106,CCP3,,,,https://huggingface.co/braindecode/labram-pretrained/resolve/0563b6c626e7b40d9a36653b763715db94d945d7/config.json
braindecode/labram-pretrained,107,CCP4,,,,https://huggingface.co/braindecode/labram-pretrained/resolve/0563b6c626e7b40d9a36653b763715db94d945d7/config.json
braindecode/labram-pretrained,108,CCP5,,,,https://huggingface.co/braindecode/labram-pretrained/resolve/0563b6c626e7b40d9a36653b763715db94d945d7/config.json
braindecode/labram-pretrained,109,CCP6,,,,https://huggingface.co/braindecode/labram-pretrained/resolve/0563b6c626e7b40d9a36653b763715db94d945d7/config.json
braindecode/labram-pretrained,110,CCP7,,,,https://huggingface.co/braindecode/labram-pretrained/resolve/0563b6c626e7b40d9a36653b763715db94d945d7/config.json
braindecode/labram-pretrained,111,CCP8,,,,https://huggingface.co/braindecode/labram-pretrained/resolve/0563b6c626e7b40d9a36653b763715db94d945d7/config.json
braindecode/labram-pretrained,112,T1,,,,https://huggingface.co/braindecode/labram-pretrained/resolve/0563b6c626e7b40d9a36653b763715db94d945d7/config.json
braindecode/labram-pretrained,113,T2,,,,https://huggingface.co/braindecode/labram-pretrained/resolve/0563b6c626e7b40d9a36653b763715db94d945d7/config.json
braindecode/labram-pretrained,114,FTT9h,,,,https://huggingface.co/braindecode/labram-pretrained/resolve/0563b6c626e7b40d9a36653b763715db94d945d7/config.json
braindecode/labram-pretrained,115,TTP7h,,,,https://huggingface.co/braindecode/labram-pretrained/resolve/0563b6c626e7b40d9a36653b763715db94d945d7/config.json
braindecode/labram-pretrained,116,TPP9h,,,,https://huggingface.co/braindecode/labram-pretrained/resolve/0563b6c626e7b40d9a36653b763715db94d945d7/config.json
braindecode/labram-pretrained,117,FTT10h,,,,https://huggingface.co/braindecode/labram-pretrained/resolve/0563b6c626e7b40d9a36653b763715db94d945d7/config.json
braindecode/labram-pretrained,118,TPP8h,,,,https://huggingface.co/braindecode/labram-pretrained/resolve/0563b6c626e7b40d9a36653b763715db94d945d7/config.json
braindecode/labram-pretrained,119,TPP10h,,,,https://huggingface.co/braindecode/labram-pretrained/resolve/0563b6c626e7b40d9a36653b763715db94d945d7/config.json
braindecode/labram-pretrained,120,FP1-F7,,,,https://huggingface.co/braindecode/labram-pretrained/resolve/0563b6c626e7b40d9a36653b763715db94d945d7/config.json
braindecode/labram-pretrained,121,F7-T7,,,,https://huggingface.co/braindecode/labram-pretrained/resolve/0563b6c626e7b40d9a36653b763715db94d945d7/config.json
braindecode/labram-pretrained,122,T7-P7,,,,https://huggingface.co/braindecode/labram-pretrained/resolve/0563b6c626e7b40d9a36653b763715db94d945d7/config.json
braindecode/labram-pretrained,123,P7-O1,,,,https://huggingface.co/braindecode/labram-pretrained/resolve/0563b6c626e7b40d9a36653b763715db94d945d7/config.json
braindecode/labram-pretrained,124,FP2-F8,,,,https://huggingface.co/braindecode/labram-pretrained/resolve/0563b6c626e7b40d9a36653b763715db94d945d7/config.json
braindecode/labram-pretrained,125,F8-T8,,,,https://huggingface.co/braindecode/labram-pretrained/resolve/0563b6c626e7b40d9a36653b763715db94d945d7/config.json
braindecode/labram-pretrained,126,T8-P8,,,,https://huggingface.co/braindecode/labram-pretrained/resolve/0563b6c626e7b40d9a36653b763715db94d945d7/config.json
braindecode/labram-pretrained,127,P8-O2,,,,https://huggingface.co/braindecode/labram-pretrained/resolve/0563b6c626e7b40d9a36653b763715db94d945d7/config.json
braindecode/signal-jepa,0,Fp1,-0.0294367,0.0839171,-0.00699,https://huggingface.co/braindecode/signal-jepa/resolve/51232ee0795a60e4378c17befe1e2ea5e94450c4/config.json
braindecode/signal-jepa,1,Fp2,0.0298723,0.0848959,-0.00708,https://huggingface.co/braindecode/signal-jepa/resolve/51232ee0795a60e4378c17befe1e2ea5e94450c4/config.json
braindecode/signal-jepa,2,F7,-0.0702629,0.0424743,-0.01142,https://huggingface.co/braindecode/signal-jepa/resolve/51232ee0795a60e4378c17befe1e2ea5e94450c4/config.json
braindecode/signal-jepa,3,F3,-0.0502438,0.0531112,0.042192,https://huggingface.co/braindecode/signal-jepa/resolve/51232ee0795a60e4378c17befe1e2ea5e94450c4/config.json
braindecode/signal-jepa,4,Fz,0.0003122,0.058512,0.066462,https://huggingface.co/braindecode/signal-jepa/resolve/51232ee0795a60e4378c17befe1e2ea5e94450c4/config.json
braindecode/signal-jepa,5,F4,0.0518362,0.0543048,0.040814,https://huggingface.co/braindecode/signal-jepa/resolve/51232ee0795a60e4378c17befe1e2ea5e94450c4/config.json
braindecode/signal-jepa,6,F8,0.0730431,0.0444217,-0.012,https://huggingface.co/braindecode/signal-jepa/resolve/51232ee0795a60e4378c17befe1e2ea5e94450c4/config.json
braindecode/signal-jepa,7,FC5,-0.0772149,0.0186433,0.02446,https://huggingface.co/braindecode/signal-jepa/resolve/51232ee0795a60e4378c17befe1e2ea5e94450c4/config.json
braindecode/signal-jepa,8,FC1,-0.0340619,0.0260111,0.079987,https://huggingface.co/braindecode/signal-jepa/resolve/51232ee0795a60e4378c17befe1e2ea5e94450c4/config.json
braindecode/signal-jepa,9,FC2,0.0347841,0.0264379,0.078808,https://huggingface.co/braindecode/signal-jepa/resolve/51232ee0795a60e4378c17befe1e2ea5e94450c4/config.json
braindecode/signal-jepa,10,FC6,0.0795341,0.0199357,0.024438,https://huggingface.co/braindecode/signal-jepa/resolve/51232ee0795a60e4378c17befe1e2ea5e94450c4/config.json
braindecode/signal-jepa,11,T7,-0.0841611,-0.0160187,-0.009346,https://huggingface.co/braindecode/signal-jepa/resolve/51232ee0795a60e4378c17befe1e2ea5e94450c4/config.json
braindecode/signal-jepa,12,C3,-0.0653581,-0.0116317,0.064358,https://huggingface.co/braindecode/signal-jepa/resolve/51232ee0795a60e4378c17befe1e2ea5e94450c4/config.json
braindecode/signal-jepa,13,Cz,0.0004009,-0.009167,0.100244,https://huggingface.co/braindecode/signal-jepa/resolve/51232ee0795a60e4378c17befe1e2ea5e94450c4/config.json
braindecode/signal-jepa,14,C4,0.0671179,-0.0109003,0.06358,https://huggingface.co/braindecode/signal-jepa/resolve/51232ee0795a60e4378c17befe1e2ea5e94450c4/config.json
braindecode/signal-jepa,15,T8,0.0850799,-0.0150203,-0.00949,https://huggingface.co/braindecode/signal-jepa/resolve/51232ee0795a60e4378c17befe1e2ea5e94450c4/config.json
braindecode/signal-jepa,16,TP9,-0.0856192,-0.0465147,-0.045707,https://huggingface.co/braindecode/signal-jepa/resolve/51232ee0795a60e4378c17befe1e2ea5e94450c4/config.json
braindecode/signal-jepa,17,CP5,-0.0795922,-0.0465507,0.030949,https://huggingface.co/braindecode/signal-jepa/resolve/51232ee0795a60e4378c17befe1e2ea5e94450c4/config.json
braindecode/signal-jepa,18,CP1,-0.0355131,-0.0472919,0.091315,https://huggingface.co/braindecode/signal-jepa/resolve/51232ee0795a60e4378c17befe1e2ea5e94450c4/config.json
braindecode/signal-jepa,19,CP2,0.0383838,-0.0470731,0.090695,https://huggingface.co/braindecode/signal-jepa/resolve/51232ee0795a60e4378c17befe1e2ea5e94450c4/config.json
braindecode/signal-jepa,20,CP6,0.0833218,-0.0461013,0.031206,https://huggingface.co/braindecode/signal-jepa/resolve/51232ee0795a60e4378c17befe1e2ea5e94450c4/config.json
braindecode/signal-jepa,21,TP10,0.0861618,-0.0470353,-0.045869,https://huggingface.co/braindecode/signal-jepa/resolve/51232ee0795a60e4378c17befe1e2ea5e94450c4/config.json
braindecode/signal-jepa,22,P7,-0.0724343,-0.0734527,-0.002487,https://huggingface.co/braindecode/signal-jepa/resolve/51232ee0795a60e4378c17befe1e2ea5e94450c4/config.json
braindecode/signal-jepa,23,P3,-0.0530073,-0.0787878,0.05594,https://huggingface.co/braindecode/signal-jepa/resolve/51232ee0795a60e4378c17befe1e2ea5e94450c4/config.json
braindecode/signal-jepa,24,Pz,0.0003247,-0.081115,0.082615,https://huggingface.co/braindecode/signal-jepa/resolve/51232ee0795a60e4378c17befe1e2ea5e94450c4/config.json
braindecode/signal-jepa,25,P4,0.0556667,-0.0785602,0.056561,https://huggingface.co/braindecode/signal-jepa/resolve/51232ee0795a60e4378c17befe1e2ea5e94450c4/config.json
braindecode/signal-jepa,26,P8,0.0730557,-0.0730683,-0.00254,https://huggingface.co/braindecode/signal-jepa/resolve/51232ee0795a60e4378c17befe1e2ea5e94450c4/config.json
braindecode/signal-jepa,27,PO9,-0.0549104,-0.0980448,-0.035465,https://huggingface.co/braindecode/signal-jepa/resolve/51232ee0795a60e4378c17befe1e2ea5e94450c4/config.json
braindecode/signal-jepa,28,O1,-0.0294134,-0.112449,0.008839,https://huggingface.co/braindecode/signal-jepa/resolve/51232ee0795a60e4378c17befe1e2ea5e94450c4/config.json
braindecode/signal-jepa,29,Oz,0.0001076,-0.114892,0.014657,https://huggingface.co/braindecode/signal-jepa/resolve/51232ee0795a60e4378c17befe1e2ea5e94450c4/config.json
braindecode/signal-jepa,30,O2,0.0298426,-0.112156,0.0088,https://huggingface.co/braindecode/signal-jepa/resolve/51232ee0795a60e4378c17befe1e2ea5e94450c4/config.json
braindecode/signal-jepa,31,PO10,0.0549876,-0.0980911,-0.035541,https://huggingface.co/braindecode/signal-jepa/resolve/51232ee0795a60e4378c17befe1e2ea5e94450c4/config.json
braindecode/signal-jepa,32,FC3,-0.0601819,0.0227162,0.055544,https://huggingface.co/braindecode/signal-jepa/resolve/51232ee0795a60e4378c17befe1e2ea5e94450c4/config.json
braindecode/signal-jepa,33,FC4,0.0622931,0.0237228,0.05563,https://huggingface.co/braindecode/signal-jepa/resolve/51232ee0795a60e4378c17befe1e2ea5e94450c4/config.json
braindecode/signal-jepa,34,C5,-0.0802801,-0.0137597,0.02916,https://huggingface.co/braindecode/signal-jepa/resolve/51232ee0795a60e4378c17befe1e2ea5e94450c4/config.json
braindecode/signal-jepa,35,C1,-0.036158,-0.0099839,0.089752,https://huggingface.co/braindecode/signal-jepa/resolve/51232ee0795a60e4378c17befe1e2ea5e94450c4/config.json
braindecode/signal-jepa,36,C2,0.037672,-0.0096241,0.088412,https://huggingface.co/braindecode/signal-jepa/resolve/51232ee0795a60e4378c17befe1e2ea5e94450c4/config.json
braindecode/signal-jepa,37,C6,0.0834559,-0.0127763,0.029208,https://huggingface.co/braindecode/signal-jepa/resolve/51232ee0795a60e4378c17befe1e2ea5e94450c4/config.json
braindecode/signal-jepa,38,CP3,-0.0635562,-0.0470088,0.065624,https://huggingface.co/braindecode/signal-jepa/resolve/51232ee0795a60e4378c17befe1e2ea5e94450c4/config.json
braindecode/signal-jepa,39,CPz,0.0003858,-0.047318,0.099432,https://huggingface.co/braindecode/signal-jepa/resolve/51232ee0795a60e4378c17befe1e2ea5e94450c4/config.json
braindecode/signal-jepa,40,CP4,0.0666118,-0.0466372,0.06558,https://huggingface.co/braindecode/signal-jepa/resolve/51232ee0795a60e4378c17befe1e2ea5e94450c4/config.json
braindecode/signal-jepa,41,P1,-0.0286203,-0.0805249,0.075436,https://huggingface.co/braindecode/signal-jepa/resolve/51232ee0795a60e4378c17befe1e2ea5e94450c4/config.json
braindecode/signal-jepa,42,P2,0.0319197,-0.0804871,0.076716,https://huggingface.co/braindecode/signal-jepa/resolve/51232ee0795a60e4378c17befe1e2ea5e94450c4/config.json
braindecode/signal-jepa,43,POz,0.0002156,-0.102178,0.050608,https://huggingface.co/braindecode/signal-jepa/resolve/51232ee0795a60e4378c17befe1e2ea5e94450c4/config.json
braindecode/signal-jepa,44,FT9,-0.0840759,0.0145673,-0.050429,https://huggingface.co/braindecode/signal-jepa/resolve/51232ee0795a60e4378c17befe1e2ea5e94450c4/config.json
braindecode/signal-jepa,45,FTT9h,-0.084125,-0.0018467,-0.029794,https://huggingface.co/braindecode/signal-jepa/resolve/51232ee0795a60e4378c17befe1e2ea5e94450c4/config.json
braindecode/signal-jepa,46,TTP7h,-0.0855651,-0.0306287,0.011153,https://huggingface.co/braindecode/signal-jepa/resolve/51232ee0795a60e4378c17befe1e2ea5e94450c4/config.json
braindecode/signal-jepa,47,TP7,-0.0848302,-0.0460217,-0.007056,https://huggingface.co/braindecode/signal-jepa/resolve/51232ee0795a60e4378c17befe1e2ea5e94450c4/config.json
braindecode/signal-jepa,48,TPP9h,-0.0781602,-0.0607567,-0.023824,https://huggingface.co/braindecode/signal-jepa/resolve/51232ee0795a60e4378c17befe1e2ea5e94450c4/config.json
braindecode/signal-jepa,49,FT10,0.0841131,0.0143647,-0.050538,https://huggingface.co/braindecode/signal-jepa/resolve/51232ee0795a60e4378c17befe1e2ea5e94450c4/config.json
braindecode/signal-jepa,50,FTT10h,0.084123,-0.0018083,-0.029638,https://huggingface.co/braindecode/signal-jepa/resolve/51232ee0795a60e4378c17befe1e2ea5e94450c4/config.json
braindecode/signal-jepa,51,TPP8h,0.0785198,-0.0604323,0.012902,https://huggingface.co/braindecode/signal-jepa/resolve/51232ee0795a60e4378c17befe1e2ea5e94450c4/config.json
braindecode/signal-jepa,52,TP8,0.0855488,-0.0455453,-0.00713,https://huggingface.co/braindecode/signal-jepa/resolve/51232ee0795a60e4378c17befe1e2ea5e94450c4/config.json
braindecode/signal-jepa,53,TPP10h,0.0789027,-0.0609553,-0.023805,https://huggingface.co/braindecode/signal-jepa/resolve/51232ee0795a60e4378c17befe1e2ea5e94450c4/config.json
braindecode/signal-jepa,54,F9,-0.0701019,0.0416523,-0.049952,https://huggingface.co/braindecode/signal-jepa/resolve/51232ee0795a60e4378c17befe1e2ea5e94450c4/config.json
braindecode/signal-jepa,55,F10,0.0721141,0.0420667,-0.050452,https://huggingface.co/braindecode/signal-jepa/resolve/51232ee0795a60e4378c17befe1e2ea5e94450c4/config.json
braindecode/signal-jepa,56,AF7,-0.0548397,0.0685722,-0.01059,https://huggingface.co/braindecode/signal-jepa/resolve/51232ee0795a60e4378c17befe1e2ea5e94450c4/config.json
braindecode/signal-jepa,57,AF3,-0.0337007,0.0768371,0.021227,https://huggingface.co/braindecode/signal-jepa/resolve/51232ee0795a60e4378c17befe1e2ea5e94450c4/config.json
braindecode/signal-jepa,58,AF4,0.0357123,0.0777259,0.021956,https://huggingface.co/braindecode/signal-jepa/resolve/51232ee0795a60e4378c17befe1e2ea5e94450c4/config.json
braindecode/signal-jepa,59,AF8,0.0557433,0.0696568,-0.010755,https://huggingface.co/braindecode/signal-jepa/resolve/51232ee0795a60e4378c17befe1e2ea5e94450c4/config.json
braindecode/signal-jepa,60,PO3,-0.0365114,-0.1008529,0.037167,https://huggingface.co/braindecode/signal-jepa/resolve/51232ee0795a60e4378c17befe1e2ea5e94450c4/config.json
braindecode/signal-jepa,61,PO4,0.0367816,-0.1008491,0.036397,https://huggingface.co/braindecode/signal-jepa/resolve/51232ee0795a60e4378c17befe1e2ea5e94450c4/config.json
eeg-telecom-paris/cbramod-base-official,0,FP1,,,,https://huggingface.co/eeg-telecom-paris/cbramod-base-official/resolve/103466ceb62ecc2fb780b64c220b2cfcd1e5566b/model_cfg.yaml
eeg-telecom-paris/cbramod-base-official,1,FP2,,,,https://huggingface.co/eeg-telecom-paris/cbramod-base-official/resolve/103466ceb62ecc2fb780b64c220b2cfcd1e5566b/model_cfg.yaml
eeg-telecom-paris/cbramod-base-official,2,F3,,,,https://huggingface.co/eeg-telecom-paris/cbramod-base-official/resolve/103466ceb62ecc2fb780b64c220b2cfcd1e5566b/model_cfg.yaml
eeg-telecom-paris/cbramod-base-official,3,F4,,,,https://huggingface.co/eeg-telecom-paris/cbramod-base-official/resolve/103466ceb62ecc2fb780b64c220b2cfcd1e5566b/model_cfg.yaml
eeg-telecom-paris/cbramod-base-official,4,C3,,,,https://huggingface.co/eeg-telecom-paris/cbramod-base-official/resolve/103466ceb62ecc2fb780b64c220b2cfcd1e5566b/model_cfg.yaml
eeg-telecom-paris/cbramod-base-official,5,C4,,,,https://huggingface.co/eeg-telecom-paris/cbramod-base-official/resolve/103466ceb62ecc2fb780b64c220b2cfcd1e5566b/model_cfg.yaml
eeg-telecom-paris/cbramod-base-official,6,P3,,,,https://huggingface.co/eeg-telecom-paris/cbramod-base-official/resolve/103466ceb62ecc2fb780b64c220b2cfcd1e5566b/model_cfg.yaml
eeg-telecom-paris/cbramod-base-official,7,P4,,,,https://huggingface.co/eeg-telecom-paris/cbramod-base-official/resolve/103466ceb62ecc2fb780b64c220b2cfcd1e5566b/model_cfg.yaml
eeg-telecom-paris/cbramod-base-official,8,O1,,,,https://huggingface.co/eeg-telecom-paris/cbramod-base-official/resolve/103466ceb62ecc2fb780b64c220b2cfcd1e5566b/model_cfg.yaml
eeg-telecom-paris/cbramod-base-official,9,O2,,,,https://huggingface.co/eeg-telecom-paris/cbramod-base-official/resolve/103466ceb62ecc2fb780b64c220b2cfcd1e5566b/model_cfg.yaml
eeg-telecom-paris/cbramod-base-official,10,F7,,,,https://huggingface.co/eeg-telecom-paris/cbramod-base-official/resolve/103466ceb62ecc2fb780b64c220b2cfcd1e5566b/model_cfg.yaml
eeg-telecom-paris/cbramod-base-official,11,F8,,,,https://huggingface.co/eeg-telecom-paris/cbramod-base-official/resolve/103466ceb62ecc2fb780b64c220b2cfcd1e5566b/model_cfg.yaml
eeg-telecom-paris/cbramod-base-official,12,T3,,,,https://huggingface.co/eeg-telecom-paris/cbramod-base-official/resolve/103466ceb62ecc2fb780b64c220b2cfcd1e5566b/model_cfg.yaml
eeg-telecom-paris/cbramod-base-official,13,T4,,,,https://huggingface.co/eeg-telecom-paris/cbramod-base-official/resolve/103466ceb62ecc2fb780b64c220b2cfcd1e5566b/model_cfg.yaml
eeg-telecom-paris/cbramod-base-official,14,T5,,,,https://huggingface.co/eeg-telecom-paris/cbramod-base-official/resolve/103466ceb62ecc2fb780b64c220b2cfcd1e5566b/model_cfg.yaml
eeg-telecom-paris/cbramod-base-official,15,T6,,,,https://huggingface.co/eeg-telecom-paris/cbramod-base-official/resolve/103466ceb62ecc2fb780b64c220b2cfcd1e5566b/model_cfg.yaml
eeg-telecom-paris/cbramod-base-official,16,FZ,,,,https://huggingface.co/eeg-telecom-paris/cbramod-base-official/resolve/103466ceb62ecc2fb780b64c220b2cfcd1e5566b/model_cfg.yaml
eeg-telecom-paris/cbramod-base-official,17,CZ,,,,https://huggingface.co/eeg-telecom-paris/cbramod-base-official/resolve/103466ceb62ecc2fb780b64c220b2cfcd1e5566b/model_cfg.yaml
eeg-telecom-paris/cbramod-base-official,18,PZ,,,,https://huggingface.co/eeg-telecom-paris/cbramod-base-official/resolve/103466ceb62ecc2fb780b64c220b2cfcd1e5566b/model_cfg.yaml
eeg-telecom-paris/eegpt-large-official,0,FP1,,,,https://huggingface.co/eeg-telecom-paris/eegpt-large-official/resolve/11e0075c388e282a2762496f7f3775652c9e3db9/model_cfg.yaml
eeg-telecom-paris/eegpt-large-official,1,FPZ,,,,https://huggingface.co/eeg-telecom-paris/eegpt-large-official/resolve/11e0075c388e282a2762496f7f3775652c9e3db9/model_cfg.yaml
eeg-telecom-paris/eegpt-large-official,2,FP2,,,,https://huggingface.co/eeg-telecom-paris/eegpt-large-official/resolve/11e0075c388e282a2762496f7f3775652c9e3db9/model_cfg.yaml
eeg-telecom-paris/eegpt-large-official,3,AF3,,,,https://huggingface.co/eeg-telecom-paris/eegpt-large-official/resolve/11e0075c388e282a2762496f7f3775652c9e3db9/model_cfg.yaml
eeg-telecom-paris/eegpt-large-official,4,AF4,,,,https://huggingface.co/eeg-telecom-paris/eegpt-large-official/resolve/11e0075c388e282a2762496f7f3775652c9e3db9/model_cfg.yaml
eeg-telecom-paris/eegpt-large-official,5,F7,,,,https://huggingface.co/eeg-telecom-paris/eegpt-large-official/resolve/11e0075c388e282a2762496f7f3775652c9e3db9/model_cfg.yaml
eeg-telecom-paris/eegpt-large-official,6,F5,,,,https://huggingface.co/eeg-telecom-paris/eegpt-large-official/resolve/11e0075c388e282a2762496f7f3775652c9e3db9/model_cfg.yaml
eeg-telecom-paris/eegpt-large-official,7,F3,,,,https://huggingface.co/eeg-telecom-paris/eegpt-large-official/resolve/11e0075c388e282a2762496f7f3775652c9e3db9/model_cfg.yaml
eeg-telecom-paris/eegpt-large-official,8,F1,,,,https://huggingface.co/eeg-telecom-paris/eegpt-large-official/resolve/11e0075c388e282a2762496f7f3775652c9e3db9/model_cfg.yaml
eeg-telecom-paris/eegpt-large-official,9,FZ,,,,https://huggingface.co/eeg-telecom-paris/eegpt-large-official/resolve/11e0075c388e282a2762496f7f3775652c9e3db9/model_cfg.yaml
eeg-telecom-paris/eegpt-large-official,10,F2,,,,https://huggingface.co/eeg-telecom-paris/eegpt-large-official/resolve/11e0075c388e282a2762496f7f3775652c9e3db9/model_cfg.yaml
eeg-telecom-paris/eegpt-large-official,11,F4,,,,https://huggingface.co/eeg-telecom-paris/eegpt-large-official/resolve/11e0075c388e282a2762496f7f3775652c9e3db9/model_cfg.yaml
eeg-telecom-paris/eegpt-large-official,12,F6,,,,https://huggingface.co/eeg-telecom-paris/eegpt-large-official/resolve/11e0075c388e282a2762496f7f3775652c9e3db9/model_cfg.yaml
eeg-telecom-paris/eegpt-large-official,13,F8,,,,https://huggingface.co/eeg-telecom-paris/eegpt-large-official/resolve/11e0075c388e282a2762496f7f3775652c9e3db9/model_cfg.yaml
eeg-telecom-paris/eegpt-large-official,14,FT7,,,,https://huggingface.co/eeg-telecom-paris/eegpt-large-official/resolve/11e0075c388e282a2762496f7f3775652c9e3db9/model_cfg.yaml
eeg-telecom-paris/eegpt-large-official,15,FC5,,,,https://huggingface.co/eeg-telecom-paris/eegpt-large-official/resolve/11e0075c388e282a2762496f7f3775652c9e3db9/model_cfg.yaml
eeg-telecom-paris/eegpt-large-official,16,FC3,,,,https://huggingface.co/eeg-telecom-paris/eegpt-large-official/resolve/11e0075c388e282a2762496f7f3775652c9e3db9/model_cfg.yaml
eeg-telecom-paris/eegpt-large-official,17,FC1,,,,https://huggingface.co/eeg-telecom-paris/eegpt-large-official/resolve/11e0075c388e282a2762496f7f3775652c9e3db9/model_cfg.yaml
eeg-telecom-paris/eegpt-large-official,18,FCZ,,,,https://huggingface.co/eeg-telecom-paris/eegpt-large-official/resolve/11e0075c388e282a2762496f7f3775652c9e3db9/model_cfg.yaml
eeg-telecom-paris/eegpt-large-official,19,FC2,,,,https://huggingface.co/eeg-telecom-paris/eegpt-large-official/resolve/11e0075c388e282a2762496f7f3775652c9e3db9/model_cfg.yaml
eeg-telecom-paris/eegpt-large-official,20,FC4,,,,https://huggingface.co/eeg-telecom-paris/eegpt-large-official/resolve/11e0075c388e282a2762496f7f3775652c9e3db9/model_cfg.yaml
eeg-telecom-paris/eegpt-large-official,21,FC6,,,,https://huggingface.co/eeg-telecom-paris/eegpt-large-official/resolve/11e0075c388e282a2762496f7f3775652c9e3db9/model_cfg.yaml
eeg-telecom-paris/eegpt-large-official,22,FT8,,,,https://huggingface.co/eeg-telecom-paris/eegpt-large-official/resolve/11e0075c388e282a2762496f7f3775652c9e3db9/model_cfg.yaml
eeg-telecom-paris/eegpt-large-official,23,T7,,,,https://huggingface.co/eeg-telecom-paris/eegpt-large-official/resolve/11e0075c388e282a2762496f7f3775652c9e3db9/model_cfg.yaml
eeg-telecom-paris/eegpt-large-official,24,C5,,,,https://huggingface.co/eeg-telecom-paris/eegpt-large-official/resolve/11e0075c388e282a2762496f7f3775652c9e3db9/model_cfg.yaml
eeg-telecom-paris/eegpt-large-official,25,C3,,,,https://huggingface.co/eeg-telecom-paris/eegpt-large-official/resolve/11e0075c388e282a2762496f7f3775652c9e3db9/model_cfg.yaml
eeg-telecom-paris/eegpt-large-official,26,C1,,,,https://huggingface.co/eeg-telecom-paris/eegpt-large-official/resolve/11e0075c388e282a2762496f7f3775652c9e3db9/model_cfg.yaml
eeg-telecom-paris/eegpt-large-official,27,CZ,,,,https://huggingface.co/eeg-telecom-paris/eegpt-large-official/resolve/11e0075c388e282a2762496f7f3775652c9e3db9/model_cfg.yaml
eeg-telecom-paris/eegpt-large-official,28,C2,,,,https://huggingface.co/eeg-telecom-paris/eegpt-large-official/resolve/11e0075c388e282a2762496f7f3775652c9e3db9/model_cfg.yaml
eeg-telecom-paris/eegpt-large-official,29,C4,,,,https://huggingface.co/eeg-telecom-paris/eegpt-large-official/resolve/11e0075c388e282a2762496f7f3775652c9e3db9/model_cfg.yaml
eeg-telecom-paris/eegpt-large-official,30,C6,,,,https://huggingface.co/eeg-telecom-paris/eegpt-large-official/resolve/11e0075c388e282a2762496f7f3775652c9e3db9/model_cfg.yaml
eeg-telecom-paris/eegpt-large-official,31,T8,,,,https://huggingface.co/eeg-telecom-paris/eegpt-large-official/resolve/11e0075c388e282a2762496f7f3775652c9e3db9/model_cfg.yaml
eeg-telecom-paris/eegpt-large-official,32,TP7,,,,https://huggingface.co/eeg-telecom-paris/eegpt-large-official/resolve/11e0075c388e282a2762496f7f3775652c9e3db9/model_cfg.yaml
eeg-telecom-paris/eegpt-large-official,33,CP5,,,,https://huggingface.co/eeg-telecom-paris/eegpt-large-official/resolve/11e0075c388e282a2762496f7f3775652c9e3db9/model_cfg.yaml
eeg-telecom-paris/eegpt-large-official,34,CP3,,,,https://huggingface.co/eeg-telecom-paris/eegpt-large-official/resolve/11e0075c388e282a2762496f7f3775652c9e3db9/model_cfg.yaml
eeg-telecom-paris/eegpt-large-official,35,CP1,,,,https://huggingface.co/eeg-telecom-paris/eegpt-large-official/resolve/11e0075c388e282a2762496f7f3775652c9e3db9/model_cfg.yaml
eeg-telecom-paris/eegpt-large-official,36,CPZ,,,,https://huggingface.co/eeg-telecom-paris/eegpt-large-official/resolve/11e0075c388e282a2762496f7f3775652c9e3db9/model_cfg.yaml
eeg-telecom-paris/eegpt-large-official,37,CP2,,,,https://huggingface.co/eeg-telecom-paris/eegpt-large-official/resolve/11e0075c388e282a2762496f7f3775652c9e3db9/model_cfg.yaml
eeg-telecom-paris/eegpt-large-official,38,CP4,,,,https://huggingface.co/eeg-telecom-paris/eegpt-large-official/resolve/11e0075c388e282a2762496f7f3775652c9e3db9/model_cfg.yaml
eeg-telecom-paris/eegpt-large-official,39,CP6,,,,https://huggingface.co/eeg-telecom-paris/eegpt-large-official/resolve/11e0075c388e282a2762496f7f3775652c9e3db9/model_cfg.yaml
eeg-telecom-paris/eegpt-large-official,40,TP8,,,,https://huggingface.co/eeg-telecom-paris/eegpt-large-official/resolve/11e0075c388e282a2762496f7f3775652c9e3db9/model_cfg.yaml
eeg-telecom-paris/eegpt-large-official,41,P7,,,,https://huggingface.co/eeg-telecom-paris/eegpt-large-official/resolve/11e0075c388e282a2762496f7f3775652c9e3db9/model_cfg.yaml
eeg-telecom-paris/eegpt-large-official,42,P5,,,,https://huggingface.co/eeg-telecom-paris/eegpt-large-official/resolve/11e0075c388e282a2762496f7f3775652c9e3db9/model_cfg.yaml
eeg-telecom-paris/eegpt-large-official,43,P3,,,,https://huggingface.co/eeg-telecom-paris/eegpt-large-official/resolve/11e0075c388e282a2762496f7f3775652c9e3db9/model_cfg.yaml
eeg-telecom-paris/eegpt-large-official,44,P1,,,,https://huggingface.co/eeg-telecom-paris/eegpt-large-official/resolve/11e0075c388e282a2762496f7f3775652c9e3db9/model_cfg.yaml
eeg-telecom-paris/eegpt-large-official,45,PZ,,,,https://huggingface.co/eeg-telecom-paris/eegpt-large-official/resolve/11e0075c388e282a2762496f7f3775652c9e3db9/model_cfg.yaml
eeg-telecom-paris/eegpt-large-official,46,P2,,,,https://huggingface.co/eeg-telecom-paris/eegpt-large-official/resolve/11e0075c388e282a2762496f7f3775652c9e3db9/model_cfg.yaml
eeg-telecom-paris/eegpt-large-official,47,P4,,,,https://huggingface.co/eeg-telecom-paris/eegpt-large-official/resolve/11e0075c388e282a2762496f7f3775652c9e3db9/model_cfg.yaml
eeg-telecom-paris/eegpt-large-official,48,P6,,,,https://huggingface.co/eeg-telecom-paris/eegpt-large-official/resolve/11e0075c388e282a2762496f7f3775652c9e3db9/model_cfg.yaml
eeg-telecom-paris/eegpt-large-official,49,P8,,,,https://huggingface.co/eeg-telecom-paris/eegpt-large-official/resolve/11e0075c388e282a2762496f7f3775652c9e3db9/model_cfg.yaml
eeg-telecom-paris/eegpt-large-official,50,PO7,,,,https://huggingface.co/eeg-telecom-paris/eegpt-large-official/resolve/11e0075c388e282a2762496f7f3775652c9e3db9/model_cfg.yaml
eeg-telecom-paris/eegpt-large-official,51,PO3,,,,https://huggingface.co/eeg-telecom-paris/eegpt-large-official/resolve/11e0075c388e282a2762496f7f3775652c9e3db9/model_cfg.yaml
eeg-telecom-paris/eegpt-large-official,52,POZ,,,,https://huggingface.co/eeg-telecom-paris/eegpt-large-official/resolve/11e0075c388e282a2762496f7f3775652c9e3db9/model_cfg.yaml
eeg-telecom-paris/eegpt-large-official,53,PO4,,,,https://huggingface.co/eeg-telecom-paris/eegpt-large-official/resolve/11e0075c388e282a2762496f7f3775652c9e3db9/model_cfg.yaml
eeg-telecom-paris/eegpt-large-official,54,PO8,,,,https://huggingface.co/eeg-telecom-paris/eegpt-large-official/resolve/11e0075c388e282a2762496f7f3775652c9e3db9/model_cfg.yaml
eeg-telecom-paris/eegpt-large-official,55,O1,,,,https://huggingface.co/eeg-telecom-paris/eegpt-large-official/resolve/11e0075c388e282a2762496f7f3775652c9e3db9/model_cfg.yaml
eeg-telecom-paris/eegpt-large-official,56,OZ,,,,https://huggingface.co/eeg-telecom-paris/eegpt-large-official/resolve/11e0075c388e282a2762496f7f3775652c9e3db9/model_cfg.yaml
eeg-telecom-paris/eegpt-large-official,57,O2,,,,https://huggingface.co/eeg-telecom-paris/eegpt-large-official/resolve/11e0075c388e282a2762496f7f3775652c9e3db9/model_cfg.yaml
eeg-telecom-paris/labram-base-official,0,Fz,,,,https://huggingface.co/eeg-telecom-paris/labram-base-official/resolve/99fffc632f3e9a9e8c500eefbc75d74777cb7d6d/model_cfg.yaml
eeg-telecom-paris/labram-base-official,1,FC3,,,,https://huggingface.co/eeg-telecom-paris/labram-base-official/resolve/99fffc632f3e9a9e8c500eefbc75d74777cb7d6d/model_cfg.yaml
eeg-telecom-paris/labram-base-official,2,FC1,,,,https://huggingface.co/eeg-telecom-paris/labram-base-official/resolve/99fffc632f3e9a9e8c500eefbc75d74777cb7d6d/model_cfg.yaml
eeg-telecom-paris/labram-base-official,3,FCz,,,,https://huggingface.co/eeg-telecom-paris/labram-base-official/resolve/99fffc632f3e9a9e8c500eefbc75d74777cb7d6d/model_cfg.yaml
eeg-telecom-paris/labram-base-official,4,FC2,,,,https://huggingface.co/eeg-telecom-paris/labram-base-official/resolve/99fffc632f3e9a9e8c500eefbc75d74777cb7d6d/model_cfg.yaml
eeg-telecom-paris/labram-base-official,5,FC4,,,,https://huggingface.co/eeg-telecom-paris/labram-base-official/resolve/99fffc632f3e9a9e8c500eefbc75d74777cb7d6d/model_cfg.yaml
eeg-telecom-paris/labram-base-official,6,C5,,,,https://huggingface.co/eeg-telecom-paris/labram-base-official/resolve/99fffc632f3e9a9e8c500eefbc75d74777cb7d6d/model_cfg.yaml
eeg-telecom-paris/labram-base-official,7,C3,,,,https://huggingface.co/eeg-telecom-paris/labram-base-official/resolve/99fffc632f3e9a9e8c500eefbc75d74777cb7d6d/model_cfg.yaml
eeg-telecom-paris/labram-base-official,8,C1,,,,https://huggingface.co/eeg-telecom-paris/labram-base-official/resolve/99fffc632f3e9a9e8c500eefbc75d74777cb7d6d/model_cfg.yaml
eeg-telecom-paris/labram-base-official,9,Cz,,,,https://huggingface.co/eeg-telecom-paris/labram-base-official/resolve/99fffc632f3e9a9e8c500eefbc75d74777cb7d6d/model_cfg.yaml
eeg-telecom-paris/labram-base-official,10,C2,,,,https://huggingface.co/eeg-telecom-paris/labram-base-official/resolve/99fffc632f3e9a9e8c500eefbc75d74777cb7d6d/model_cfg.yaml
eeg-telecom-paris/labram-base-official,11,C4,,,,https://huggingface.co/eeg-telecom-paris/labram-base-official/resolve/99fffc632f3e9a9e8c500eefbc75d74777cb7d6d/model_cfg.yaml
eeg-telecom-paris/labram-base-official,12,C6,,,,https://huggingface.co/eeg-telecom-paris/labram-base-official/resolve/99fffc632f3e9a9e8c500eefbc75d74777cb7d6d/model_cfg.yaml
eeg-telecom-paris/labram-base-official,13,CP3,,,,https://huggingface.co/eeg-telecom-paris/labram-base-official/resolve/99fffc632f3e9a9e8c500eefbc75d74777cb7d6d/model_cfg.yaml
eeg-telecom-paris/labram-base-official,14,CP1,,,,https://huggingface.co/eeg-telecom-paris/labram-base-official/resolve/99fffc632f3e9a9e8c500eefbc75d74777cb7d6d/model_cfg.yaml
eeg-telecom-paris/labram-base-official,15,CPz,,,,https://huggingface.co/eeg-telecom-paris/labram-base-official/resolve/99fffc632f3e9a9e8c500eefbc75d74777cb7d6d/model_cfg.yaml
eeg-telecom-paris/labram-base-official,16,CP2,,,,https://huggingface.co/eeg-telecom-paris/labram-base-official/resolve/99fffc632f3e9a9e8c500eefbc75d74777cb7d6d/model_cfg.yaml
eeg-telecom-paris/labram-base-official,17,CP4,,,,https://huggingface.co/eeg-telecom-paris/labram-base-official/resolve/99fffc632f3e9a9e8c500eefbc75d74777cb7d6d/model_cfg.yaml
eeg-telecom-paris/labram-base-official,18,P1,,,,https://huggingface.co/eeg-telecom-paris/labram-base-official/resolve/99fffc632f3e9a9e8c500eefbc75d74777cb7d6d/model_cfg.yaml
eeg-telecom-paris/labram-base-official,19,Pz,,,,https://huggingface.co/eeg-telecom-paris/labram-base-official/resolve/99fffc632f3e9a9e8c500eefbc75d74777cb7d6d/model_cfg.yaml
eeg-telecom-paris/labram-base-official,20,P2,,,,https://huggingface.co/eeg-telecom-paris/labram-base-official/resolve/99fffc632f3e9a9e8c500eefbc75d74777cb7d6d/model_cfg.yaml
eeg-telecom-paris/labram-base-official,21,POz,,,,https://huggingface.co/eeg-telecom-paris/labram-base-official/resolve/99fffc632f3e9a9e8c500eefbc75d74777cb7d6d/model_cfg.yaml
