candidate_id,Nom du modèle,Poids réellement disponibles,Nombre de canaux du pré-entraînement,Canaux fixes ou variables,Noms/positions des électrodes utilisés,Fréquence de pré-entraînement,Durée des fenêtres,Prétraitement,Dataset de pré-entraînement,Peut recevoir mes 32 canaux ASC,Justification,Score de compatibilité,Confiance des métadonnées,URL,Licence,Chemin du checkpoint
47,braindecode/signal-jepa,oui,62,variables,"Fp1 (-0.029437; 0.083917; -0.006990), Fp2 (0.029872; 0.084896; -0.007080), F7 (-0.070263; 0.042474; -0.011420), F3 (-0.050244; 0.053111; 0.042192), Fz (0.000312; 0.058512; 0.066462), F4 (0.051836; 0.054305; 0.040814), F8 (0.073043; 0.044422; -0.012000), FC5 (-0.077215; 0.018643; 0.024460), FC1 (-0.034062; 0.026011; 0.079987), FC2 (0.034784; 0.026438; 0.078808), FC6 (0.079534; 0.019936; 0.024438), T7 (-0.084161; -0.016019; -0.009346), C3 (-0.065358; -0.011632; 0.064358), Cz (0.000401; -0.009167; 0.100244), C4 (0.067118; -0.010900; 0.063580), T8 (0.085080; -0.015020; -0.009490), TP9 (-0.085619; -0.046515; -0.045707), CP5 (-0.079592; -0.046551; 0.030949), CP1 (-0.035513; -0.047292; 0.091315), CP2 (0.038384; -0.047073; 0.090695), CP6 (0.083322; -0.046101; 0.031206), TP10 (0.086162; -0.047035; -0.045869), P7 (-0.072434; -0.073453; -0.002487), P3 (-0.053007; -0.078788; 0.055940), Pz (0.000325; -0.081115; 0.082615), P4 (0.055667; -0.078560; 0.056561), P8 (0.073056; -0.073068; -0.002540), PO9 (-0.054910; -0.098045; -0.035465), O1 (-0.029413; -0.112449; 0.008839), Oz (0.000108; -0.114892; 0.014657), O2 (0.029843; -0.112156; 0.008800), PO10 (0.054988; -0.098091; -0.035541), FC3 (-0.060182; 0.022716; 0.055544), FC4 (0.062293; 0.023723; 0.055630), C5 (-0.080280; -0.013760; 0.029160), C1 (-0.036158; -0.009984; 0.089752), C2 (0.037672; -0.009624; 0.088412), C6 (0.083456; -0.012776; 0.029208), CP3 (-0.063556; -0.047009; 0.065624), CPz (0.000386; -0.047318; 0.099432), CP4 (0.066612; -0.046637; 0.065580), P1 (-0.028620; -0.080525; 0.075436), P2 (0.031920; -0.080487; 0.076716), POz (0.000216; -0.102178; 0.050608), FT9 (-0.084076; 0.014567; -0.050429), FTT9h (-0.084125; -0.001847; -0.029794), TTP7h (-0.085565; -0.030629; 0.011153), TP7 (-0.084830; -0.046022; -0.007056), TPP9h (-0.078160; -0.060757; -0.023824), FT10 (0.084113; 0.014365; -0.050538), FTT10h (0.084123; -0.001808; -0.029638), TPP8h (0.078520; -0.060432; 0.012902), TP8 (0.085549; -0.045545; -0.007130), TPP10h (0.078903; -0.060955; -0.023805), F9 (-0.070102; 0.041652; -0.049952), F10 (0.072114; 0.042067; -0.050452), AF7 (-0.054840; 0.068572; -0.010590), AF3 (-0.033701; 0.076837; 0.021227), AF4 (0.035712; 0.077726; 0.021956), AF8 (0.055743; 0.069657; -0.010755), PO3 (-0.036511; -0.100853; 0.037167), PO4 (0.036782; -0.100849; 0.036397)",128.0,2.0,à vérifier,Lee2019,oui,Le modèle accepte un sous-ensemble variable de ses électrodes pré-entraînées et les 32 noms ASC figurent tous dans sa table.,80.0,forte,https://huggingface.co/braindecode/signal-jepa,mit,.
94,eeg-telecom-paris/eegpt-large-official,oui,58,fixes,"FP1, FPZ, FP2, AF3, AF4, F7, F5, F3, F1, FZ, F2, F4, F6, F8, FT7, FC5, FC3, FC1, FCZ, FC2, FC4, FC6, FT8, T7, C5, C3, C1, CZ, C2, C4, C6, T8, TP7, CP5, CP3, CP1, CPZ, CP2, CP4, CP6, TP8, P7, P5, P3, P1, PZ, P2, P4, P6, P8, PO7, PO3, POZ, PO4, PO8, O1, OZ, O2",256.0,4.0,à vérifier,à vérifier,à adapter,"Le checkpoint attend 58 canaux, contre 32 pour ASC. Une sélection, une projection ou une nouvelle couche spatiale serait nécessaire.",56.5,moyenne,https://huggingface.co/eeg-telecom-paris/eegpt-large-official,,.
1,braindecode/eegpt-pretrained,oui,62,fixes,"FP1 (-0.029437; 0.083917; -0.006990), FPZ (0.000112; 0.088247; -0.001713), FP2 (0.029872; 0.084896; -0.007080), AF7 (-0.054840; 0.068572; -0.010590), AF3 (-0.033701; 0.076837; 0.021227), AF4 (0.035712; 0.077726; 0.021956), AF8 (0.055743; 0.069657; -0.010755), F7 (-0.070263; 0.042474; -0.011420), F5 (-0.064466; 0.048035; 0.016921), F3 (-0.050244; 0.053111; 0.042192), F1 (-0.027496; 0.056931; 0.060342), FZ (0.000312; 0.058512; 0.066462), F2 (0.029514; 0.057602; 0.059540), F4 (0.051836; 0.054305; 0.040814), F6 (0.067914; 0.049830; 0.016367), F8 (0.073043; 0.044422; -0.012000), FT7 (-0.080775; 0.014120; -0.011135), FC5 (-0.077215; 0.018643; 0.024460), FC3 (-0.060182; 0.022716; 0.055544), FC1 (-0.034062; 0.026011; 0.079987), FCZ (0.000376; 0.027390; 0.088668), FC2 (0.034784; 0.026438; 0.078808), FC4 (0.062293; 0.023723; 0.055630), FC6 (0.079534; 0.019936; 0.024438), FT8 (0.081815; 0.015417; -0.011330), T7 (-0.084161; -0.016019; -0.009346), C5 (-0.080280; -0.013760; 0.029160), C3 (-0.065358; -0.011632; 0.064358), C1 (-0.036158; -0.009984; 0.089752), CZ (0.000401; -0.009167; 0.100244), C2 (0.037672; -0.009624; 0.088412), C4 (0.067118; -0.010900; 0.063580), C6 (0.083456; -0.012776; 0.029208), T8 (0.085080; -0.015020; -0.009490), TP7 (-0.084830; -0.046022; -0.007056), CP5 (-0.079592; -0.046551; 0.030949), CP3 (-0.063556; -0.047009; 0.065624), CP1 (-0.035513; -0.047292; 0.091315), CPZ (0.000386; -0.047318; 0.099432), CP2 (0.038384; -0.047073; 0.090695), CP4 (0.066612; -0.046637; 0.065580), CP6 (0.083322; -0.046101; 0.031206), TP8 (0.085549; -0.045545; -0.007130), P7 (-0.072434; -0.073453; -0.002487), P5 (-0.067272; -0.076291; 0.028382), P3 (-0.053007; -0.078788; 0.055940), P1 (-0.028620; -0.080525; 0.075436), PZ (0.000325; -0.081115; 0.082615), P2 (0.031920; -0.080487; 0.076716), P4 (0.055667; -0.078560; 0.056561), P6 (0.067888; -0.075904; 0.028091), P8 (0.073056; -0.073068; -0.002540), PO7 (-0.054840; -0.097528; 0.002792), PO5 (-0.048424; -0.099341; 0.021599), PO3 (-0.036511; -0.100853; 0.037167), POZ (0.000216; -0.102178; 0.050608), PO4 (0.036782; -0.100849; 0.036397), PO6 (0.049820; -0.099446; 0.021727), PO8 (0.055667; -0.097625; 0.002730), O1 (-0.029413; -0.112449; 0.008839), OZ (0.000108; -0.114892; 0.014657), O2 (0.029843; -0.112156; 0.008800)",250.0,4.0,à vérifier,à vérifier,à adapter,"Le checkpoint attend 62 canaux, contre 32 pour ASC. Une sélection, une projection ou une nouvelle couche spatiale serait nécessaire.",55.5,moyenne,https://huggingface.co/braindecode/eegpt-pretrained,bsd-3-clause,.
109,eeg-telecom-paris/cbramod-base-official,oui,19,fixes,"FP1, FP2, F3, F4, C3, C4, P3, P4, O1, O2, F7, F8, T3, T4, T5, T6, FZ, CZ, PZ",200.0,4.0,à vérifier,à vérifier,à adapter,"Le checkpoint attend 19 canaux, contre 32 pour ASC. Une sélection, une projection ou une nouvelle couche spatiale serait nécessaire.",51.78,moyenne,https://huggingface.co/eeg-telecom-paris/cbramod-base-official,,.
3,braindecode/eegdino-medium-pretrained,oui,19,fixes,à vérifier,200.0,5.0,"Temple University Hospital EEG Corpus (TUEG), 19 common 10-20 channels resampled to 200 Hz (>9000 hours), following CBraMod's preprocessing. Pretrained by hierarchical self-distillation. | (where available) or resample channels with MNE before fine-tuning. | Sampling rate matters.** Resample your data to 200 Hz before",à vérifier,à adapter,"Le checkpoint attend 19 canaux, contre 32 pour ASC. Une sélection, une projection ou une nouvelle couche spatiale serait nécessaire.",51.75,moyenne,https://huggingface.co/braindecode/eegdino-medium-pretrained,bsd-3-clause,.
2,braindecode/eegdino-small-pretrained,oui,19,fixes,à vérifier,200.0,5.0,"Temple University Hospital EEG Corpus (TUEG), 19 common 10-20 channels resampled to 200 Hz (>9000 hours), following CBraMod's preprocessing. Pretrained by hierarchical self-distillation. | (where available) or resample channels with MNE before fine-tuning. | Sampling rate matters.** Resample your data to 200 Hz before",à vérifier,à adapter,"Le checkpoint attend 19 canaux, contre 32 pour ASC. Une sélection, une projection ou une nouvelle couche spatiale serait nécessaire.",51.75,moyenne,https://huggingface.co/braindecode/eegdino-small-pretrained,bsd-3-clause,.
105,eeg-telecom-paris/labram-base-official,oui,22,fixes,"Fz, FC3, FC1, FCz, FC2, FC4, C5, C3, C1, Cz, C2, C4, C6, CP3, CP1, CPz, CP2, CP4, P1, Pz, P2, POz",200.0,4.0,à vérifier,à vérifier,à adapter,"Le checkpoint attend 22 canaux, contre 32 pour ASC. Une sélection, une projection ou une nouvelle couche spatiale serait nécessaire.",49.72,moyenne,https://huggingface.co/eeg-telecom-paris/labram-base-official,,.
32,Kkuntal990/test-eegnet-braindecode,oui,22,fixes,à vérifier,250.0,4.0,à vérifier,à vérifier,à adapter,"Le checkpoint attend 22 canaux, contre 32 pour ASC. Une sélection, une projection ou une nouvelle couche spatiale serait nécessaire.",45.5,moyenne,https://huggingface.co/Kkuntal990/test-eegnet-braindecode,,.
48,braindecode/signal-jepa_without-chans,oui,62,fixes,à vérifier,128.0,2.0,à vérifier,Lee2019,à adapter,"Le checkpoint attend 62 canaux, contre 32 pour ASC. Une sélection, une projection ou une nouvelle couche spatiale serait nécessaire.",45.5,moyenne,https://huggingface.co/braindecode/signal-jepa_without-chans,mit,.
103,braindecode/labram-pretrained,oui,128,fixes,"FP1, FPZ, FP2, AF9, AF7, AF5, AF3, AF1, AFZ, AF2, AF4, AF6, AF8, AF10, F9, F7, F5, F3, F1, FZ, F2, F4, F6, F8, F10, FT9, FT7, FC5, FC3, FC1, FCZ, FC2, FC4, FC6, FT8, FT10, T9, T7, C5, C3, C1, CZ, C2, C4, C6, T8, T10, TP9, TP7, CP5, CP3, CP1, CPZ, CP2, CP4, CP6, TP8, TP10, P9, P7, P5, P3, P1, PZ, P2, P4, P6, P8, P10, PO9, PO7, PO5, PO3, PO1, POZ, PO2, PO4, PO6, PO8, PO10, O1, OZ, O2, O9, CB1, CB2, IZ, O10, T3, T5, T4, T6, M1, M2, A1, A2, CFC1, CFC2, CFC3, CFC4, CFC5, CFC6, CFC7, CFC8, CCP1, CCP2, CCP3, CCP4, CCP5, CCP6, CCP7, CCP8, T1, T2, FTT9h, TTP7h, TPP9h, FTT10h, TPP8h, TPP10h, FP1-F7, F7-T7, T7-P7, P7-O1, FP2-F8, F8-T8, T8-P8, P8-O2",à vérifier,à vérifier,à vérifier,à vérifier,à adapter,"Le checkpoint attend 128 canaux, contre 32 pour ASC. Une sélection, une projection ou une nouvelle couche spatiale serait nécessaire.",40.0,moyenne,https://huggingface.co/braindecode/labram-pretrained,bsd-3-clause,.
113,oraculumai/CBraMod-MI-CoreML,oui,à vérifier,inconnu,à vérifier,200.0,à vérifier,| Preprocessing | average reference over the 14 channels → global z-score of the window → resample to 200 Hz (polyphase) → zero-pad to 1000 samples | | then resampled to 200 Hz and zero-padded to 1000 samples:,à vérifier,à vérifier,"Les poids existent, mais leur nombre réel de canaux d'entrée n'est pas documenté avec assez de précision.",40.0,faible,https://huggingface.co/oraculumai/CBraMod-MI-CoreML,bsd-3-clause,.
114,oraculumai/CBraMod-MI-CoreML/CBraModMI.mlpackage/Data/com.apple.CoreML/weights,oui,à vérifier,inconnu,à vérifier,200.0,à vérifier,| Preprocessing | average reference over the 14 channels → global z-score of the window → resample to 200 Hz (polyphase) → zero-pad to 1000 samples | | then resampled to 200 Hz and zero-padded to 1000 samples:,à vérifier,à vérifier,"Les poids existent, mais leur nombre réel de canaux d'entrée n'est pas documenté avec assez de précision.",40.0,faible,https://huggingface.co/oraculumai/CBraMod-MI-CoreML,bsd-3-clause,CBraModMI.mlpackage/Data/com.apple.CoreML/weights
17,guido151/EEGNetv4/EEGNetv4_Lee2019_ERP,oui,19,fixes,à vérifier,à vérifier,à vérifier,<li>8 spatial filters with 2 temporal filters per spatial filter</li>,à vérifier,à adapter,"Le checkpoint attend 19 canaux, contre 32 pour ASC. Une sélection, une projection ou une nouvelle couche spatiale serait nécessaire.",36.75,faible,https://huggingface.co/guido151/EEGNetv4,,EEGNetv4_Lee2019_ERP
18,guido151/EEGNetv4/EEGNetv4_metric-key-subject_Lee2019_ERP,oui,19,fixes,à vérifier,à vérifier,à vérifier,<li>8 spatial filters with 2 temporal filters per spatial filter</li>,à vérifier,à adapter,"Le checkpoint attend 19 canaux, contre 32 pour ASC. Une sélection, une projection ou une nouvelle couche spatiale serait nécessaire.",36.75,faible,https://huggingface.co/guido151/EEGNetv4,,EEGNetv4_metric-key-subject_Lee2019_ERP
112,oraculumai/CBraMod-CoreML-Apple/CBraModEmbedder.mlpackage/Data/com.apple.CoreML/weights,oui,à vérifier,inconnu,à vérifier,à vérifier,à vérifier,"4. Resample to 200 Hz (polyphase), crop/zero-pad to exactly 1000 samples.",à vérifier,à vérifier,"Les poids existent, mais leur nombre réel de canaux d'entrée n'est pas documenté avec assez de précision.",32.0,faible,https://huggingface.co/oraculumai/CBraMod-CoreML-Apple,bsd-3-clause,CBraModEmbedder.mlpackage/Data/com.apple.CoreML/weights
29,ardor924/EEGNetV4-10channel-baseline13.7-classfication-TS-R-TEST,oui,à vérifier,inconnu,à vérifier,à vérifier,à vérifier,à vérifier,à vérifier,à vérifier,"Les poids existent, mais leur nombre réel de canaux d'entrée n'est pas documenté avec assez de précision.",27.0,moyenne,https://huggingface.co/ardor924/EEGNetV4-10channel-baseline13.7-classfication-TS-R-TEST,,.
30,ardor924/EEGNetV4-10channel-baseline13.7-classfication-TS-R-TEST40,oui,à vérifier,inconnu,à vérifier,à vérifier,à vérifier,à vérifier,à vérifier,à vérifier,"Les poids existent, mais leur nombre réel de canaux d'entrée n'est pas documenté avec assez de précision.",27.0,moyenne,https://huggingface.co/ardor924/EEGNetV4-10channel-baseline13.7-classfication-TS-R-TEST40,,.
31,ardor924/EEGNetV4-10channel-baseline15-classfication-TS-R-SAMPLE,oui,à vérifier,inconnu,à vérifier,à vérifier,à vérifier,à vérifier,à vérifier,à vérifier,"Les poids existent, mais leur nombre réel de canaux d'entrée n'est pas documenté avec assez de précision.",27.0,moyenne,https://huggingface.co/ardor924/EEGNetV4-10channel-baseline15-classfication-TS-R-SAMPLE,,.
21,ardor924/EEGNetV4-12channel-baseline11-classfication,oui,à vérifier,inconnu,à vérifier,à vérifier,à vérifier,à vérifier,à vérifier,à vérifier,"Les poids existent, mais leur nombre réel de canaux d'entrée n'est pas documenté avec assez de précision.",27.0,moyenne,https://huggingface.co/ardor924/EEGNetV4-12channel-baseline11-classfication,,.
22,ardor924/EEGNetV4-12channel-baseline13-classfication,oui,à vérifier,inconnu,à vérifier,à vérifier,à vérifier,à vérifier,à vérifier,à vérifier,"Les poids existent, mais leur nombre réel de canaux d'entrée n'est pas documenté avec assez de précision.",27.0,moyenne,https://huggingface.co/ardor924/EEGNetV4-12channel-baseline13-classfication,,.
25,ardor924/EEGNetV4-12channel-baseline13.5-classfication,oui,à vérifier,inconnu,à vérifier,à vérifier,à vérifier,à vérifier,à vérifier,à vérifier,"Les poids existent, mais leur nombre réel de canaux d'entrée n'est pas documenté avec assez de précision.",27.0,moyenne,https://huggingface.co/ardor924/EEGNetV4-12channel-baseline13.5-classfication,,.
26,ardor924/EEGNetV4-12channel-baseline13.6-classfication,oui,à vérifier,inconnu,à vérifier,à vérifier,à vérifier,à vérifier,à vérifier,à vérifier,"Les poids existent, mais leur nombre réel de canaux d'entrée n'est pas documenté avec assez de précision.",27.0,moyenne,https://huggingface.co/ardor924/EEGNetV4-12channel-baseline13.6-classfication,,.
27,ardor924/EEGNetV4-12channel-baseline13.6-classfication-ts-all,oui,à vérifier,inconnu,à vérifier,à vérifier,à vérifier,à vérifier,à vérifier,à vérifier,"Les poids existent, mais leur nombre réel de canaux d'entrée n'est pas documenté avec assez de précision.",27.0,moyenne,https://huggingface.co/ardor924/EEGNetV4-12channel-baseline13.6-classfication-ts-all,,.
28,ardor924/EEGNetV4-12channel-baseline13.7-classfication-TS-R-TEST,oui,à vérifier,inconnu,à vérifier,à vérifier,à vérifier,à vérifier,à vérifier,à vérifier,"Les poids existent, mais leur nombre réel de canaux d'entrée n'est pas documenté avec assez de précision.",27.0,moyenne,https://huggingface.co/ardor924/EEGNetV4-12channel-baseline13.7-classfication-TS-R-TEST,,.
23,ardor924/EEGNetV4-4channel-baseline13-classfication,oui,à vérifier,inconnu,à vérifier,à vérifier,à vérifier,à vérifier,à vérifier,à vérifier,"Les poids existent, mais leur nombre réel de canaux d'entrée n'est pas documenté avec assez de précision.",27.0,moyenne,https://huggingface.co/ardor924/EEGNetV4-4channel-baseline13-classfication,,.
24,ardor924/EEGNetV4-8channel-baseline13-classfication,oui,à vérifier,inconnu,à vérifier,à vérifier,à vérifier,à vérifier,à vérifier,à vérifier,"Les poids existent, mais leur nombre réel de canaux d'entrée n'est pas documenté avec assez de précision.",27.0,moyenne,https://huggingface.co/ardor924/EEGNetV4-8channel-baseline13-classfication,,.
20,ardor924/EEGNetV4-baseline-classfication,oui,à vérifier,inconnu,à vérifier,à vérifier,à vérifier,à vérifier,à vérifier,à vérifier,"Les poids existent, mais leur nombre réel de canaux d'entrée n'est pas documenté avec assez de précision.",27.0,moyenne,https://huggingface.co/ardor924/EEGNetV4-baseline-classfication,,.
4,PierreGtch/EEGNetv4/EEGNetv4_AlexMI,oui,3,fixes,à vérifier,à vérifier,à vérifier,à vérifier,à vérifier,à adapter,"Le checkpoint attend 3 canaux, contre 32 pour ASC. Une sélection, une projection ou une nouvelle couche spatiale serait nécessaire.",25.75,moyenne,https://huggingface.co/PierreGtch/EEGNetv4,mit,EEGNetv4_AlexMI
5,PierreGtch/EEGNetv4/EEGNetv4_BNCI2014001,oui,3,fixes,à vérifier,à vérifier,à vérifier,à vérifier,à vérifier,à adapter,"Le checkpoint attend 3 canaux, contre 32 pour ASC. Une sélection, une projection ou une nouvelle couche spatiale serait nécessaire.",25.75,moyenne,https://huggingface.co/PierreGtch/EEGNetv4,mit,EEGNetv4_BNCI2014001
6,PierreGtch/EEGNetv4/EEGNetv4_BNCI2014004,oui,3,fixes,à vérifier,à vérifier,à vérifier,à vérifier,à vérifier,à adapter,"Le checkpoint attend 3 canaux, contre 32 pour ASC. Une sélection, une projection ou une nouvelle couche spatiale serait nécessaire.",25.75,moyenne,https://huggingface.co/PierreGtch/EEGNetv4,mit,EEGNetv4_BNCI2014004
7,PierreGtch/EEGNetv4/EEGNetv4_BNCI2015001,oui,3,fixes,à vérifier,à vérifier,à vérifier,à vérifier,à vérifier,à adapter,"Le checkpoint attend 3 canaux, contre 32 pour ASC. Une sélection, une projection ou une nouvelle couche spatiale serait nécessaire.",25.75,moyenne,https://huggingface.co/PierreGtch/EEGNetv4,mit,EEGNetv4_BNCI2015001
8,PierreGtch/EEGNetv4/EEGNetv4_BNCI2015004,oui,3,fixes,à vérifier,à vérifier,à vérifier,à vérifier,à vérifier,à adapter,"Le checkpoint attend 3 canaux, contre 32 pour ASC. Une sélection, une projection ou une nouvelle couche spatiale serait nécessaire.",25.75,moyenne,https://huggingface.co/PierreGtch/EEGNetv4,mit,EEGNetv4_BNCI2015004
9,PierreGtch/EEGNetv4/EEGNetv4_Cho2017,oui,3,fixes,à vérifier,à vérifier,à vérifier,à vérifier,à vérifier,à adapter,"Le checkpoint attend 3 canaux, contre 32 pour ASC. Une sélection, une projection ou une nouvelle couche spatiale serait nécessaire.",25.75,moyenne,https://huggingface.co/PierreGtch/EEGNetv4,mit,EEGNetv4_Cho2017
10,PierreGtch/EEGNetv4/EEGNetv4_Lee2019_MI,oui,3,fixes,à vérifier,à vérifier,à vérifier,à vérifier,à vérifier,à adapter,"Le checkpoint attend 3 canaux, contre 32 pour ASC. Une sélection, une projection ou une nouvelle couche spatiale serait nécessaire.",25.75,moyenne,https://huggingface.co/PierreGtch/EEGNetv4,mit,EEGNetv4_Lee2019_MI
11,PierreGtch/EEGNetv4/EEGNetv4_Ofner2017,oui,3,fixes,à vérifier,à vérifier,à vérifier,à vérifier,à vérifier,à adapter,"Le checkpoint attend 3 canaux, contre 32 pour ASC. Une sélection, une projection ou une nouvelle couche spatiale serait nécessaire.",25.75,moyenne,https://huggingface.co/PierreGtch/EEGNetv4,mit,EEGNetv4_Ofner2017
12,PierreGtch/EEGNetv4/EEGNetv4_PhysionetMI,oui,3,fixes,à vérifier,à vérifier,à vérifier,à vérifier,à vérifier,à adapter,"Le checkpoint attend 3 canaux, contre 32 pour ASC. Une sélection, une projection ou une nouvelle couche spatiale serait nécessaire.",25.75,moyenne,https://huggingface.co/PierreGtch/EEGNetv4,mit,EEGNetv4_PhysionetMI
13,PierreGtch/EEGNetv4/EEGNetv4_Schirrmeister2017,oui,3,fixes,à vérifier,à vérifier,à vérifier,à vérifier,à vérifier,à adapter,"Le checkpoint attend 3 canaux, contre 32 pour ASC. Une sélection, une projection ou une nouvelle couche spatiale serait nécessaire.",25.75,moyenne,https://huggingface.co/PierreGtch/EEGNetv4,mit,EEGNetv4_Schirrmeister2017
14,PierreGtch/EEGNetv4/EEGNetv4_Weibo2014,oui,3,fixes,à vérifier,à vérifier,à vérifier,à vérifier,à vérifier,à adapter,"Le checkpoint attend 3 canaux, contre 32 pour ASC. Une sélection, une projection ou une nouvelle couche spatiale serait nécessaire.",25.75,moyenne,https://huggingface.co/PierreGtch/EEGNetv4,mit,EEGNetv4_Weibo2014
15,PierreGtch/EEGNetv4/EEGNetv4_Zhou2016,oui,3,fixes,à vérifier,à vérifier,à vérifier,à vérifier,à vérifier,à adapter,"Le checkpoint attend 3 canaux, contre 32 pour ASC. Une sélection, une projection ou une nouvelle couche spatiale serait nécessaire.",25.75,moyenne,https://huggingface.co/PierreGtch/EEGNetv4,mit,EEGNetv4_Zhou2016
16,PierreGtch/EEGNetv4/toy,oui,à vérifier,inconnu,à vérifier,à vérifier,à vérifier,à vérifier,à vérifier,à vérifier,"Les poids existent, mais leur nombre réel de canaux d'entrée n'est pas documenté avec assez de précision.",25.0,faible,https://huggingface.co/PierreGtch/EEGNetv4,mit,toy
102,braindecode/Labram-Braindecode,oui,64,fixes,à vérifier,à vérifier,à vérifier,à vérifier,à vérifier,à adapter,"Le checkpoint attend 64 canaux, contre 32 pour ASC. Une sélection, une projection ou une nouvelle couche spatiale serait nécessaire.",25.0,faible,https://huggingface.co/braindecode/Labram-Braindecode,mit,.
46,braindecode/SignalJEPA,oui,à vérifier,inconnu,à vérifier,à vérifier,à vérifier,à vérifier,à vérifier,à vérifier,"Les poids existent, mais leur nombre réel de canaux d'entrée n'est pas documenté avec assez de précision.",25.0,faible,https://huggingface.co/braindecode/SignalJEPA,mit,.
107,braindecode/cbramod-pretrained,oui,à vérifier,inconnu,à vérifier,à vérifier,à vérifier,à vérifier,à vérifier,à vérifier,"Les poids existent, mais leur nombre réel de canaux d'entrée n'est pas documenté avec assez de précision.",25.0,faible,https://huggingface.co/braindecode/cbramod-pretrained,bsd-3-clause,.
33,braindecode/plot_bcic_iv_2a_eegprep_cleaning,oui,à vérifier,inconnu,à vérifier,à vérifier,à vérifier,à vérifier,à vérifier,à vérifier,"Les poids existent, mais leur nombre réel de canaux d'entrée n'est pas documenté avec assez de précision.",25.0,faible,https://huggingface.co/braindecode/plot_bcic_iv_2a_eegprep_cleaning,,.
110,hanhan05/cbramod-pretrained,oui,à vérifier,inconnu,à vérifier,à vérifier,à vérifier,à vérifier,à vérifier,à vérifier,"Les poids existent, mais leur nombre réel de canaux d'entrée n'est pas documenté avec assez de précision.",25.0,faible,https://huggingface.co/hanhan05/cbramod-pretrained,bsd-3-clause,.
96,preetham/labra_model2,oui,à vérifier,inconnu,à vérifier,à vérifier,à vérifier,à vérifier,à vérifier,à vérifier,"Les poids existent, mais leur nombre réel de canaux d'entrée n'est pas documenté avec assez de précision.",25.0,faible,https://huggingface.co/preetham/labra_model2,openrail++,.
97,preetham/labra_model2/checkpoint-100,oui,à vérifier,inconnu,à vérifier,à vérifier,à vérifier,à vérifier,à vérifier,à vérifier,"Les poids existent, mais leur nombre réel de canaux d'entrée n'est pas documenté avec assez de précision.",25.0,faible,https://huggingface.co/preetham/labra_model2,openrail++,checkpoint-100
98,preetham/labra_model2/checkpoint-200,oui,à vérifier,inconnu,à vérifier,à vérifier,à vérifier,à vérifier,à vérifier,à vérifier,"Les poids existent, mais leur nombre réel de canaux d'entrée n'est pas documenté avec assez de précision.",25.0,faible,https://huggingface.co/preetham/labra_model2,openrail++,checkpoint-200
99,preetham/labra_model2/checkpoint-300,oui,à vérifier,inconnu,à vérifier,à vérifier,à vérifier,à vérifier,à vérifier,à vérifier,"Les poids existent, mais leur nombre réel de canaux d'entrée n'est pas documenté avec assez de précision.",25.0,faible,https://huggingface.co/preetham/labra_model2,openrail++,checkpoint-300
100,preetham/labra_model2/checkpoint-400,oui,à vérifier,inconnu,à vérifier,à vérifier,à vérifier,à vérifier,à vérifier,à vérifier,"Les poids existent, mais leur nombre réel de canaux d'entrée n'est pas documenté avec assez de précision.",25.0,faible,https://huggingface.co/preetham/labra_model2,openrail++,checkpoint-400
101,preetham/labra_model2/checkpoint-500,oui,à vérifier,inconnu,à vérifier,à vérifier,à vérifier,à vérifier,à vérifier,à vérifier,"Les poids existent, mais leur nombre réel de canaux d'entrée n'est pas documenté avec assez de précision.",25.0,faible,https://huggingface.co/preetham/labra_model2,openrail++,checkpoint-500
111,smoking11/CBraMod,oui,à vérifier,inconnu,à vérifier,à vérifier,à vérifier,à vérifier,à vérifier,à vérifier,"Les poids existent, mais leur nombre réel de canaux d'entrée n'est pas documenté avec assez de précision.",25.0,faible,https://huggingface.co/smoking11/CBraMod,apache-2.0,.
106,weighting666/CBraMod,oui,à vérifier,inconnu,à vérifier,à vérifier,à vérifier,à vérifier,à vérifier,à vérifier,"Les poids existent, mais leur nombre réel de canaux d'entrée n'est pas documenté avec assez de précision.",25.0,faible,https://huggingface.co/weighting666/CBraMod,apache-2.0,.
19,Georgios-Ak/EEGNet_Identification_Model,non,à vérifier,inconnu,à vérifier,160.0,à vérifier,Batch normalization | 1. Bandpass filtering (1–40 Hz) | 2. Resampling to 160 Hz | 4. Channel name normalization,à vérifier,non,Aucun fichier de poids réellement disponible n'a été détecté.,10.0,faible,https://huggingface.co/Georgios-Ak/EEGNet_Identification_Model,,.
34,braindecode/EEGConformer,non,22,fixes,à vérifier,à vérifier,à vérifier,"| `n_filters_time: int` | — | Number of temporal filters, defines also embedding size. | | | `filter_time_length: int` | — | Length of the temporal filter. | | | `pool_time_length: int` | — | Length of temporal pooling filter. | | | `pool_time_stride: int` | — | Length of stride between temporal pooling filters. |",à vérifier,non,Aucun fichier de poids réellement disponible n'a été détecté.,10.0,faible,https://huggingface.co/braindecode/EEGConformer,bsd-3-clause,.
36,braindecode/EEGInceptionERP,non,22,fixes,à vérifier,à vérifier,à vérifier,"| `n_filters` | int, optional | Initial number of convolutional filters. Defaults to 8 as in [santamaria2020]. |",à vérifier,non,Aucun fichier de poids réellement disponible n'a été détecté.,10.0,faible,https://huggingface.co/braindecode/EEGInceptionERP,bsd-3-clause,.
37,braindecode/EEGInceptionMI,non,22,fixes,à vérifier,à vérifier,à vérifier,"| `n_filters` | int, optional | Number of convolutional filters for all layers of this type. Set to 48 as in [1] for dataset BCI IV 2a. |",à vérifier,non,Aucun fichier de poids réellement disponible n'a été détecté.,10.0,faible,https://huggingface.co/braindecode/EEGInceptionMI,bsd-3-clause,.
38,braindecode/EEGMiner,non,22,fixes,à vérifier,à vérifier,à vérifier,"| `filter_f_mean` | list of float, default=[23.0, 23.0] | Mean frequencies for the generalized Gaussian filters. | | | `filter_bandwidth` | list of float, default=[44.0, 44.0] | Bandwidths for the generalized Gaussian filters. | | | `filter_shape` | list of float, default=[2.0, 2.0] | Shape parameters for the generalized Gaussian filters. | | | `group_delay` | tuple of float, default=(20.0, 20.0) | Group delay values for the filters in milliseconds. |",à vérifier,non,Aucun fichier de poids réellement disponible n'a été détecté.,10.0,faible,https://huggingface.co/braindecode/EEGMiner,bsd-3-clause,.
39,braindecode/EEGNeX,non,22,fixes,à vérifier,à vérifier,à vérifier,"| `filter_1` | int, optional | Number of filters in the first convolutional layer. Default is 8. | | | `filter_2` | int, optional | Number of filters in the second convolutional layer. Default is 32. |",à vérifier,non,Aucun fichier de poids réellement disponible n'a été détecté.,10.0,faible,https://huggingface.co/braindecode/EEGNeX,bsd-3-clause,.
40,braindecode/EEGNet,non,22,fixes,à vérifier,à vérifier,à vérifier,"| `F1` | int, default=8 | Number of temporal filters in the first convolutional layer. | | | `F2` | int or None, default=None | Number of pointwise filters in the separable convolution. Usually set to `F1 * D`. | | | `batch_norm_momentum` | float, default=0.01 | Momentum for instance normalization in batch norm layers. |",à vérifier,non,Aucun fichier de poids réellement disponible n'a été détecté.,10.0,faible,https://huggingface.co/braindecode/EEGNet,bsd-3-clause,.
42,braindecode/EEGPT,non,22,fixes,à vérifier,à vérifier,à vérifier,"| `norm_layer` | torch.nn.Module, default=None | Normalization layer. If None, defaults to `nn.LayerNorm` with epsilon `layer_norm_eps`. | | | `layer_norm_eps` | float, default=1e-6 | Epsilon value for the normalization layer. |",à vérifier,non,Aucun fichier de poids réellement disponible n'a été détecté.,10.0,faible,https://huggingface.co/braindecode/EEGPT,bsd-3-clause,.
43,braindecode/EEGSimpleConv,non,22,fixes,à vérifier,à vérifier,à vérifier,| `resampling: int` | — | Resampling Frequency. |,à vérifier,non,Aucun fichier de poids réellement disponible n'a été détecté.,10.0,faible,https://huggingface.co/braindecode/EEGSimpleConv,bsd-3-clause,.
44,braindecode/EEGSym,non,22,fixes,à vérifier,à vérifier,à vérifier,"| `filters_per_branch` | int, optional | Number of filters in each inception branch. Should be a multiple of 8. Default is 12 [eegsym2022]. |",à vérifier,non,Aucun fichier de poids réellement disponible n'a été détecté.,10.0,faible,https://huggingface.co/braindecode/EEGSym,bsd-3-clause,.
45,braindecode/EEGTCNet,non,22,fixes,à vérifier,à vérifier,à vérifier,"| `filter_1` | int, optional | Number of temporal filters in the first convolutional layer. Default is 8. | | | `filters` | int, optional | Number of filters in the TCN convolutional layers. Default is 12. |",à vérifier,non,Aucun fichier de poids réellement disponible n'a été détecté.,10.0,faible,https://huggingface.co/braindecode/EEGTCNet,bsd-3-clause,.
104,braindecode/Labram,non,22,fixes,à vérifier,à vérifier,à vérifier,"| `qk_norm` | Pytorch Normalize layer (default=nn.LayerNorm) | If not None, apply LayerNorm to the query and key tensors. Default is nn.LayerNorm for better weight transfer from original LaBraM. Set to None to disable Q,K normalization. | | | `norm_layer` | Pytorch Normalize layer (default=nn.LayerNorm) | The normalization layer to be used. |",à vérifier,non,Aucun fichier de poids réellement disponible n'a été détecté.,10.0,faible,https://huggingface.co/braindecode/Labram,bsd-3-clause,.
108,braindecode/CBraMod,non,22,fixes,à vérifier,à vérifier,à vérifier,à vérifier,à vérifier,non,Aucun fichier de poids réellement disponible n'a été détecté.,5.5,faible,https://huggingface.co/braindecode/CBraMod,bsd-3-clause,.
35,braindecode/EEGITNet,non,22,fixes,à vérifier,à vérifier,à vérifier,à vérifier,à vérifier,non,Aucun fichier de poids réellement disponible n'a été détecté.,5.5,faible,https://huggingface.co/braindecode/EEGITNet,bsd-3-clause,.
41,braindecode/EEGNetv4,non,22,fixes,à vérifier,à vérifier,à vérifier,à vérifier,à vérifier,non,Aucun fichier de poids réellement disponible n'a été détecté.,5.5,faible,https://huggingface.co/braindecode/EEGNetv4,bsd-3-clause,.
95,preetham/labra_model1,non,à vérifier,inconnu,à vérifier,à vérifier,à vérifier,à vérifier,à vérifier,non,Aucun fichier de poids réellement disponible n'a été détecté.,0.0,faible,https://huggingface.co/preetham/labra_model1,,.
